Funds,Fund Manager,Category,RupeeVestRating,AUM(in Rs. cr),ExpenseRatio (%),Fund Type,Inception Date,Benchmark Index,NAV,52 WeekHigh (NAV),52 WeekLow (NAV),Return (%)1 mo,Return (%)3 mo,Return (%)6 mo,Return (%)1 yr,Return (%)2 yrs,Return (%)3 yrs,Return (%)5 yrs,Return (%)10 yrs,Turnover Ratio (%),No. ofStocks,Avg. Market Cap(in Rs. cr),Large Cap(%),Mid Cap(%),Small Cap(%),Highest Sector,Avg. Maturity(in yrs),Mod. Duration(in yrs),Yield To Maturity (%),Alpha,Sharpe,Sortino,Beta,Standard Deviation,classification,Exit_load_Remarks
360 ONE Balanced Hybrid Fund-Reg(G),Mayur Patel,HY-EQ,1,860.1,1.94,Open Ended,25-Sep-23,NIFTY 50 Hybrid Composite Debt 50:50 Index,12.45,12.57,10.62,0.09,-1.45,1.83,16.18,15.27,20.78,4.69,6.16,53,53,104021,22.23,6.91,13.13,Financials,2.93,5.49,7.39,8.27,1.58,2.28,1.2,7.5,Hybrid : Equity Oriented,Nil upto 10% of units and 1% for remaining units on or before 12M Nil after 12M
360 ONE Dynamic Bond Fund-Reg(G),Milan Mody,DT-DYN,2,737.5,0.52,Open Ended,24-Jun-13,CRISIL Dynamic Bond Index,21.5,21.5,19.61,0.56,1.18,4.7,9.62,8.13,6.6,6.7,6.82,0,1,104992,87,7.64,10.08,FMCG,6.85,8.69,7.35,3.5,3.72,6.7,0.64,1.45,Debt : Dynamic Bond,Nil
360 ONE ELSS Tax Saver Nifty 50 Index Fund-Reg(G),Parijat Garg,EQ-ELSS,1,75.8,0.52,Open Ended,28-Dec-22,NIFTY 50 - TRI,13.45,14.56,11.74,-1.64,-7.88,-1.39,9.91,15.78,25.81,13.93,16.41,3,50,555860,97.98,1.24,17.76,Financials,0.67,2.5,6.99,1.51,0.47,0.71,0.99,13.9,Equity : Tax Saving (ELSS),Nil
360 ONE Flexicap Fund-Reg(G),Mayur Patel,EQ-FLEX,5,1254.2,2.08,Open Ended,30-Jun-23,BSE 500 - TRI,15.33,16.1,11.82,-0.61,-5.71,0.43,27.02,34.46,14.13,27.87,5.99,27,53,96024,48.74,17.75,28.15,Financials,4.57,4.03,7.23,16.98,1.4,2.02,0.92,15.45,Equity : Flexi Cap,1% on or before 365D Nil after 365D
360 ONE Focused Equity Fund-Reg(G),Mayur Patel,EQ-MLC,4,7305,1.78,Open Ended,30-Oct-14,BSE 500 - TRI,46.19,50.23,39,-2.79,-8.69,-4.21,14.9,22.71,14.5,20.21,15.71,43,31,179687,67.69,10.53,17.9,Financials,0.45,5.76,7.46,6.25,0.71,1,1.02,16.03,Equity : Multi Cap,1% on or before 12M
360 ONE Liquid Fund-Reg(G),Milan Mody,DT-LIQ,1,772.9,0.25,Open Ended,13-Nov-13,CRISIL Liquid Debt Index,1945.6,1945.6,1815.46,0.58,1.71,3.47,7.19,7.04,6.27,5.03,5.9,0,71,209477,72.06,22.8,34.83,Financials,0.14,0.42,6.99,1.61,10.39,12.82,1.31,0.16,Debt : Liquid,0.007% for Day 1 0.0065% on Day 2 0.0060% on Day 3 0.0055% on Day 4 0.0050% on Day 5 0.0045% on Day 6 NIL on or after 7D
360 ONE Quant Fund-Reg(G),Parijat Garg,EQ-THEM,4,604.7,1.83,Open Ended,29-Nov-21,BSE 200 - TRI,18.69,20.71,15,-1.03,-9.99,-2.28,21.82,33.9,22.83,22,17.42,94,35,123986,60.76,37.72,23.23,Financials,4.36,1.36,7.02,12.78,0.96,1.37,1.1,19.17,Equity : Thematic,1% on or before 12M Nil after 12M
Aditya Birla SL Active Debt Multi-Mgr FoF(G),Kaustubh Gupta,FOF-DOM,1,10.3,0.54,Open Ended,28-Dec-06,CRISIL Composite Bond Index,35.85,35.94,33.24,0.43,1.13,3.91,7.84,7.32,5.87,6.21,6.77,0,53,56977,2.05,1.93,12.47,Healthcare,9.35,2.89,6.92,2.6,2.17,3.78,0.4,1.74,FoFs : Domestic,0.25% on or before 15D Nil after 15D
Aditya Birla SL Arbitrage Fund(G),Lovelish Solanki,HY-ARB,3,13843.7,1.01,Open Ended,24-Jul-09,Nifty 50 Arbitrage - TRI,25.69,25.69,23.92,0.66,1.83,3.45,7.45,7.32,6.24,5.31,5.84,1402,191,205260,51.67,15.08,3.69,Financials,1.02,0.66,7.5,3.53,3.35,7.38,-0.08,0.99,Hybrid : Arbitrage,0.25% on or before 15D Nil after 15D
Aditya Birla SL Asset Allocator FoF(G),Vinod Narayan Bhat,FOF-DOM,3,187.4,1.25,Open Ended,17-Aug-06,CRISIL Hybrid 50+50 - Moderate Index,63.05,65.76,53.88,0.06,-3.86,1.62,16.57,19.86,13.36,16.02,11.93,0,64,63834,17.97,17.7,83.3,Financials,0.14,5.54,7.94,7.41,1.1,1.54,1.81,11.67,FoFs : Domestic,1% on or before 365D Nil after 365D
Aditya Birla SL Bal Bhavishya Yojna-Reg(G),Chanchal Khandelwal,HY-SOL,2,1087.2,2.15,Open Ended,11-Feb-19,NIFTY 500 - TRI,19.68,20.94,16.55,-0.1,-6.77,-0.05,14.7,19.26,12.6,12.69,8.69,58,63,121321,55.89,11.69,30.7,Financials,2.91,0.54,7.42,4.89,0.72,1.01,2.23,15.85,Hybrid : Solution Oriented,Nil
Aditya Birla SL Balanced Advantage Fund(G),Harish krishnan,HY-DYN,4,7400.2,1.8,Open Ended,25-Apr-00,CRISIL Hybrid 50+50 - Moderate Index,100.81,104.73,87.71,-0.53,-4.05,1.68,13.1,15.08,11.42,12.44,10.5,278,98,211944,51.92,11.13,3.84,Financials,3.73,2.87,7.41,5.17,1.12,1.66,1.23,7.84,Hybrid : Dynamic Asset Allocation,0.25% on or before 7D Nil after 7D
Aditya Birla SL Banking & Financial Services Fund-Reg(G),Dhaval Gala,EQ-FIN,4,3269.7,1.99,Open Ended,14-Dec-13,Nifty Financial Services - TRI,56.09,60.25,48.89,-1.97,-6.47,-2.88,9.31,15.98,14.66,12.03,12.76,20,34,226190,65.94,11.52,19.26,Financials,3.5,2.52,7.26,1.23,0.39,0.56,1.03,16.42,Equity : Sectoral - Financial Services,1% on or before 30D Nil after 30D
Aditya Birla SL Banking & PSU Debt(G),Kaustubh Gupta,DT-B&PSU,4,9482.9,0.73,Open Ended,05-May-08,NIFTY Banking and PSU Debt Index,350.92,350.92,325.39,0.55,1.45,3.97,7.84,7.33,6.1,6.51,7.54,0,50,153449,62.57,1.24,33.04,Financials,4.46,3.3,7.41,2.65,5.12,9.72,0.37,0.73,Debt : Banking & PSU,Nil
Aditya Birla SL BSE India Infrastructure Index Fund-Reg(G),Priya Sridhar,EQ-INFRA,2,119.2,0.3,Open Ended,04-Dec-24,BSE India Infrastructure Index - TRI,9.59,10.19,9.35,2.05,1.4,7.86,41.26,7.2,19.94,5.22,15.98,38.17,20,174083,83.83,1.84,15.92,Financials,0.01,3.66,7.35,16.86,1.36,0.33,0.92,0.57,Equity : Sectoral - Infrastructure,0.05% on or before 30D Nil after 30D
Aditya Birla SL BSE Sensex ETF,Priya Sridhar,EQ-ETF,2,331.9,0.08,Open Ended,18-Jul-16,BSE SENSEX - TRI,79.07,84.76,68.87,-1.64,-6.69,-0.82,9.8,15.66,12.43,15.19,6.93,0,30,684548,99.14,0.72,11.43,Financials,0.01,0.41,6.64,1.39,0.46,0.71,1,13.89,Equity : ETFs,Nil
Aditya Birla SL Business Cycle Fund-Reg(G),Harish krishnan,EQ-THEM,5,1823.2,2.1,Open Ended,03-Dec-21,BSE 500 - TRI,14.97,15.99,12.45,0.2,-5.91,1.56,19.19,19.15,14.25,4.82,6.32,0,70,132232,55.93,17.75,23.6,Financials,3.69,0.56,11.86,10.21,1.07,1.6,0.92,13.92,Equity : Thematic,1% on or before 30D Nil after 30D
Aditya Birla SL Conglomerate Fund-Reg(G),Harish krishnan,EQ-THEM,5,119.2,0.45,Open Ended,27-Dec-24,BSE Select Business Groups Index - TRI,10.05,10.05,10,-2.03,-1.67,10.01,7.94,27.4,17.79,6.7,18.12,99,23,225318,6.05,18.37,46.03,Financials,0.56,0.44,6.79,0.18,1.46,2.47,1.05,23.12,Equity : Thematic,0.50% on or before 90D Nil after 90D
Aditya Birla SL Corp Bond Fund(G),Kaustubh Gupta,DT-CORP,5,24978.5,0.52,Open Ended,03-Mar-97,NIFTY Corporate Bond Index,108.03,108.04,99.52,0.53,1.5,4.27,8.53,7.86,6.6,7.09,7.77,0,29,555827,58.67,5.69,24.28,Capital Goods,5.37,3.74,7.51,2.97,4.9,9.41,0.47,0.89,Debt : Corporate Bond,Nil
Aditya Birla SL Credit Risk Fund-Reg(G),Sunaina da Cunha,DT-CR,3,917.8,1.54,Open Ended,22-Apr-15,CRISIL Credit Risk Debt Index,20.57,20.57,18.35,0.47,4.19,7.18,11.98,9.43,8.65,8.32,5.44,0,1,290187,98.67,13.21,3.17,Financials,3.03,2.14,8.28,6.48,2.63,15.65,0.4,2.91,Debt : Credit Risk,Nil upto 15% of units For remaining units 3% on or before 1Y 2% after 1Y but on or before 2Y 1% after 2Y but on or before 3Y Nil after 3Y
Aditya Birla SL CRISIL 10 Year Gilt ETF,Bhupesh Bameta,DT-ETF,2,17.8,0.1,Open Ended,13-Aug-24,Crisil 10 Yr Gilt Index,102.98,103.22,100,0.32,1.05,-3.14,8.88,37.4,6.26,15.13,11.12,0,47,58051,88.22,8.01,13.62,Healthcare,9.03,6.49,6.89,0.81,0.66,0.71,0.91,2.05,Debt : ETFs,Nil upto 30% of units and 1% for remaining units on or before 1Y Nil after 1Y
Aditya Birla SL CRISIL Broad Based Gilt ETF,Kaustubh Gupta,DT-ETF,5,43.6,0.19,Open Ended,05-Jul-24,CRISIL Broad Based Gilt Index,104.32,104.44,100,0.39,0.77,4.19,6.81,36.25,16.19,5.94,6.76,0,63,433477,34.92,7.86,18.33,Financials,12.06,6.91,6.94,11.29,1.4,2.25,0.07,15.98,Debt : ETFs,1% on or before 90D Nil after 90D
Aditya Birla SL CRISIL IBX 50:50 Gilt Plus SDL Apr 2028 Index Fund-Reg(G),Mohit Sharma,DT-M&LD,5,397.8,0.35,Open Ended,13-Oct-22,CRISIL IBX 50:50 Gilt Plus SDL Index - April 2028,11.89,11.89,10.99,0.5,1.4,4.08,8.09,7.9,17.93,11.91,9.92,0,69,224481,42.8,10.37,44.13,Financials,3.22,2.79,6.96,2.72,4.47,9.85,0.4,0.87,Debt : Medium to Long Duration,Nil
Aditya Birla SL CRISIL IBX 60:40 SDL + AAA PSU - Apr 2025 Index Fund-Reg(G),Mohit Sharma,DT-MD,3,168.1,0.35,Open Ended,30-Mar-22,CRISIL IBX 60:40 SDL + AAA PSU Index - April 2025,11.63,11.63,10.84,0.57,1.63,3.48,7.29,7.1,6.87,5.7,5.97,0,30,555827,34.96,14.14,91.85,Financials,0.32,0.29,7.03,3.05,9.83,19.98,0.05,0.33,Debt : Medium Duration,Nil
Aditya Birla SL CRISIL IBX 60:40 SDL + AAA PSU - Apr 2027 Index Fund-Reg(G),Mohit Sharma,DT-M&LD,5,1685.1,0.4,Open Ended,29-Mar-22,CRISIL IBX 60:40 SDL + AAA PSU Index - April 2027,11.66,11.66,10.83,0.55,1.56,3.79,7.79,7.3,19.44,14.45,5.78,0,10,258819,87,9.77,84.84,Financials,2.03,1.8,7.2,2.97,6.56,14.95,0.23,0.55,Debt : Medium to Long Duration,Nil
Aditya Birla SL CRISIL IBX 60:40 SDL + AAA PSU Apr 2026 Index Fund-Reg(G),Bhupesh Bameta,DT-B&PSU,3,52.8,0.45,Open Ended,02-Dec-22,CRISIL IBX 60:40 SDL + AAA PSU Index - April 2026,11.51,11.51,10.72,0.56,1.6,3.63,7.41,7.11,6.24,18.84,9.85,0,47,371037,65.59,3.45,88.53,Automobile and Ancillaries,1.14,1.03,7.2,2.85,7,15.83,0.16,0.47,Debt : Banking & PSU,Nil
Aditya Birla SL CRISIL IBX Gilt - April 2026 Index Fund-Reg(G),Bhupesh Bameta,DT-MD,4,294.3,0.36,Open Ended,07-Oct-22,CRISIL IBX Gilt Index - April 2026,11.72,11.72,10.94,0.56,1.49,3.59,7.22,7.13,6.21,4.71,5.89,0,20,23198,42.16,4.26,65.41,Financials,1.3,1.21,6.82,2.57,5.79,13.38,0.19,0.54,Debt : Medium Duration,Nil
Aditya Birla SL CRISIL IBX Gilt Apr 2028 Index Fund-Reg(G),Bhupesh Bameta,DT-M&LD,1,29.2,0.79,Open Ended,15-Mar-23,CRISIL IBX Gilt Index - April 2028,11.34,11.34,10.56,0.53,1.28,3.73,7.38,18.22,22.78,6.51,16.35,0,87,437464,15.48,72.78,29.49,FMCG,2.96,2.56,6.85,2.02,3.68,7.79,0.41,0.88,Debt : Medium to Long Duration,Nil
Aditya Birla SL CRISIL IBX Gilt Apr 2029 Index Fund-Reg(G),Harshil Suvarnkar,DT-GILT,2,695.2,0.37,Open Ended,19-Oct-22,CRISIL IBX Gilt Index - April 2029,11.95,11.96,11.03,0.43,1.27,4.3,8.37,8.17,23.24,14.89,15.57,0,66,27071,100.05,28.46,24.97,Financials,4.34,3.68,6.82,2.39,3.28,5.97,0.61,1.28,Debt : Gilt,Nil
Aditya Birla SL CRISIL IBX Gilt April 2033 Index Fund-Reg(G),Bhupesh Bameta,DT-LD,1,87.2,0.47,Open Ended,22-Dec-23,CRISIL IBX Gilt Index - April 2033,10.94,10.94,10,0.45,0.99,4.69,9.22,31.18,12.5,18.37,9.68,0,97,171906,46.94,8.66,33.78,Financials,7.66,5.65,6.92,1.94,2.71,4.96,0.99,1.8,Debt : Long Duration,Nil
Aditya Birla SL CRISIL IBX Gilt June 2027 Index Fund-Reg(G),Bhupesh Bameta,DT-GILT,5,13,0.5,Open Ended,05-Jun-24,CRISIL IBX Gilt Index - June 2027,10.45,10.45,10,0.5,1.42,3.8,7.7,7.49,6.56,24.88,7.56,0,27,193143,53.77,27.23,22.7,Financials,2.4,2.09,6.79,13.28,8.97,0.66,0.61,0.84,Debt : Gilt,Nil
Aditya Birla SL CRISIL IBX SDL Jun 2032 Index Fund-Reg(G),Bhupesh Bameta,DT-LD,2,160,0.57,Open Ended,14-Feb-23,CRISIL IBX SDL Index - June 2032,11.72,11.72,10.61,0.65,1.46,4.6,9.8,0.53,4.87,4.88,11.54,0,30,429419,35.88,13.76,21.43,Healthcare,7.12,5.35,7.19,3.12,3.04,6.2,0.76,1.77,Debt : Long Duration,Nil
Aditya Birla SL CRISIL Liquid Overnight ETF,Sanjay Pawar,DT-ON,3,61.9,0.43,Open Ended,13-Mar-23,CRISIL Liquid Overnight Index,1000,1000.55,1000,0.51,1.51,3.02,6.29,13.35,5.63,5.11,6.41,114,37,50745,6.94,30.97,10.74,Capital Goods,3.23,4.73,7.4,0.93,6.72,8.75,0.9,0.14,Debt : Overnight,Nil
Aditya Birla SL CRISIL-IBX AAA Financial Services Index-Sep 2027 Fund-Reg(G),Harshil Suvarnkar,DT-M&LD,5,100.9,1.58,Open Ended,13-Nov-24,CRISIL IBX AAA Financial Services Index - Sep 2027,10.08,10.09,10,0.6,-5.77,-2,8.26,8.91,12.41,15.59,6.35,0,27,555860,84.1,30.97,5.38,Capital Goods,2.39,2.03,7.66,15.27,1.34,1.54,0.99,16.03,Debt : Medium to Long Duration,NIL
Aditya Birla SL CRISIL-IBX AAA NBFC-HFC Index-Dec 2025 Fund-Reg(G),Sanjay Godambe,DT-SD,5,372.4,1.72,Open Ended,15-Oct-24,CRISIL-IBX AAA NBFC-HFC Index - Dec 2025,10.15,10.15,10,0.63,-6.84,3.57,8.04,-5.93,16.34,22.2,14.17,0,59,142998,46.89,21.56,65.41,Financials,0.94,0.87,7.84,11.49,3.68,1.7,0.98,18.76,Debt : Short Duration,NIL
Aditya Birla SL CRISIL-IBX AAA NBFC-HFC Index-Sep 2026 Fund-Reg(G),Harshil Suvarnkar,DT-SD,4,274.9,1.75,Open Ended,08-Oct-24,CRISIL-IBX AAA NBFC-HFC Index - Sep 2026,10.17,10.17,10,0.66,3.13,4.08,7.91,19.81,16.16,5.66,11.9,0,50,538968,62.81,18.55,31.01,Financials,1.62,1.43,7.86,3.1,2.01,1.64,0.88,0.83,Debt : Short Duration,Nil
Aditya Birla SL CRISIL-IBX Financial Services 3 to 6 Months Debt Index Fund-Reg(G),Harshil Suvarnkar,DT-USD,3,1118.5,0.87,Open Ended,17-Dec-24,CRISIL-IBX Financial Services 3 to 6 Months Debt Index,10.04,10.04,10,0.52,1.27,-2.15,6.62,15.72,12.6,18.87,10.98,7.46,15,214495,35.07,18.55,3.31,Financials,3.07,2.14,6.6,12.4,0.57,9.67,0.98,14.64,Debt : Ultra Short Duration,Nil
Aditya Birla SL Digital India Fund(G),Kunal Sangoi,EQ-TECH,3,5332.7,1.87,Open Ended,15-Jan-00,BSE TECk Index - TRI,186.86,197.62,146,0.03,-0.05,12.91,18.32,26.67,7.98,27.7,18.88,31,33,191813,64.97,7.44,20.23,Technology,0.42,3.2,7.46,10.68,0.9,1.69,0.73,16.04,Equity : Sectoral - Technology,1% on or before 30D Nil after 30D
Aditya Birla SL Dividend Yield Fund(G),Dhaval Gala,EQ-DIV,4,1536.5,2.21,Open Ended,10-Feb-03,NIFTY 500 - TRI,452.51,497.49,379.09,-1.52,-8.76,0.55,18.18,28.94,20.52,22.45,12.14,33,67,114357,55.76,10.69,24.65,Technology,2.42,3.67,7.09,9.83,0.88,1.27,0.98,16.7,Equity : Thematic - Dividend Yield,1% on or before 90D Nil after 90D
Aditya Birla SL Dynamic Bond Fund-Reg(G),Mohit Sharma,DT-DYN,1,1716.9,1.23,Open Ended,27-Sep-04,NIFTY Composite Debt Index,44.23,44.27,40.6,0.45,0.6,4.27,8.8,7.76,7.16,7.19,6.4,0,41,437035,98.33,13.57,4.29,Healthcare,15.02,8.15,7.24,1.18,2.14,3.62,1.13,2.11,Debt : Dynamic Bond,Nil upto 15% of units0.50% in excess of limit on or before 90D and Nil after 90D
Aditya Birla SL ELSS Tax Saver Fund(G),Dhaval Shah,EQ-ELSS,1,15745.8,1.68,Open Ended,10-Mar-08,NIFTY 500 - TRI,57.89,62.96,48.77,-1.67,-8.66,-2.08,16.11,18.22,11.41,12.22,11.03,28,67,190619,64.01,17.53,15.24,Financials,2.38,3.82,7.05,7.71,0.89,1.3,0.92,13.83,Equity : Tax Saving (ELSS),Nil
Aditya Birla SL Equity Advantage Fund(G),Vishal Gajwani,EQ-L&M,4,5869.5,1.9,Open Ended,24-Feb-95,NIFTY LargeMidcap 250 - TRI,901.21,960.8,746.94,0.23,-6.92,-0.62,16.09,22.12,9.17,16.01,12.3,47,77,103434,45.23,36.14,17.16,Financials,6.59,11.61,7.05,7.51,0.79,1.12,0.97,15.67,Equity : Large & Mid Cap,1% on or before 90D Nil after 90D
Aditya Birla SL Equity Hybrid 95 Fund(G),Chanchal Khandelwal,HY-EQ,4,7684.2,1.85,Open Ended,10-Feb-95,CRISIL Hybrid 35+65 - Aggressive Index,1486.91,1557.86,1261.26,-0.72,-4.98,0.65,15.6,18.88,11.68,13.88,10.37,69,80,216645,55.66,9.09,11.79,Financials,5.45,3.63,7.43,5.95,1.06,1.59,1.79,10.52,Hybrid : Equity Oriented,1% on or before 90D Nil after 90D
Aditya Birla SL Equity Savings Fund-Reg(G),Lovelish Solanki,HY-EQ,2,624.3,1.12,Open Ended,28-Nov-14,NIFTY 50 Equity Savings Index - TRI,21.07,21.07,19.38,0.38,-0.1,2.84,8.31,9.93,6.26,8.42,7.57,692,121,258243,48.73,16.8,3.32,Financials,3.53,2.78,6.92,2.7,1.5,2.45,0.46,2.68,Hybrid : Equity Oriented,0.25% on or before 7D Nil after 7D
Aditya Birla SL ESG Integration Strategy Fund-Reg(G),Chanchal Khandelwal,EQ-THEM,5,686.8,2.41,Open Ended,24-Dec-20,NIFTY100 ESG - TRI,18.1,18.95,14.38,-0.11,-5.57,5.7,22.15,23.04,9.46,10.09,9.81,0,49,188095,67.07,21.51,9.87,Financials,2.3,3.07,7.25,12.78,1.29,2.12,0.85,13.25,Equity : Thematic,1% on or before 30D Nil after 30D
Aditya Birla SL Financial Planning FOF Aggressive Plan(G),Vinod Narayan Bhat,FOF-DOM,3,216,1.19,Open Ended,09-May-11,CRISIL Hybrid 35+65 - Aggressive Index,51.1,54.15,43.41,-0.26,-5.27,1.11,16.89,20.7,14.75,16.85,12.37,62.81,27,47253,73.82,12.44,15.13,Financials,2.36,2.2,7.18,7.79,1.09,1.58,1.79,11.99,FoFs : Domestic,1% on or before 365D Nil after 365D
Aditya Birla SL Financial Planning FOF Conservative Plan(G),Vinod Narayan Bhat,FOF-DOM,1,19.1,1.06,Open Ended,09-May-11,CRISIL Short Term Debt Hybrid 75+25 Index,32.42,33.22,28.97,0.19,-2.21,2.39,11.72,13.8,10.51,11.22,8.85,0,58,205694,47.17,14.41,23.29,Financials,4.88,4.13,7.11,4.69,1.27,1.85,1.03,6.08,FoFs : Domestic,1% on or before 1Y Nil after 1Y
Aditya Birla SL Financial Planning FOF Moderate Plan(G),Vinod Narayan Bhat,FOF-DOM,3,36.3,1.18,Open Ended,09-May-11,CRISIL Hybrid 50+50 - Moderate Index,40.08,41.8,34.91,-0.1,-3.85,1.72,14.29,17.23,12.6,14.02,10.51,39,30,217961,57.5,38.6,8.97,Financials,0.36,0.79,7.25,6.15,1.15,1.66,1.43,9.08,FoFs : Domestic,1% on or before 365D Nil after 365D
Aditya Birla SL Flexi Cap Fund(G),Harish krishnan,EQ-FLEX,3,22440.2,1.68,Open Ended,27-Aug-98,NIFTY 500 - TRI,1734.39,1853.62,1425.06,-0.79,-7.15,1.95,18.66,22.91,14.53,17.63,13.92,44,81,188311,69.01,16.84,12.37,Financials,6.27,1.36,7.49,9.83,1.05,1.59,0.92,13.73,Equity : Flexi Cap,1% on or before 90D Nil after 90D
Aditya Birla SL Floating Rate Fund(G),Kaustubh Gupta,DT-FL,3,13287.1,0.44,Open Ended,25-Mar-09,NIFTY Low Duration Debt Index,333.94,333.94,309.53,0.62,1.85,3.85,7.9,7.68,6.72,6.46,7.37,0,10,223121,51.1,20.3,30.7,Financials,1.89,1.02,7.64,3.6,10.34,19.98,0.07,0.37,Debt : Floater,Nil
Aditya Birla SL Focused Fund(G),Kunal Sangoi,EQ-LC,3,7706.3,1.82,Open Ended,24-Oct-05,NIFTY 500 - TRI,138.24,148.29,112.95,-1.05,-7.02,1.6,19.31,21.7,14.34,16.83,12.38,27,29,327990,78.14,11.98,2.11,Financials,9.1,2.8,8.24,9.9,1.08,1.66,0.94,13.58,Equity : Large Cap,1% on or before 90D Nil after 90D
Aditya Birla SL Frontline Equity Fund(G),Mahesh Patil,EQ-LC,4,29323.3,1.65,Open Ended,30-Aug-02,NIFTY 100 - TRI,511.08,550.82,427.33,-1.27,-7.69,-0.12,16,20.12,14.5,16.79,12.3,40,79,308142,83.74,4.63,8.17,Financials,7.04,3.35,7.26,7.13,0.87,1.31,0.95,13.68,Equity : Large Cap,1% on or before 90D Nil after 90D
Aditya Birla SL FTP-TI-1837D-Reg(G),Mohit Sharma,DT-FMP,2,304.9,0.8,Closed Ended,29-Jun-21,CRISIL Medium to Long Term Debt Index,12.25,12.25,11.34,0.57,1.59,3.89,8.02,7.57,5.83,15.52,13.53,103,10,76882,44.3,63.41,19.07,Technology,4.88,0.35,7.12,3.4,6.07,14.84,0.16,0.64,Debt : FTP/FMP,0.50% on or before 30D Nil after 30D
Aditya Birla SL FTP-TJ-1838D-Reg(G),Mohit Sharma,DT-FMP,4,25.1,2.24,Closed Ended,16-Jul-21,CRISIL Medium to Long Term Debt Index,12.24,12.24,11.33,0.55,1.56,3.85,8.08,7.6,5.88,30.16,6.34,110,60,64420,88.91,0.71,34.65,Metals,10.81,2.76,7.09,3.4,6.1,14.1,0.18,0.64,Debt : FTP/FMP,Nil upto 25% of units and 1% for remaining units on or before 365D Nil after 365D
Aditya Birla SL FTP-TQ-1879D-Reg(G),Mohit Sharma,DT-FMP,2,211.8,0.06,Closed Ended,24-Mar-22,CRISIL Medium to Long Term Debt Index,11.82,11.83,10.95,0.5,1.51,3.99,8.06,7.78,18.32,5.32,9.85,0,40,158817,89.59,3.21,3.32,Financials,0.02,3.59,6.92,3.02,5.66,13.27,0.29,0.69,Debt : FTP/FMP,1% on or before 1Y Nil after 1Y
Aditya Birla SL FTP-UB-1224D-Reg(G),Mohit Sharma,DT-FMP,3,24.5,0.5,Closed Ended,16-Dec-22,CRISIL Medium Duration Debt Index,11.54,11.54,10.74,0.59,1.55,3.73,7.48,7.37,13.56,5.13,15.94,47,33,277644,88.22,7.52,5.72,Financials,0.11,3.1,6.88,2.8,5.97,13.55,0.2,0.57,Debt : FTP/FMP,0.25% on or before 30D Nil after 30D
Aditya Birla SL FTP-UJ-1110D-Reg(G),Mohit Sharma,DT-FMP,2,73.3,1.4,Closed Ended,27-Mar-23,CRISIL Medium Duration Debt Index,11.36,11.36,10.57,0.57,1.53,3.76,7.46,8.3,14.52,5.53,8.03,22,31,346177,69.94,72.09,9.27,Financials,3.59,2.16,7.09,2.87,5.9,12.9,0.17,0.57,Debt : FTP/FMP,0.25% on or before 30D
Aditya Birla SL G-Sec Fund(G),Bhupesh Bameta,DT-GILT,3,2045,1.14,Open Ended,11-Oct-99,Nifty All Duration G-Sec Index,78.26,78.55,71.6,0.22,0.03,3.63,9.03,7.96,5.85,6.51,7.73,0,34,191762,99.28,6.75,3.86,Healthcare,20.87,9.38,7.04,0.66,1.84,3.21,1.36,2.55,Debt : Gilt,Nil
Aditya Birla SL Global Emerging Opp Fund(G),Dhaval Joshi,FOF-OVR,2,248.2,1.16,Open Ended,17-Sep-08,S&P Global 1200,25.21,26.2,20.57,-1.08,2.34,3.6,19.6,-2.14,4.68,12.29,7.51,0.2,1,429791,86.91,1.82,17.72,Financials,3.18,2.14,6.94,15.2,1.1,1.78,0.5,15.01,FoFs : Overseas,0.25% on or before 28D Nil after 28D
Aditya Birla SL Global Excellence Equity FoF(G),Dhaval Joshi,FOF-OVR,4,201.4,1.28,Open Ended,31-Dec-07,MSCI World,32.11,33.15,26.33,-0.93,-0.19,1.7,19.66,2.85,7.99,8.76,6.39,0.06,1,284558,99.33,9.64,26.44,FMCG,0.39,0.01,6.62,15.3,1.1,1.8,0.48,14.91,FoFs : Overseas,0.25% on or before 28D Nil after 28D
Aditya Birla SL Gold ETF,Sachin Wankhede,GOLD-ETF,1,946.5,0.54,Open Ended,13-May-11,Gold-India,68.35,70.72,55.06,-0.17,1.3,6.3,19.85,16.77,15.79,13.5,9.93,7,121,143042,22.23,57.6,50.98,Financials,3.01,1.83,6.82,15.12,1.22,1.85,0.09,12.62,Gold : ETFs,Nil
Aditya Birla SL Gold Fund(G),Priya Sridhar,GOLD-MF,2,434.7,0.52,Open Ended,20-Mar-12,Gold-India,22.47,23.53,18.36,-0.66,0.74,6.25,18.87,16.41,15.05,12.71,9.36,56,47,555827,70.26,10.2,3.26,Healthcare,5.22,2.48,7.37,13.78,1.03,1.71,0.23,14.05,Gold : MFs,1% on or before 15D Nil after 15D
Aditya Birla SL Income Fund(G),Bhupesh Bameta,DT-M&LD,5,2185.1,1.16,Open Ended,21-Oct-95,CRISIL Medium to Long Term Debt Index,120.55,120.72,110.98,0.46,0.75,3.96,8.39,7.45,5.72,6.69,6.97,0,59,418112,32.67,8.39,91.98,Automobile and Ancillaries,15.12,6.65,7.34,1.23,2.3,4.06,0.97,1.8,Debt : Medium to Long Duration,Nil
Aditya Birla SL India GenNext Fund(G),Chanchal Khandelwal,EQ-CONS,3,5891.5,1.85,Open Ended,05-Aug-05,Nifty India Consumption - TRI,215.03,236.16,174.57,-0.4,-9.18,2.08,17.92,22.44,16.41,18.44,15.32,18,80,144198,66.78,15.93,16.68,FMCG,2.63,3.64,7.02,9.85,1.14,1.91,0.72,11.88,Equity : Thematic - Consumption,1% on or before 30D Nil after 30D
Aditya Birla SL Infrastructure Fund(G),Mahesh Patil,EQ-INFRA,4,1187.6,2.25,Open Ended,17-Mar-06,Nifty Infrastructure - TRI,95.37,102.31,76.25,-1.13,-7.17,-3.88,24.07,33.59,25.39,25.62,13.73,49,64,61544,39.59,19.43,36.52,Capital Goods,0.09,1.42,7.91,14.67,1.06,1.48,1.07,18.95,Equity : Sectoral - Infrastructure,1% on or before 30D Nil after 30D
Aditya Birla SL Intl. Equity Fund(G),Dhaval Joshi,EQ-INTL,4,187.7,2.54,Open Ended,31-Oct-07,S&P Global 1200,34.63,36.1,31.36,-2.59,-3.37,7.13,7.24,7.91,4.46,7.97,7.82,81,74,199219,80.44,13.65,5.1,Financials,3.16,4.21,7.68,2.92,0.37,0.61,0.12,9.45,Equity : International,1% on or before 30D Nil after 30D
Aditya Birla SL Inv Inc-QS I-Reg(G),Mohit Sharma,DT-FMP,3,28.3,2.02,Interval,30-Aug-07,CRISIL Liquid Debt Index,32.9,32.9,30.65,0.62,1.75,3.49,7.36,7.27,6.77,5.46,6.16,0,81,221165,74.71,4.05,18.47,Financials,0.11,3.76,6.66,3.25,11.11,23.54,0.01,0.3,Debt : FTP/FMP,Nil
Aditya Birla SL Liquid Fund(G),Kaustubh Gupta,DT-LIQ,3,39882.7,0.34,Open Ended,30-Mar-04,Nifty Liquid Fund Index,406.73,406.73,378.97,0.59,1.74,3.54,7.35,7.19,6.41,5.34,6.35,0,44,352192,44.82,35.25,8.91,Financials,0.12,0.12,7.18,0.76,9.85,5.44,1.91,0.08,Debt : Liquid,0.007% for Day 1 0.0065% on Day 2 0.0060% on Day 3 0.0055% on Day 4 0.0050% on Day 5 0.0045% on Day 6 NIL after 7D
Aditya Birla SL Long Duration Fund-Reg(G),Harshil Suvarnkar,DT-LD,2,154.9,1.09,Open Ended,08-Aug-22,NIFTY Long Duration Debt Index,12.26,12.31,11.06,0.4,0.23,4.27,10.57,8.78,20.59,15.88,6.43,0,102,555827,41.94,11.42,18.6,FMCG,28.36,10.8,7.2,1.79,2.33,4.19,1.44,2.6,Debt : Long Duration,Nil
Aditya Birla SL Low Duration Fund(G),Kaustubh Gupta,DT-LOWD,3,11710.6,1.23,Open Ended,14-May-98,NIFTY Low Duration Debt Index,632.5,632.5,590.76,0.58,1.67,3.46,7.09,6.9,6.03,5.84,6.74,0,51,86873,55.18,6.64,0.94,Financials,1.25,0.94,7.66,2.8,9.02,18.57,0.08,0.33,Debt : Low Duration,Nil
Aditya Birla SL Medium Term Plan-Reg(G),Sunaina da Cunha,DT-MD,2,2004,1.58,Open Ended,25-Mar-09,CRISIL Medium Duration Debt Index,37.2,37.2,33.62,0.51,3,5.99,10.5,8.66,13.79,11.26,8.38,0,1,14009,59.16,12.91,6.39,Financials,4.71,3.64,7.77,4.36,2.84,9.5,0.62,2.19,Debt : Medium Duration,Nil upto 15% of units For remaining units 2% on or before 1Y 1 % after 1Y but on or before 2Y Nil after 2Y
Aditya Birla SL Mfg. Equity Fund-Reg(G),Harish krishnan,EQ-CONS,4,1197.5,2.24,Open Ended,03-Feb-15,BSE India Manufacturing Index - TRI,32.93,35.02,25.61,-0.03,-6.94,2.26,25.74,29.54,18.48,20.44,6.35,32,67,65318,42.19,21.35,35.07,Automobile and Ancillaries,9.85,3.81,7.18,16.18,1.28,1.88,0.94,16.29,Equity : Thematic - Consumption,1% on or before 90D Nil after 90D
Aditya Birla SL Midcap Fund(G),Vishal Gajwani,EQ-MID,2,5930,1.87,Open Ended,03-Oct-02,Nifty Midcap 150 - TRI,783.11,842.23,609.63,-0.2,-8.34,1.24,21.79,31.3,17.91,22.8,14.35,31,83,45990,9.14,66.62,21.86,Financials,3.32,1.02,7.03,13.26,1.12,1.66,0.86,15.71,Equity : Mid Cap,1% on or before 90D Nil after 90D
Aditya Birla SL MNC Fund-Reg(G),Chanchal Khandelwal,EQ-MNC,4,3889.1,2,Open Ended,27-Dec-99,NIFTY MNC - TRI,1353.05,1477.27,1104.76,-1.34,-8.41,-2.81,17.23,20.27,11.28,11.44,10.34,15,65,43510,24.66,30.82,43.18,Automobile and Ancillaries,3.28,1.55,7.47,10.16,1.06,1.65,0.61,12.44,Equity : Thematic - MNC,1% on or before 90D Nil after 90D
Aditya Birla SL Money Manager Fund(G),Kaustubh Gupta,DT-MM,5,22772.2,0.35,Open Ended,13-Oct-05,CRISIL Money Market Index,356.04,356.04,330.55,0.64,1.79,3.7,7.73,7.58,6.67,6.09,6.92,0,63,37528,99.2,12.01,15.35,Technology,0.4,0.39,7.39,3.55,11.23,22.77,0.03,0.33,Debt : Money Market,Nil
Aditya Birla SL Multi Asset Allocation Fund-Reg(G),Dhaval Gala,HY-MULTI,4,3695.4,1.85,Open Ended,31-Jan-23,BSE 200,13.87,14.45,11.79,-0.08,-3.57,2.45,16.2,7.12,12.36,16.67,8.3,0,53,156269,38.99,12.33,13.12,Financials,1.56,1.39,7.35,7.08,1.26,1.86,1.53,9.2,Hybrid : Multi Asset Allocation,1% on or before 365D Nil after 365D
Aditya Birla SL Multi-Cap Fund-Reg(G),Abhinav Khandelwal,EQ-MLC,1,6297.6,1.83,Open Ended,07-May-21,Nifty500 Multicap 50:25:25 - TRI,19.77,20.72,15.69,-0.05,-5.61,1.83,22.54,25.92,16.71,20.11,12.3,43,74,89092,43.7,24.39,28.81,Financials,8.38,0.44,5.57,13.46,1.28,1.86,0.87,13.94,Equity : Multi Cap,1% on or before 90D Nil after 90D
Aditya Birla SL Multi-Index FoF-Reg(G),Vinod Narayan Bhat,FOF-DOM,2,17.9,0.63,Open Ended,17-Oct-22,NIFTY 500 - TRI,15.03,15.73,12.59,-0.24,-4.19,0.67,18.13,21.6,6.6,16.42,9.18,0,55,143043,22.87,75.04,23.74,Healthcare,3.21,0.78,7.08,9.05,1.16,1.67,1.67,12,FoFs : Domestic,0.50% on or before 15D Nil after 15D
Aditya Birla SL NASDAQ 100 FOF-Reg(G),Dhaval Joshi,FOF-OVR,3,406.5,0.62,Open Ended,01-Nov-21,Nasdaq-100 - TRI,14.83,15.22,11.12,3.07,10.14,10.71,29.08,41.36,13.56,7.59,11.33,52,54,51036,13.17,7.99,15.33,Financials,4,0.07,7.25,20.19,1.4,2.27,1.14,16.88,FoFs : Overseas,Nil
Aditya Birla SL Nifty 200 Momentum 30 ETF,Priya Sridhar,EQ-ETF,1,71.4,0.32,Open Ended,12-Aug-22,Nifty200 Momentum 30 - TRI,33.87,38.55,27.64,-4.02,-12.83,-7.5,20.64,31.63,6.14,5.47,5.86,16,30,199233,86.88,12.88,16.33,Automobile and Ancillaries,2.24,7.89,7.44,11.49,0.8,1.18,1.24,22.12,Equity : ETFs,1% on or before 90D Nil after 90D
Aditya Birla SL Nifty 200 Quality 30 ETF,Priya Sridhar,EQ-ETF,4,54.8,0.3,Open Ended,12-Aug-22,NIFTY200 Quality 30 - TRI,21.68,24,18.39,-2.1,-10.67,-0.02,14.05,23.52,10.2,15.62,7.48,147,30,211030,75.14,23.7,0.94,Technology,3.36,2.97,6.68,6.6,0.78,1.3,0.76,13.33,Equity : ETFs,1% on or before 1Y(365D) Nil after 1Y(365D)
Aditya Birla SL Nifty 50 Equal Weight Index Fund-Reg(G),Priya Sridhar,EQ-INDX,5,342.4,1.02,Open Ended,08-Jun-21,NIFTY50 Equal Weight - TRI,16.9,18.92,14.8,-1.61,-11.73,-3.13,9.78,20.38,15.71,19.83,6.02,45,50,290187,95.9,3.65,22.84,Financials,3.01,3.14,7.48,1.69,0.46,0.7,0.96,14.34,Equity : Index Funds,Nil
Aditya Birla SL Nifty 50 ETF,Priya Sridhar,EQ-ETF,2,2795.2,0.06,Open Ended,21-Jul-11,NIFTY 50 - TRI,27.79,30.07,24.15,-1.61,-7.82,-1.25,10.39,16.49,12.94,15.71,12.37,1,50,555831,98.61,1.24,23.18,Financials,3.54,3.66,7.58,1.94,0.5,0.76,0.99,13.96,Equity : ETFs,Nil
Aditya Birla SL Nifty 50 Index Fund-Reg(G),Priya Sridhar,EQ-INDX,3,975,0.47,Open Ended,18-Sep-02,NIFTY 50 - TRI,243.22,263.52,212.25,-1.65,-7.92,-1.46,9.9,15.9,12.3,15.04,11.42,12,50,555830,98.52,1.24,26.94,Financials,0.15,2.47,6.79,1.49,0.47,0.71,0.99,13.96,Equity : Index Funds,Nil
Aditya Birla SL Nifty Bank ETF,Priya Sridhar,EQ-ETF,3,2694.6,0.17,Open Ended,23-Oct-19,NIFTY BANK - TRI,52.39,55.23,45.23,-1.94,-3.56,-2.71,6.58,10.04,14.01,10.09,15,34,12,538944,86.41,13.57,3.39,Financials,9.55,3.01,7.75,-1.69,0.22,0.32,1.08,17.36,Equity : ETFs,1% on or before 1Y Nil after 1Y
Aditya Birla SL Nifty Healthcare ETF,Priya Sridhar,EQ-ETF,1,42,0.22,Open Ended,21-Oct-21,Nifty Healthcare Index - TRI,15.4,15.4,10.96,6.14,1.69,19.34,41.9,38.54,19.73,13.88,6.24,99,20,120198,54.9,39.52,5.38,Healthcare,20.19,2.79,7.11,30.49,2.29,4.26,0.46,14.33,Equity : ETFs,1% on or before 1Y Nil after 1Y
Aditya Birla SL Nifty India Defence Index Fund-Reg(G),Priya Sridhar,EQ-INDX,4,408.7,1.06,Open Ended,30-Aug-24,Nifty India Defence - TRI,9.39,10.17,8.57,-2.72,-1.66,4.14,14.51,34.04,14.78,4.41,20.74,0,16,77293,41.41,35.51,22.76,Capital Goods,1.3,3.2,6.95,-2.49,1.18,2.71,0.29,3.4,Equity : Index Funds,0.05% on or before 30D Nil after 30D
Aditya Birla SL Nifty IT ETF,Priya Sridhar,EQ-ETF,1,52.2,0.21,Open Ended,29-Oct-21,NIFTY IT - TRI,46.51,48.24,33.71,0.5,2.72,18.31,23.3,26.07,6.36,5.76,6.96,14,10,429391,83.72,16.14,3.88,Technology,14.87,0.2,12.34,15.88,1.01,1.83,0.75,19.5,Equity : ETFs,Nil for 10% of investment and 1% for remaining Investment on or before 12M Nil after 12M
Aditya Birla SL Nifty Midcap 150 Index Fund-Reg(G),Priya Sridhar,EQ-INDX,3,298.1,1.01,Open Ended,05-Apr-21,Nifty Midcap 150 - TRI,23.65,24.82,18.74,1.52,-5.21,0.81,23.62,33.63,22.67,5.28,6.38,22.28,151,58755,6.43,86.6,6.76,Financials,1.56,0.1,7.33,14.79,1.12,1.61,0.96,17.51,Equity : Index Funds,0.25% on or before 15D Nil after 15D
Aditya Birla SL Nifty Next 50 ETF,Priya Sridhar,EQ-ETF,5,63.2,0.17,Open Ended,18-Dec-18,NIFTY NEXT 50 - TRI,71.77,80.59,54.94,-3.31,-11.43,-5.09,28.75,28.61,18.61,20.04,11.3,27,50,143048,88.01,11.73,12.03,Financials,0.21,0.47,7.11,18.07,1.18,1.71,1.14,20.17,Equity : ETFs,Nil
Aditya Birla SL Nifty Next 50 Index Fund-Reg(G),Priya Sridhar,EQ-INDX,1,167.1,0.88,Open Ended,18-Feb-22,NIFTY NEXT 50 - TRI,16.72,18.87,12.97,-3.71,-11.9,-5.78,26.95,27.09,19.14,5.36,6.01,0,50,143043,88.49,11.79,5.18,Financials,0.42,3.21,7.04,16.63,1.11,1.61,1.14,20.15,Equity : Index Funds,Nil
Aditya Birla SL Nifty PSE ETF,Priya Sridhar,EQ-ETF,4,32.1,0.2,Open Ended,17-May-24,NIFTY PSE,9.79,11.73,9.47,-5.53,-14.62,-10.1,19.75,7.61,5.02,7.08,7.07,39,20,195664,82.4,16.83,15.66,Energy,0.01,0.11,7.13,17.39,3.48,1.76,0.94,12.66,Equity : ETFs,Nil for 10% of units and 0.50% for remaining units on or before 30D Nil after 30D
Aditya Birla SL Nifty SDL Apr 2027 Index Fund-Reg(G),Bhupesh Bameta,DT-M&LD,3,4168,0.5,Open Ended,28-Jan-22,Nifty SDL Apr 2027 Index,11.8,11.8,10.94,0.54,1.46,3.78,7.92,7.3,22.93,11.22,7.98,0,41,555827,4.07,18.05,39.56,Automobile and Ancillaries,2,1.81,7.02,3.07,5.82,13.61,0.23,0.64,Debt : Medium to Long Duration,Nil
Aditya Birla SL Nifty SDL Plus PSU Bond Sep 2026 60:40 Index Fund-Reg(G),Mohit Sharma,DT-M&LD,2,9654.4,0.36,Open Ended,24-Sep-21,Nifty SDL Plus PSU Bond Sep 2026 60:40 Index,11.84,11.84,11,0.56,1.6,3.76,7.71,7.27,5.51,4.8,5.92,0,92,19553,18.06,8.01,10.47,Financials,1.58,1.42,7.25,3.07,6.89,16.28,0.18,0.52,Debt : Medium to Long Duration,Nil
Aditya Birla SL Nifty SDL Sep 2025 Index Fund-Reg(G),Bhupesh Bameta,DT-MD,1,66.9,0.35,Open Ended,28-Sep-22,Nifty SDL Sep 2025 Index,11.71,11.71,10.91,0.55,1.53,3.51,7.39,7.11,17.74,19.37,9.47,0,30,684546,64.99,3.67,21.87,Financials,0.6,0.56,6.9,3.07,8.07,18.6,0.07,0.41,Debt : Medium Duration,Nil
Aditya Birla SL Nifty SDL Sep 2027 Index Fund-Reg(G),Harshil Suvarnkar,DT-MD,2,40.5,0.5,Open Ended,10-Mar-23,Nifty SDL Sep 2027 Index,11.5,11.5,10.63,0.56,1.45,3.9,8.22,17.4,24.31,6.6,14.06,0,100,62529,48,10.54,37.09,Financials,2.63,2.34,6.99,3.02,4.82,10.58,0.33,0.83,Debt : Medium Duration,Nil
Aditya Birla SL Nifty Smallcap 50 Index Fund-Reg(G),Priya Sridhar,EQ-INDX,5,239.3,1.01,Open Ended,05-Apr-21,Nifty Smallcap 50 - TRI,21.65,22.62,15.88,0.15,-3.06,3.27,24.67,42.36,18.51,5.04,6.28,16,50,24440,39.85,15.06,84.84,Financials,2.65,0.09,7.15,15.9,1,1.47,1.04,21.08,Equity : Index Funds,0.25% on or before 15D Nil after 15D
Aditya Birla SL Overnight Fund-Reg(G),Kaustubh Gupta,DT-ON,4,8152.9,0.19,Open Ended,01-Nov-18,CRISIL Liquid Overnight Index,1350.31,1350.31,1266.86,0.55,1.6,3.23,6.61,6.59,5.93,4.82,7.03,0,52,209477,32.67,10.55,22.84,Retail and Other Services,0.01,0.01,6.66,0.25,30.11,1.94,0.95,0.01,Debt : Overnight,Nil
Aditya Birla SL Pharma & Healthcare Fund-Reg(G),Dhaval Shah,EQ-PHRM,3,854.3,2.29,Open Ended,10-Jul-19,BSE Health Care - TRI,32.34,32.74,24.14,4.38,-0.46,18.86,35.81,37.38,18.03,24.66,7.48,21,27,59685,35.72,37.65,24.45,Healthcare,1.53,0.36,7.12,26.26,2.29,4.19,0.41,12.36,Equity : Sectoral - Pharma,1% on or before 30D Nil after 30D
Aditya Birla SL PSU Equity Fund-Reg(G),Dhaval Gala,EQ-THEM,2,5531.9,1.79,Open Ended,30-Dec-19,BSE PSU - TRI,31.97,37.55,27.78,-5.14,-12.65,-11,13.52,35.18,33.35,25.91,7.16,29,37,158503,65.15,21.23,8.79,Energy,1.44,0.15,7.27,6.27,0.51,0.69,1.4,26.18,Equity : Thematic,1% on or before 30D Nil after 30D
Aditya Birla SL Pure Value Fund(G),Kunal Sangoi,EQ-VAL,3,6377.8,1.87,Open Ended,27-Mar-08,NIFTY 500 - TRI,128.84,136.82,106.81,-0.39,-6.85,1.68,18.74,31.08,21.36,22.18,12.71,55,77,70642,43.85,14.49,40.59,Financials,1.38,0.01,7.33,10.23,0.88,1.22,1.08,17.9,Equity : Value / Contra,1% on or before 90D Nil after 90D
Aditya Birla SL Quant Fund-Reg(G),Harish krishnan,EQ-THEM,4,2593.9,1.95,Open Ended,28-Jun-24,NIFTY 200 - TRI,9.73,10.71,9.19,0.95,-10.13,-4.3,8.04,7.39,14.99,23.35,10.51,1,44,106093,48.02,51.3,16.33,Energy,3.53,3.2,7,6.2,5.38,0.89,1.74,16.59,Equity : Thematic,0.50% on or before 90D Nil after 90D
Aditya Birla SL Regular Savings Fund(G),Mohit Sharma,HY-DT(CO),3,1410.6,1.91,Open Ended,22-May-04,CRISIL Hybrid 85+15 - Conservative Index,64.11,64.43,57.58,0.15,0.21,4.14,10.51,10.1,8.55,9.55,8.44,140,38,205694,14.27,2.73,4.3,Financials,7.62,4.46,7.38,3.91,1.85,2.85,0.8,3.4,Hybrid : Debt Oriented (Conservative),1% on or before 90D Nil after 90D
Aditya Birla SL Retirement Fund-30-Reg(G),Jonas Bhutta,HY-SOL,3,401.3,2.41,Open Ended,11-Mar-19,NIFTY 500 - TRI,19.43,20.52,15.95,-0.86,-6.13,2.16,17.79,20.23,13.33,13.26,5.81,47,49,129674,53.46,18.44,24.97,Financials,4.85,4.51,7.38,6.98,0.98,1.4,2.32,14.1,Hybrid : Solution Oriented,Nil
Aditya Birla SL Retirement Fund-40-Reg(G),Chanchal Khandelwal,HY-SOL,4,113,2.38,Open Ended,11-Mar-19,CRISIL Hybrid 35+65 - Aggressive Index,18.64,18.81,15.5,1.88,-1.48,5.31,17.51,18.83,12.36,12.31,6.41,29,45,166023,44.86,13.81,15.7,Financials,8.78,4.41,6.89,7.64,1.22,1.8,1.86,10.72,Hybrid : Solution Oriented,Nil
Aditya Birla SL Retirement Fund-50 Plus-Debt Plan-Reg(G),Harshil Suvarnkar,HY-SOL,1,15.7,2.07,Open Ended,11-Mar-19,CRISIL Short Term Bond Index,12.75,12.76,12.02,0.38,0.93,3.03,6.08,5.59,4.04,4.05,11.12,0,31,63999,71.59,18.77,12.63,Financials,7.04,3.79,6.94,0.91,2.62,5.62,0.36,0.76,Hybrid : Solution Oriented,Nil
Aditya Birla SL Retirement Fund-50-Reg(G),Mohit Sharma,HY-SOL,4,25.9,1.91,Open Ended,11-Mar-19,CRISIL Short Term Debt Hybrid 75+25 Index,14.09,14.18,12.82,0.02,-0.64,3.32,9.17,9.65,6.91,6.03,6.29,11,41,144731,14.85,4.05,5.65,Financials,3.69,2.77,6.88,2.44,1.4,2.07,0.87,3.61,Hybrid : Solution Oriented,Nil
Aditya Birla SL Savings Fund-Reg(G),Kaustubh Gupta,DT-USD,5,16348.8,0.55,Open Ended,16-Apr-03,NIFTY Ultra Short Duration Debt Index,527.59,527.59,489.44,0.71,1.95,3.83,7.81,7.5,6.59,6.12,7.19,0,38,538946,88.01,1.25,3.57,Financials,0.69,0.48,7.66,3.68,11.46,22.34,0.02,0.33,Debt : Ultra Short Duration,Nil
Aditya Birla SL Short Term Fund(G),Kaustubh Gupta,DT-SD,4,8598.7,1.01,Open Ended,09-May-03,Nifty Short Duration Debt Index,45.53,45.53,42.18,0.59,1.58,4.04,7.92,7.37,6.3,6.71,7.38,0,50,30478,51.53,11.74,18.19,Energy,3.72,2.84,7.65,2.6,5.09,10.33,0.39,0.74,Debt : Short Duration,Nil
Aditya Birla SL Silver ETF,Sachin Wankhede,GOLD-ETF,5,485.1,0.35,Open Ended,31-Jan-22,Silver,88.24,99.86,70.48,-3.79,-4.5,-2.11,16.03,10.03,12.14,27.56,7.1,0,33,555831,49.12,1.25,4.18,Financials,1.21,2.23,7.07,12.22,0.62,1.07,0.71,22.99,Gold : ETFs,1% on or before 1Y Nil after 1Y
Aditya Birla SL Silver ETF FOF-Reg(G),Priya Sridhar,FOF-DOM,1,174,0.67,Open Ended,03-Feb-22,Silver,13.61,15.52,11.1,-3.44,-4.2,-2.17,15.15,11.08,19.09,5.25,6.36,244,44,86278,42.38,1.25,40.59,Financials,0.35,0.29,7.59,11.64,0.6,1.07,0.57,22.26,FoFs : Domestic,0.50% on or before 30D Nil after 30D
Aditya Birla SL Small Cap Fund(G),Abhinav Khandelwal,EQ-SML,1,5159.6,1.89,Open Ended,31-May-07,BSE 250 Small Cap - TRI,89.33,94.03,68.55,-0.15,-5.34,0.74,21.83,30.5,17.09,23.3,14.37,34,99,13818,0.41,11.74,83.3,Capital Goods,10.84,2.83,7.29,13.89,1.05,1.52,0.82,17.21,Equity : Small Cap,1% on or before 90D Nil after 90D
Aditya Birla SL Special Opp Fund-Reg(G),Dhaval Gala,EQ-THEM,3,778.6,2.38,Open Ended,23-Oct-20,BSE 500 - TRI,24.02,25.56,19.38,-0.59,-6.55,2.6,21.81,24.13,15.35,15.96,7.47,26,64,108535,50.79,18.37,26.35,Financials,0.09,4.97,7.11,12.55,1.19,1.77,0.92,14.45,Equity : Thematic,1% on or before 30D Nil after 30D
Aditya Birla SL Transportation and Logistics Fund-Reg(G),Dhaval Gala,EQ-AUTO,4,1567.7,2.07,Open Ended,17-Nov-23,Nifty Transportation & Logistics - TRI,13.97,16.02,10.88,-1.73,-13.54,-6.18,24.95,11.32,6.3,5.91,6.32,23,33,95148,65.99,9.56,21.39,Automobile and Ancillaries,0.49,7.01,7.12,15.5,1.21,1.87,0.93,16.73,Equity : Sectoral - Auto,1% on or before 365D Nil after 365D
Aditya Birla SL US Treasury 1-3 year Bond ETFs FoF-Reg(G),Vighnesh Gupta,DT-ETF,3,85.2,0.23,Open Ended,31-Oct-23,Bloomberg US Treasury 1-3 Year Index,10.9,10.9,10.13,1.52,1.99,5.47,6.92,6.6,10.24,15.68,7.82,0,60,684545,21.14,16.83,4.3,Financials,1.94,1.85,4.24,2.39,1.14,2.17,0.14,2.48,Debt : ETFs,0.25% on or before 30D Nil after 30D
Aditya Birla SL US Treasury 3-10 year Bond ETFs FoF-Reg(G),Vighnesh Gupta,DT-ETF,1,185.4,0.2,Open Ended,31-Oct-23,Bloomberg US Treasury 3-10 Year Index,10.98,11.13,10.23,0.34,-0.9,4.94,4.22,21.97,16.17,13.29,6.6,0,55,58754,55.13,13.6,11.02,Financials,5.75,5.06,4.16,-2.04,0.06,0.11,0.8,5.15,Debt : ETFs,0.25% on or before 30D Nil after 30D
Axis Aggressive Hybrid Fund-Reg(G),Jayesh Sundar,HY-EQ,3,1615.7,2.14,Open Ended,09-Aug-18,CRISIL Hybrid 35+65 - Aggressive Index,20.11,21.09,16.85,-1.05,-5.16,2.69,15.08,15.27,8.1,12.28,-2.37,0,78,229957,52.87,8.54,12.54,Financials,14.87,6.43,7.53,5.49,1.01,1.52,1.79,10.53,Hybrid : Equity Oriented,Nil for 10% of investments and 1% for remaining investments on or before 12M Nil after 12M
Axis All Seasons Debt FOFs-Reg(G),Devang Shah,FOF-DOM,1,141.5,0.48,Open Ended,28-Jan-20,NIFTY Composite Debt Index,13.74,13.78,12.62,0.33,0.28,3.98,8.8,7.64,6.25,29.71,14.47,63.45,48,16782,76.23,86.31,12.76,Technology,0.51,0.02,7.57,1.03,2.07,3.47,1.17,2.16,FoFs : Domestic,Nil for 10% of investment and 0.50% for remaining investment on or before 3M Nil after 3M
Axis Arbitrage Fund-Reg(G),Karthik Kumar,HY-ARB,3,5591.9,1,Open Ended,14-Aug-14,Nifty 50 Arbitrage,18.09,18.09,16.83,0.64,1.8,3.41,7.52,7.22,6.21,5.29,5.79,0,146,186113,49.3,17.04,5.93,Financials,0.44,0.43,7.41,3.55,3.46,8.08,-0.09,0.95,Hybrid : Arbitrage,0.25% on or before 15D Nil after 15D
Axis Balanced Advantage Fund-Reg(G),Jayesh Sundar,HY-DYN,2,2599.2,1.99,Open Ended,01-Aug-17,NIFTY 50 Hybrid Composite Debt 50:50 Index,20.51,20.97,17.11,-0.25,-2.59,3.78,18,19.27,12.4,12.49,15.06,0,85,307216,54.72,7.13,4.7,Financials,16.32,6.49,7.5,7.99,1.45,2.17,1.69,8.88,Hybrid : Dynamic Asset Allocation,Nil for 10% of investments and 1% for remaining investments on or before 12M Nil after 12M
Axis Banking & PSU Debt Fund-Reg(G),Aditya Pagaria,DT-B&PSU,3,13044.5,0.63,Open Ended,08-Jun-12,NIFTY Banking and PSU Debt Index,2521.38,2521.38,2345.55,0.53,1.52,3.9,7.49,7.02,5.92,6.11,7.27,0,56,476675,76.11,6.87,36.07,Technology,3.59,2.76,7.35,2.67,5.9,12.28,0.24,0.57,Debt : Banking & PSU,Nil
Axis Bluechip Fund-Reg(G),Shreyash Devalkar,EQ-LC,3,33547.4,1.57,Open Ended,05-Jan-10,BSE 100 - TRI,59.52,64.04,50.3,-0.41,-6.87,-0.36,14.29,16.59,8.72,13.1,11.72,51,54,444025,85.44,4.31,4.57,Financials,0.14,0.01,7.14,5.64,0.78,1.23,0.89,12.95,Equity : Large Cap,Nil for 10% of investments and 1% for remaining investments on or before 12M Nil after 12M
Axis BSE Sensex ETF,Karthik Kumar,EQ-ETF,4,128.9,0.07,Open Ended,24-Mar-23,BSE SENSEX - TRI,81.39,87.24,70.92,-1.62,-6.67,-0.81,9.77,7.85,5.63,6.51,16.41,83.92,30,684559,99.19,0.72,9.27,Financials,0.94,2.38,7.23,1.71,0.45,0.7,0.99,13.77,Equity : ETFs,Nil
Axis BSE Sensex Index Fund-Reg(G),Karthik Kumar,EQ-INDX,2,46.8,0.7,Open Ended,27-Feb-24,BSE SENSEX - TRI,10.98,11.8,9.86,-1.68,-6.85,-1.15,9.21,6.91,6.4,14.42,7.23,0,30,684650,99.11,0.71,90.07,Financials,0.01,0.5,7.38,3.43,2.88,17.07,0.75,15.59,Equity : Index Funds,0.25% on or before 7D Nil after 7D
Axis Business Cycles Fund-Reg(G),Ashish Naik,EQ-THEM,3,2611.7,1.97,Open Ended,22-Feb-23,NIFTY 500 - TRI,16.4,17.26,13.15,-0.31,-5.43,0.68,19.99,26.66,4.47,9.6,13.99,110,87,141178,59.31,15.03,22.86,Financials,0.42,1.05,7.21,10.81,1.01,1.45,0.96,15.38,Equity : Thematic,Nil for 10% of investment and 1% for remaining investments on or before 12M Nil after 12M
Axis Childrens Fund-Compulsory Lock in-Reg(G),Jayesh Sundar,HY-SOL,4,900.8,2.27,Open Ended,08-Dec-15,NIFTY 50 Hybrid Composite Debt 65:35 Index,25.63,26.64,21.53,-0.62,-4.2,3.43,14.7,14.58,6.83,12.18,11.03,0,71,193009,48.1,9.67,14.04,Financials,20.19,8.48,7.2,4.99,1,1.48,1.86,10.4,Hybrid : Solution Oriented,NIL
Axis Childrens Fund-No Lock in-Reg(G),Jayesh Sundar,HY-SOL,3,900.8,2.27,Open Ended,08-Dec-15,NIFTY 50 Hybrid Composite Debt 65:35 Index,25.63,26.64,21.53,-0.62,-4.2,3.43,14.7,14.58,6.83,12.18,9.69,0,71,193009,48.1,9.67,14.04,Financials,20.19,8.48,7.2,4.99,1,1.48,1.86,10.4,Hybrid : Solution Oriented,3% on or before 1Y 2% after 1Y but on or before 2Y 1% after 2Y but on or before 3Y Nil after 3Y
Axis Conservative Hybrid Fund-Reg(G),Devang Shah,HY-DT(CO),3,297.2,2.2,Open Ended,16-Jul-10,NIFTY 50 Hybrid Composite Debt 15:85 Index,28.83,29.25,26.54,-0.17,-1.72,2.22,7.53,8.18,5.58,8.13,6.75,0,34,327266,19.38,0.91,1.88,Financials,11.55,6.12,7.33,0.43,0.94,1.51,1.02,3.62,Hybrid : Debt Oriented (Conservative),Nil upto 10% of investments and 1% for remaining investments on or before 1M Nil after 1M
Axis Consumption Fund-Reg(G),Shreyash Devalkar,EQ-CONS,1,4381.2,1.85,Open Ended,12-Sep-24,Nifty India Consumption - TRI,9.85,10.34,9.25,1.36,-5,-2.72,17.92,20.1,6.16,16.67,9.54,78,61,171211,62.52,14.35,8.76,Retail and Other Services,1.99,0.13,6.8,1.54,0.94,1.66,0.77,14.37,Equity : Thematic - Consumption,Nil for 10% of investments and 1% for remaining on or before 12M Nil after 12M
Axis Corp Bond Fund-Reg(G),Devang Shah,DT-CORP,4,5999.8,0.91,Open Ended,13-Jul-17,NIFTY Corporate Bond Index,16.29,16.29,15.08,0.52,1.46,4.08,8.02,7.38,6.14,6.68,6.28,0,15,233530,36.92,16.84,16.33,Financials,4.87,3.56,7.39,2.7,4.92,9.1,0.4,0.78,Debt : Corporate Bond,Nil
Axis Credit Risk Fund-Reg(G),Devang Shah,DT-CR,4,417,1.57,Open Ended,15-Jul-14,CRISIL Credit Risk Debt Index,20.47,20.47,18.95,0.49,1.66,4.06,8.02,7.51,6.33,6.61,6.82,0,50,188095,86.42,28.65,18.19,Financials,3.57,2.5,8.3,3.1,6.42,12.85,0.26,0.6,Debt : Credit Risk,Nil for 10% of investments and 1% for remaining investment on or before 12M Nil after 12M
Axis CRISIL IBX 50:50 Gilt Plus SDL June 2028 Index Fund-Reg(G),Hardik Shah,DT-M&LD,4,71.8,0.42,Open Ended,24-Jan-23,CRISIL IBX 50:50 Gilt Plus SDL Index - June 2028,11.52,11.52,10.65,0.49,1.38,4.07,8.15,21.73,6.01,23.32,8.11,0,91,95148,41.19,19.24,27.77,Financials,3.08,2.64,6.98,2.67,4.09,9.13,0.41,0.95,Debt : Medium to Long Duration,Nil
Axis CRISIL IBX 50:50 Gilt Plus SDL Sep 2027 Index Fund-Reg(G),Aditya Pagaria,DT-M&LD,1,32,0.4,Open Ended,27-Feb-23,CRISIL IBX 50:50 Gilt Plus SDL Index - September 2027,11.51,11.51,10.66,0.53,1.45,3.85,7.98,7.72,18.47,6.54,17.4,0,30,209477,48.8,61.05,23.47,Financials,2.51,2.2,6.92,2.82,5.1,10.99,0.32,0.74,Debt : Medium to Long Duration,Nil
Axis CRISIL IBX 70:30 CPSE Plus SDL April 2025 Index Fund-Reg(G),Devang Shah,DT-MD,1,517.1,0.31,Open Ended,28-Jan-22,CRISIL IBX 70:30 CPSE Plus SDL - April 2025,11.7,11.7,10.89,0.58,1.72,3.56,7.41,7.16,10.24,15.22,7.77,0,19,143043,25.12,27.29,22.84,Healthcare,0.32,0.3,7.25,3.15,9.48,20.27,0.05,0.35,Debt : Medium Duration,Nil
Axis CRISIL IBX SDL June 2034 Debt Index Fund-Reg(G),Hardik Shah,DT-LD,1,26.9,0.45,Open Ended,21-Mar-24,CRISIL IBX SDL Index - June 2034,10.73,10.75,10,0.61,1.2,4.64,40.69,19.09,16.34,16.59,7.56,0,51,56264,25.65,0.72,3.88,Financials,9.35,6.6,7.29,4.61,0.82,18.57,0.93,14.3,Debt : Long Duration,Nil
Axis CRISIL IBX SDL May 2027 Index Fund-Reg(G),Hardik Shah,DT-M&LD,2,2219.8,0.31,Open Ended,23-Feb-22,CRISIL IBX SDL Index - May 2027,11.73,11.74,10.84,0.54,1.5,3.94,8.38,7.58,8.44,15.25,18.03,0,10,256538,98.74,13.58,0.94,Financials,2.36,2.12,7.06,3.35,5.11,10.97,0.24,0.8,Debt : Medium to Long Duration,Nil
Axis CRISIL-IBX AAA Bond Financial Services - Sep 2027 Index Fund-Reg(G),Aditya Pagaria,DT-M&LD,3,133.5,0.25,Open Ended,22-Nov-24,CRISIL IBX AAA Financial Services Index - Sep 2027,10.07,10.07,10,0.59,-5.11,3.51,15.4,9.05,5.61,10.51,12.72,0,65,101969,69.66,5.95,22.62,Energy,2.55,2.17,7.66,22.65,1.87,0.92,0.49,0.76,Debt : Medium to Long Duration,NIL
Axis CRISIL-IBX AAA Bond NBFC - Jun 2027 Index Fund-Reg(G),Aditya Pagaria,DT-M&LD,3,642.5,0.52,Open Ended,24-Sep-24,CRISIL IBX AAA NBFC Index - Jun 2027,10.21,10.22,10,0.59,1.89,-2.17,8.38,8.83,16.76,5.12,12.3,0,1,136117,41.58,17.13,32.94,Financials,2.21,1.85,7.75,5.7,5.09,2.02,0.76,1.31,Debt : Medium to Long Duration,NIL
Axis CRISIL-IBX AAA Bond NBFC-HFC - Jun 2027 Index Fund-Reg(G),Aditya Pagaria,DT-SD,5,456.9,1.18,Open Ended,11-Dec-24,CRISIL-IBX AAA NBFC-HFC Index - Jun 2027,10.03,10.03,10,-1.23,-4.29,-1.16,9.83,10.57,11.09,27.94,10.3,33,73,538938,36.07,9.56,6.01,Capital Goods,3.62,5,7.74,4.28,2.21,5.15,0.9,0.3,Debt : Short Duration,NIL
Axis Dynamic Bond Fund-Reg(G),Devang Shah,DT-DYN,5,1602.2,0.56,Open Ended,27-Apr-11,NIFTY Composite Debt Index,28.25,28.33,26.04,0.36,0.45,4.05,8.42,7.47,5.65,6.57,7.34,0,64,352192,37.72,30.72,34.88,Financials,19.65,8.55,7.09,1.97,2.55,4.12,0.77,1.66,Debt : Dynamic Bond,Nil
Axis ELSS Tax Saver Fund-Reg(G),Shreyash Devalkar,EQ-ELSS,3,36373.2,1.53,Open Ended,29-Dec-09,NIFTY 500 - TRI,95.22,101.26,77.14,-0.08,-6.51,1.58,17.89,20.9,8.77,14.02,12.48,53,82,232912,70.78,21.97,2.97,Financials,6,5.49,6.97,9.3,1.04,1.66,0.8,12.84,Equity : Tax Saving (ELSS),Nil
Axis Equity ETFs FoF-Reg(G),Karthik Kumar,EQ-ETF,5,24.8,0.7,Open Ended,24-Feb-22,NIFTY 500 - TRI,15.16,16.98,13.24,-2.53,-11.5,-5.46,11.27,18.54,6.08,16.22,6.21,15,59,161989,98.83,24.29,6.87,Healthcare,5.2,0.12,7.04,3,0.63,1,1.59,12.16,Equity : ETFs,1% on or before 15D Nil after 15D
Axis Equity Savings Fund-Reg(G),Mayank Hyanki,HY-EQ,2,1014.6,2.25,Open Ended,14-Aug-15,NIFTY 50 Equity Savings Index,21.77,22,19.37,0.14,-1.23,3.34,11.38,13.14,8.59,10.02,5.98,0,102,333301,54.71,6.98,6.15,Financials,18.17,6.96,7.32,3.63,1.19,1.75,1.12,5.77,Hybrid : Equity Oriented,Nil upto 10% of investments and 1% for remaining investments on or before 1M Nil after 1M
Axis ESG Integration Strategy Fund-Reg(G),Vishal Agarwal,EQ-THEM,3,1334.4,2.22,Open Ended,12-Feb-20,NIFTY100 ESG - TRI,21.31,23.28,18.04,-0.98,-7.31,2.4,16.38,20.27,8.43,27.77,6.61,50,75,306166,79.26,6.84,3.17,Financials,15.89,2.54,6.9,8.19,1.01,1.65,0.75,11.77,Equity : Thematic,Nil for 10% of investment and 1% for remaining investment on or before 12M Nil after 12M
Axis Flexi Cap Fund-Reg(G),Sachin Relekar,EQ-FLEX,3,12854.9,1.72,Open Ended,17-Nov-17,NIFTY 500 - TRI,26.74,27.86,21.01,0.73,-4.43,3.38,22.89,22.36,11.03,15.89,6.28,36,57,206624,63.75,18.77,12.16,Financials,0.67,2.23,6.28,13.13,1.23,1.84,0.92,14.37,Equity : Flexi Cap,NIL for 10% of investments and 1% for remaining investments on or before 12M Nil after 12M
Axis Floater Fund-Reg(G),Aditya Pagaria,DT-FL,4,233.2,0.53,Open Ended,29-Jul-21,NIFTY Long Duration Debt Index,1239.04,1242.06,1133.31,0.37,0.42,4.27,9.22,8.11,6.91,19.82,6.82,0,61,684545,64.97,8.09,40.44,Healthcare,22.67,9.25,7.16,1.61,2.27,3.82,1.12,2.16,Debt : Floater,NIL
Axis Focused Fund-Reg(G),Sachin Relekar,EQ-MLC,3,13289.4,1.73,Open Ended,29-Jun-12,NIFTY 500 - TRI,54.19,58.15,44.86,-0.58,-7.08,1.55,15.28,17.22,5.49,11.91,12.15,53,27,294848,76.11,18.49,6.74,Financials,23.48,9.25,7.3,6.78,0.81,1.29,0.83,13.5,Equity : Multi Cap,Nil for 10% of investments and 1% for remaining investments on or before 12M Nil after 12M
Axis FTP-112-1143D-Reg(G),Sachin Jain,DT-FMP,1,76.1,0.35,Closed Ended,01-Mar-23,CRISIL Medium Duration Debt Index,11.49,11.49,10.68,0.63,1.59,3.78,7.65,37.23,14.22,15.98,18.88,63.97,69,231993,6.44,8.59,26,Financials,2.36,1.63,6.92,2.85,5.16,11.19,0.21,0.67,Debt : FTP/FMP,0.007% for Day 1 0.0065% on Day 2 0.0060% on Day 3 0.0055% on Day 4 0.0050% on Day 5 0.0045% on Day 6 NIL on or after 7D
Axis FTP-113-1228D-Reg(G),Sachin Jain,DT-FMP,4,91.9,1.11,Closed Ended,21-Mar-23,CRISIL Medium Duration Debt Index,11.34,11.35,10.55,0.59,1.76,3.74,7.55,28.37,9.89,6.46,3.78,0,50,164802,25.34,13.59,23.09,Financials,17.72,0.31,7.62,3,7.17,16.21,0.15,0.48,Debt : FTP/FMP,Nil upto 10% of units and 1% for remaining units on or before 12M Nil after 12M
Axis Gilt Fund-Reg(G),Devang Shah,DT-GILT,4,921.5,0.75,Open Ended,23-Jan-12,CRISIL Dynamic Gilt Index,24.51,24.59,22.25,0.27,0.31,4.27,9.96,8.42,6.35,6.76,7.27,0,23,101469,51.85,16.45,36.66,Automobile and Ancillaries,25.36,10.25,7.05,1.49,2.18,3.87,1.37,2.54,Debt : Gilt,Nil
Axis Global Equity Alpha FoF-Reg(G),Krishnaa N,FOF-OVR,4,833.6,1.63,Open Ended,24-Sep-20,MSCI World,17.62,18.03,14.32,0.28,4.32,6.62,20.95,20.38,9.84,32.42,7.78,0,100,255989,38.83,9.11,15.35,Financials,3.88,1.42,7.27,16.1,1.23,1.83,0.34,13.86,FoFs : Overseas,NIL upto 10% of investments and 1% for remaining investments on or before 12M Nil after 12M
Axis Global Innovation FoF-Reg(G),Krishnaa N,FOF-OVR,1,508.6,1.62,Open Ended,28-May-21,MSCI ACWI Net TRI,13.38,13.68,10.52,1.83,3.96,5.27,22.98,25.53,7.56,16.67,7.18,0,25,17275,6.44,4.48,29.5,Financials,0.11,1.08,7.47,17.41,1.17,1.74,0.63,16.4,FoFs : Overseas,Nil upto 10% of investment and 1% for remaining investment on or before 12M Nil after 12M
Axis Gold ETF,Aditya Pagaria,GOLD-ETF,3,1184,0.55,Open Ended,10-Nov-10,Gold-India,64.95,67.22,52.26,-0.83,0.7,5.84,18.82,16.88,15.88,13.45,9.58,6,36,188311,96.28,10.23,12.66,Financials,2.4,6.83,7.09,15.15,1.09,1.65,-0.23,13.3,Gold : ETFs,Nil
Axis Gold Fund-Reg(G),Aditya Pagaria,GOLD-MF,4,696,0.5,Open Ended,20-Oct-11,Gold-India,22.83,23.63,18.46,0.43,1.28,5.95,19.56,16.94,15.66,13.34,9.39,0,46,685223,98.27,28.75,83.38,Financials,6.55,2.42,7.83,14.21,1.14,1.86,0.3,13.18,Gold : MFs,1% on or before 15D Nil after 15D
Axis Greater China Equity FoF-Reg(G),Krishnaa N,FOF-OVR,5,323.6,1.57,Open Ended,10-Feb-21,MSCI Golden Dragon Index (Total Return Net),7.26,8.46,5.8,1.54,-7.52,6.3,10.84,0.69,-4.59,23.59,12.71,117,28,283413,11.51,16.86,26.11,Financials,6.12,2.11,7.04,8.09,0.41,0.75,0.47,23.7,FoFs : Overseas,Nil for 10% of investments and 1% for remaining investments on or before 12M Nil after 12M
Axis Growth Opp Fund-Reg(G),Shreyash Devalkar,EQ-L&M,5,14007.1,1.69,Open Ended,22-Oct-18,NIFTY LargeMidcap 250 - TRI,32.14,33.9,25.33,0.44,-4.2,3.48,26.24,28.32,14.53,22,6.16,63,124,147093,45.72,30.97,6.54,Financials,1.57,3.56,7.38,16.28,1.55,2.37,0.77,12.99,Equity : Large & Mid Cap,Nil for 10% of investments and 1% for remaining investments on or before 12M Nil after 12M
Axis India Manufacturing Fund-Reg(G),Shreyash Devalkar,EQ-THEM,1,6039.8,1.78,Open Ended,21-Dec-23,Nifty India Manufacturing - TRI,13.87,15.01,10.2,0.59,-7.85,-1.93,34.57,22.36,13.86,6.49,7.48,6,84,117061,54.88,22.8,14.16,Automobile and Ancillaries,20.19,2.84,7.25,22.65,1.66,2.43,0.93,16.43,Equity : Thematic,Nil upto 10% of investment and 1% for remaining investment on or before 12M Nil after 12M
Axis Innovation Fund-Reg(G),Ashish Naik,EQ-THEM,2,1233.5,2.22,Open Ended,24-Dec-20,NIFTY 500 - TRI,18.45,19.45,14.2,0.11,-4.3,3.48,28.21,25.83,11.2,28.19,17.86,46,98,101149,42.27,19.42,18.33,Financials,1.25,9.93,7.37,18.3,1.72,2.75,0.71,12.67,Equity : Thematic,Nil for 10% of investment and 1% for remaining investment on or before 12M Nil after 12M
Axis Liquid Fund-Reg(G),Devang Shah,DT-LIQ,4,33183.3,0.23,Open Ended,09-Oct-09,Nifty Liquid Fund Index,2809.82,2809.82,2617.14,0.6,1.75,3.55,7.38,7.21,6.44,5.36,6.35,0,250,131733,99.21,19.29,24.45,Financials,0.12,0.11,7.06,0.76,9.89,5.63,0.54,0.08,Debt : Liquid,0.007% for Day 1 0.0065% on Day 2 0.0060% on Day 3 0.0055% on Day 4 0.0050% on Day 5 0.0045% on Day 6 NIL on or after 7D
Axis Long Duration Fund-Reg(G),Devang Shah,DT-LD,3,510.2,0.7,Open Ended,27-Dec-22,NIFTY Long Duration Debt Index,1190.44,1196.04,1068.83,0.4,-0.39,3.55,11.11,8.91,18.14,24.66,13.51,0,47,119680,48.1,13.48,8.17,Financials,32.99,12.09,7.13,1.54,2,3.58,1.7,3.27,Debt : Long Duration,Nil
Axis Midcap Fund-Reg(G),Shreyash Devalkar,EQ-MID,3,30329.6,1.57,Open Ended,18-Feb-11,BSE 150 MidCap - TRI,113.6,117.71,84.91,1.6,-4.06,2.31,30.59,30.53,17.45,23.32,16.25,42,99,74969,21.14,65.36,6.5,Financials,9.21,0.36,7.02,19.48,1.58,2.42,0.84,15,Equity : Mid Cap,Nil for 10% of investments and 1% for remaining investments on or before 12M Nil after 12M
Axis Momentum Fund-Reg(G),Karthik Kumar,EQ-THEM,3,32.3,1.7,Open Ended,12-Dec-24,NIFTY 500 - TRI,9.98,10,9.68,0.54,-8.48,2.33,6.6,18.48,21.57,17.07,12.46,1,63,51216,63.94,21.83,28.62,Technology,2.51,1.96,7.29,0.55,1.07,1.51,0.3,0.93,Equity : Thematic,Nil for 10% of investments and 1% for remaining investments on or before 12M Nil after 12M
Axis Money Market Fund-Reg(G),Devang Shah,DT-MM,2,17436.3,0.32,Open Ended,06-Aug-19,Nifty Money Market Index,1376.58,1376.58,1278.01,0.62,1.8,3.71,7.73,7.53,6.62,5.95,7.21,0,100,102156,98.28,15.64,53.1,Financials,0.43,0.43,7.37,3.53,11.09,22.72,0.03,0.33,Debt : Money Market,Nil
Axis Multi Asset Allocation Fund-Reg(G),Ashish Naik,HY-MULTI,2,1281.7,2.1,Open Ended,23-Aug-10,NIFTY 500 - TRI,38.78,40,32.26,-0.29,-3.45,3.28,15.76,14.7,7.56,12.44,10.01,0,70,180143,44.35,9.31,9.92,Financials,13.43,5.67,7.3,6.15,1.07,1.52,1.8,10.61,Hybrid : Multi Asset Allocation,Nil on or before 12M for 10% of Investment and 1% for remaining investments Nil after 12M
Axis Multicap Fund-Reg(G),Shreyash Devalkar,EQ-MLC,3,6807.3,1.8,Open Ended,17-Dec-21,Nifty500 Multicap 50:25:25 - TRI,18.18,18.68,13.35,1.93,-3.07,7.28,33.61,35.39,21.7,27.84,11.65,61,115,105984,42.8,26.26,23.42,Financials,1.79,5.08,7.31,21.5,1.72,2.54,0.91,15.17,Equity : Multi Cap,Nil for 10% of investment and 1% for remaining investment on or before 12M Nil after 12M
Axis NASDAQ 100 FoF-Reg(G),Krishnaa N,FOF-OVR,2,176.2,0.69,Open Ended,01-Nov-22,Nasdaq-100 - TRI,19.3,19.81,14.52,3.06,8.62,9.7,28.99,40.6,13.4,12.84,7.17,0,65,254310,96.57,23.29,18.19,Financials,0.15,1.3,7.01,20.97,1.43,2.33,0.98,16.68,FoFs : Overseas,1% on or before 7D Nil after 7D
Axis Nifty 100 Index Fund-Reg(G),Karthik Kumar,EQ-INDX,4,1709.9,0.92,Open Ended,18-Oct-19,NIFTY 100 - TRI,21.2,23.11,18.19,-1.9,-8.59,-2.28,12.29,16.85,12.5,15.13,16.24,13,100,437464,96.45,3.05,15.25,Financials,25.36,4.32,6.99,3.65,0.6,0.89,1.02,14.47,Equity : Index Funds,Nil
Axis NIFTY 50 ETF,Karthik Kumar,EQ-ETF,3,684.1,0.07,Open Ended,03-Jul-17,NIFTY 50 - TRI,262.49,284.08,228.13,-1.61,-7.83,-1.25,10.38,16.49,12.92,15.68,11.51,0,50,556055,98.71,1.24,22.86,Financials,0.01,0.41,6.97,2.29,0.49,0.75,0.99,13.84,Equity : ETFs,1% on or before 1Y Nil after 1Y
Axis Nifty 50 Index Fund-Reg(G),Karthik Kumar,EQ-INDX,3,575.8,0.42,Open Ended,03-Dec-21,NIFTY 50 - TRI,14.31,15.5,12.49,-1.64,-7.88,-1.39,9.97,16.01,12.4,12.25,6.95,0,50,556030,98.5,1.24,9.68,Financials,4.26,0.75,7.09,1.54,0.47,0.71,0.99,13.86,Equity : Index Funds,Nil
Axis Nifty 500 Index Fund-Reg(G),Karthik Kumar,EQ-INDX,5,227.7,1,Open Ended,12-Jul-24,NIFTY 500 - TRI,9.85,10.59,9.43,-0.99,-7.49,-0.66,13.9,0.53,13.72,19.42,10.3,0,501,222347,70.78,18.55,10.57,Financials,2.11,6.96,7.76,13.26,1.56,1.27,0.84,20.05,Equity : Index Funds,0.25% on or before 15D Nil after 15D
Axis Nifty AAA Bond Plus SDL Apr 2026 50:50 ETF,Aditya Pagaria,DT-ETF,2,1196.9,0.1,Open Ended,11-May-21,Nifty AAA Bond Plus SDL Apr 2026 50:50 Index,12.29,12.29,11.41,0.55,1.69,3.76,7.7,7.4,5.57,21.65,18.02,0,55,208840,88.15,4.54,25.56,Financials,0.98,0.9,7.26,3.23,7.88,17.36,0.12,0.45,Debt : ETFs,1% on or before 365D Nil after 365D
Axis Nifty AAA Bond Plus SDL Apr 2026 50:50 ETF FoF-Reg(G),Aditya Pagaria,DT-M&LD,5,276.4,0.18,Open Ended,20-Oct-21,Nifty AAA Bond Plus SDL Apr 2026 50:50 Index,11.72,11.77,10.97,0.39,1.36,3.25,7.06,6.95,5.18,6.79,14.21,83.92,17,229957,87.01,27.46,35.66,Financials,3.62,3.07,6.02,2.67,1.12,1.96,0.12,2.71,Debt : Medium to Long Duration,Nil
Axis NIFTY Bank ETF,Karthik Kumar,EQ-ETF,3,240.8,0.19,Open Ended,03-Nov-20,NIFTY BANK - TRI,527.33,555.74,455.31,-1.89,-3.53,-2.69,6.6,10.01,13.96,13.6,7.46,0,12,539261,86.43,13.55,8.17,Financials,2.26,1.05,7.32,-1.26,0.21,0.32,1.08,17.34,Equity : ETFs,0.25% on or before 1M Nil after 1M
Axis Nifty Bank Index Fund-Reg(G),Karthik Kumar,EQ-INDX,5,126.3,0.97,Open Ended,24-May-24,NIFTY BANK - TRI,10.5,11.09,9.57,-1.95,-3.7,-3.08,7.3,8.42,6.04,18.22,12.14,0,12,538990,86.3,13.56,6.98,Financials,2.61,2.77,7.49,0.55,1.61,1.54,0.05,0.89,Equity : Index Funds,0.25% on or before 7D Nil after 7D
Axis NIFTY Healthcare ETF,Karthik Kumar,EQ-ETF,3,19.4,0.34,Open Ended,17-May-21,Nifty Healthcare Index - TRI,152.73,152.73,109.43,6.14,1.68,19.29,40.98,37.91,19.29,22.08,14.88,29,20,120214,54.99,39.6,5.38,Healthcare,3.67,2.88,6.71,29.64,2.21,4.11,0.46,14.36,Equity : ETFs,1% on or before 1Y Nil after 1Y
Axis NIFTY India Consumption ETF,Karthik Kumar,EQ-ETF,2,14.1,0.38,Open Ended,17-Sep-21,Nifty India Consumption - TRI,119.2,132.98,96.18,-0.18,-10.75,2.33,20.22,24.97,19.02,8.23,6.94,0,30,277724,92.01,7.85,39.84,FMCG,23.33,2.23,7.17,11.59,1.16,2.11,0.74,12.93,Equity : ETFs,Nil
Axis NIFTY IT ETF,Karthik Kumar,EQ-ETF,4,180.1,0.23,Open Ended,25-Mar-21,NIFTY IT - TRI,472.58,490.23,342.55,0.49,2.7,18.3,23.49,26.12,6.43,12.61,11.95,0,10,429791,83.8,16.13,7.27,Technology,0.01,2.4,7.18,16.1,1.01,1.84,0.74,19.36,Equity : ETFs,NIL
Axis NIFTY IT Index Fund-Reg(G),Karthik Kumar,EQ-INDX,1,140,1.03,Open Ended,14-Jul-23,NIFTY IT - TRI,14.97,15.54,10.91,0.41,2.49,17.83,22.57,12.96,24.57,15.05,11.03,0,10,429419,83.54,16.1,3.75,Technology,0.42,3.41,6.8,15.12,0.97,1.76,0.75,19.39,Equity : Index Funds,0.25% on or before 7D Nil after 7D
Axis Nifty Midcap 50 Index Fund-Reg(G),Karthik Kumar,EQ-INDX,5,413.1,1.02,Open Ended,28-Mar-22,Nifty Midcap 50 - TRI,19.27,20.21,15.5,2.17,-5.49,0.98,20.58,34.62,16.53,5.34,7.38,655,51,70952,9.81,89.87,1.28,Financials,2.92,9.46,7.32,11.97,0.91,1.35,1.05,18.96,Equity : Index Funds,0.25% on or before 7D Nil after 7D
Axis Nifty Next 50 Index Fund-Reg(G),Karthik Kumar,EQ-INDX,5,303.2,1.02,Open Ended,28-Jan-22,NIFTY NEXT 50 - TRI,16.66,18.75,12.9,-3.45,-11.64,-5.52,27.26,27.29,24.9,5.22,5.3,0,50,143030,87.87,11.72,6.79,Financials,14.84,3.59,7.23,16.76,1.12,1.62,1.13,19.93,Equity : Index Funds,Nil
Axis Nifty SDL Sep 2026 Debt Index Fund-Reg(G),Aditya Pagaria,DT-MD,4,75.5,0.32,Open Ended,22-Nov-22,Nifty SDL Sep 2026 Index,11.63,11.63,10.77,0.52,1.51,3.79,8,7.39,12.85,6.71,5.73,0,12,163053,39.97,3.45,19.51,Financials,1.71,1.55,7.04,3.28,5.51,12.73,0.18,0.69,Debt : Medium Duration,Nil
Axis Nifty Smallcap 50 Index Fund-Reg(G),Karthik Kumar,EQ-INDX,3,457.5,1.02,Open Ended,10-Mar-22,Nifty Smallcap 50 - TRI,18.89,19.74,13.89,0.17,-3.09,3.02,24.63,42.17,12.85,22.14,9.81,143,50,24438,1.16,15.02,84.63,Financials,1.41,8.49,7.37,15.75,1,1.46,1.04,20.93,Equity : Index Funds,Nil
Axis Nifty500 Value 50 Index Fund-Reg(G),Karthik Kumar,EQ-INDX,1,77.5,1.07,Open Ended,24-Oct-24,NIFTY500 Value 50 - TRI,9.59,10.31,9.35,-5.22,-2.2,2.89,24.62,16.91,5.75,5.88,7.36,21,51,111468,63.88,20.4,15.72,Energy,5.75,2.06,6.96,6.88,9.48,15.79,1.05,1,Equity : Index Funds,0.25% on or before 15D Nil after 15D
Axis Overnight Fund-Reg(G),Sachin Jain,DT-ON,5,8404.4,0.09,Open Ended,15-Mar-19,Nifty 1D Rate Index,1326.11,1326.11,1242.91,0.56,1.63,3.27,6.71,6.68,6.02,4.9,12.39,0,49,259641,62.33,53.87,1.55,Financials,0.01,0.01,6.64,0.33,23.88,2.44,0.12,0.01,Debt : Overnight,Nil
Axis Quant Fund-Reg(G),Karthik Kumar,EQ-THEM,5,1069.3,2.17,Open Ended,01-Jul-21,BSE 200 - TRI,16.42,17.85,14.2,0,-8.42,-1.64,13.91,22.7,13.63,14.02,18.19,147,46,146564,52.15,27.5,17.56,Financials,0.13,0.41,7.07,5.59,0.68,1,0.94,15.12,Equity : Thematic,Nil for 10% of investment and 1% for remaining investments on or before 3M Nil after 3M
Axis Retirement Fund-Aggressive Plan-Reg(G),Jayesh Sundar,HY-SOL,3,922,2.2,Open Ended,20-Dec-19,CRISIL Hybrid 25+75 - Aggressive Index,18.28,19.24,14.94,-0.55,-5.5,2.44,19.71,20.42,10.44,12.78,18.89,0,80,193796,49.46,17.35,9.31,Financials,24.34,9.37,7.02,9.3,1.32,1.98,1.86,11.12,Hybrid : Solution Oriented,Nil
Axis Retirement Fund-Conservative Plan-Reg(G),Jayesh Sundar,HY-SOL,3,73.7,2.13,Open Ended,20-Dec-19,CRISIL Hybrid 75+25 - Conservative Index,15.64,16.05,13.89,-0.09,-2.86,2.67,11.57,13.15,7.01,9.32,14.29,0,31,360016,31.67,4.33,1.31,Financials,20.38,9.06,7.06,4.13,1.4,2.33,1.13,5.33,Hybrid : Solution Oriented,Nil
Axis Retirement Fund-Dynamic Plan-Reg(G),Jayesh Sundar,HY-SOL,5,387.5,2.41,Open Ended,20-Dec-19,CRISIL Hybrid 35+65 - Aggressive Index,19.94,20.7,15.64,0.36,-4.09,5.35,24.71,23.2,12.4,14.76,11.65,0,85,162012,52.43,19.15,13.94,Financials,20.93,8.04,6.95,13.94,1.63,2.47,1.76,11.7,Hybrid : Solution Oriented,Nil
Axis Short Duration Fund-Reg(G),Devang Shah,DT-SD,3,9328.8,0.89,Open Ended,22-Jan-10,Nifty Short Duration Debt Index,29.52,29.52,27.34,0.57,1.64,4.07,7.99,7.37,6.14,6.36,7.16,0,30,131973,48.8,1.23,12.74,Automobile and Ancillaries,3.78,2.88,7.52,2.8,5.57,11.21,0.35,0.69,Debt : Short Duration,Nil
Axis Silver ETF,Aditya Pagaria,GOLD-ETF,2,153.2,0.37,Open Ended,21-Sep-22,Silver,88.06,99.66,70.36,-4.05,-4.92,-1.49,15.52,10.32,9.46,22.95,6.3,0,22,286477,57.57,7.86,15.89,Energy,4.33,0.39,6.67,13.71,0.54,0.92,0.09,25.7,Gold : ETFs,0.007% for Day 1 0.0065% on Day 2 0.0060% on Day 3 0.0055% on Day 4 0.0050% on Day 5 0.0045% on Day 6 NIL on or after 7D
Axis Silver FoF-Reg(G),Aditya Pagaria,GOLD-MF,4,63.9,0.71,Open Ended,21-Sep-22,Silver,15.2,17.16,12.24,-3.66,-4.33,-2.15,15.55,11.33,5.76,5.6,5.82,0,50,58754,63.81,14.51,1.63,Financials,1.97,4.62,6.83,10.79,0.61,1.1,0.84,21.61,Gold : MFs,0.25% on or before 7D Nil after 7D
Axis Small Cap Fund-Reg(G),Tejas Sheth,EQ-SML,2,24353.2,1.61,Open Ended,29-Nov-13,Nifty Smallcap 250 - TRI,108.29,110.81,82.11,1.5,-2.54,5.86,25.97,29.94,20.27,27.47,19.04,45,118,21632,3.96,18.71,64.42,Financials,0.12,0.01,7.78,16.61,1.39,2.08,0.72,14.55,Equity : Small Cap,Nil for 10% of investments and 1% for remaining investments on or before 12M Nil after 12M
Axis Strategic Bond Fund-Reg(G),Devang Shah,DT-MD,4,1938.1,1.06,Open Ended,28-Mar-12,NIFTY Medium Duration Debt Index,26.72,26.73,24.58,0.54,1.56,4.24,8.69,7.95,6.54,7.03,7.48,0,66,70312,53.5,15.4,24.8,Energy,5.26,3.81,7.82,2.95,4.61,9.21,0.51,0.96,Debt : Medium Duration,Nil for 10% of investment and 1% for remaining investment on or before 12M Nil after 12M
Axis Treasury Advantage Fund-Reg(G),Devang Shah,DT-LOWD,3,6193.7,0.66,Open Ended,09-Oct-09,NIFTY Low Duration Debt Index,2973.44,2973.44,2762.84,0.59,1.79,3.76,7.64,7.33,6.35,6,6.93,0,29,240957,65.15,86.68,13.12,Financials,1.38,0.96,7.57,3.3,10.78,21.58,0.07,0.33,Debt : Low Duration,Nil
Axis Ultra Short Duration Fund-Reg(G),Sachin Jain,DT-USD,3,6057.5,1.17,Open Ended,10-Sep-18,NIFTY Ultra Short Duration Debt Index,14.22,14.22,13.3,0.56,1.65,3.38,6.99,6.77,5.9,5.2,6.76,0,29,247971,49.83,65.36,13.16,Financials,0.47,0.44,7.55,2.82,9.99,20.5,0.02,0.29,Debt : Ultra Short Duration,Nil
Axis Value Fund-Reg(G),Nitin Arora,EQ-VAL,1,785.3,2.33,Open Ended,22-Sep-21,NIFTY 500 - TRI,18.71,19.4,14.29,0.76,-3.84,5.77,28.63,34.53,21.71,6.87,7.03,73,80,134351,51.9,11.8,23.97,Financials,1.98,0.65,7.1,17.94,1.52,2.17,0.92,14.87,Equity : Value / Contra,Nil upto 10% of investment and 1% for remaining investment on or before 12M Nil after 12M
Bajaj Finserv Arbitrage Fund-Reg(G),Ilesh Savla,HY-ARB,4,1029,0.95,Open Ended,15-Sep-23,Nifty 50 Arbitrage,10.89,10.89,10.2,0.59,1.69,3.18,6.81,8.16,18.78,23.32,7.04,0,102,255745,58.67,11.24,2.79,Financials,0.12,0.11,7.02,2.87,2.64,6.13,-0.07,1.01,Hybrid : Arbitrage,0.25% on or before 15D Nil after 15D
Bajaj Finserv Balanced Advantage Fund-Reg(G),Nimesh Chandan,HY-DYN,3,1315.2,2.09,Open Ended,15-Dec-23,NIFTY 50 Hybrid Composite Debt 50:50 Index,10.99,11.72,9.99,-1.42,-6.62,-2,7.48,16.01,17.48,29.69,15.95,0,46,418112,68.43,3.18,2.12,Financials,4.88,3.6,6.99,-0.96,0.38,0.57,1.54,9.37,Hybrid : Dynamic Asset Allocation,Nil upto 8% of units and 1% for remaining units on or before 6M Nil after 6M
Bajaj Finserv Banking and PSU Fund-Reg(G),Siddharth Chaudhary,DT-B&PSU,5,121.9,0.89,Open Ended,13-Nov-23,NIFTY Banking and PSU Debt Index,10.9,10.9,10.12,0.46,1.32,4,7.79,25.92,13.03,5.15,18.49,0,34,50745,88.22,20.16,1.55,Financials,4.3,3.6,7.24,2.55,4,7.44,0.39,0.92,Debt : Banking & PSU,Nil
Bajaj Finserv Consumption Fund-Reg(G),Nimesh Chandan,EQ-CONS,1,475.2,2.37,Open Ended,29-Nov-24,Nifty India Consumption - TRI,10.22,10.22,9.91,0.7,-6.3,-7.42,7.61,6.83,6.6,24.75,16.37,39.24,40,97440,38.52,22.27,12.63,FMCG,0.01,2.48,7.36,15.35,2.55,2.11,0.98,18.61,Equity : Thematic - Consumption,1% on or before 3M Nil after 3M
Bajaj Finserv ELSS Tax Saver Fund-Reg(G),Nimesh Chandan,EQ-ELSS,2,3348.6,0.6,Open Ended,02-Feb-21,BSE 500 - TRI,23.02,209.98,13.44,-0.52,-12.34,3.8,30.08,10.57,13.28,15.67,10.46,0,60,95296,32.02,1.63,22.84,Retail and Other Services,4.44,9.87,7.04,2.14,3.28,0.65,0.86,0.46,Equity : Tax Saving (ELSS),Nil
Bajaj Finserv Flexi Cap Fund-Reg(G),Nimesh Chandan,EQ-FLEX,1,3976.3,1.85,Open Ended,14-Aug-23,BSE 500 - TRI,14.27,14.96,11.07,-0.75,-5.14,1.45,26.89,23.37,5.56,5.31,7.15,108,64,152956,59.3,15.06,22.95,Financials,2.82,6.39,7.59,17.09,1.57,2.31,0.83,13.54,Equity : Flexi Cap,Nil upto 10% of units and 1% for remaining units on or before 6M Nil after 6M
Bajaj Finserv Gilt Fund-Reg(G),Siddharth Chaudhary,DT-GILT,4,13795.9,2.42,Open Ended,27-Feb-19,CRISIL Dynamic Gilt Index,11.66,132.25,9.48,-1.93,1.62,1.23,7.71,39.47,14.4,25.28,13.96,0,78,95296,96.84,1.24,13.49,Technology,22.09,0.84,9.01,30.92,1.19,2.92,0.4,18.68,Debt : Gilt,NIL
Bajaj Finserv Healthcare Fund-Reg(G),Nimesh Chandan,EQ-PHRM,1,14975.8,0.29,Open Ended,27-Dec-24,BSE Health Care - TRI,10.13,10.13,10,1.14,1.75,-1.22,6.02,26.31,7.58,29.36,12.9,0,50,38278,48.8,13.57,0.94,Automobile and Ancillaries,11.74,3.53,6.65,16.38,10.04,23.08,1.15,3.35,Equity : Sectoral - Pharma,1% on or before 3M Nil after 3M
Bajaj Finserv Large and Mid Cap Fund-Reg(G),Nimesh Chandan,EQ-L&M,3,1641,2.06,Open Ended,27-Feb-24,NIFTY LargeMidcap 250 - TRI,12.11,12.72,9.86,0,-4.82,1.68,7.46,11.6,5.49,12.28,14.17,342,69,168323,55.18,33.27,8.43,Financials,0.13,12.13,7.21,15.72,1.13,1.37,0.4,0.02,Equity : Large & Mid Cap,Nil upto 10% of units and 1% for remaining units or before 6M Nil after 6M
Bajaj Finserv Large Cap Fund-Reg(G),Nimesh Chandan,EQ-LC,2,1293.7,2.1,Open Ended,20-Aug-24,NIFTY 100 - TRI,9.73,10.53,9.47,-2.62,-8.04,3.74,16.33,6.73,9.96,4.9,6.71,114,27,376976,94.17,2.81,32.02,Financials,15.12,3.9,7.02,3.23,3.44,1.47,-0.02,16.4,Equity : Large Cap,1% on or before 6M Nil after 6M
Bajaj Finserv Liquid Fund-Reg(G),Siddharth Chaudhary,DT-LIQ,3,4336.1,0.27,Open Ended,05-Jul-23,Nifty Liquid Fund Index,1109.56,1109.56,1034.29,0.58,1.73,3.52,7.29,20.12,15.37,3.16,6.92,0,101,250843,59.29,3.45,83.42,Financials,0.12,0.11,7.04,0.71,10.43,5.26,0.95,0.07,Debt : Liquid,0.007% for Day 1 0.0065% on Day 2 0.0060% on Day 3 0.0055% on Day 4 0.0050% on Day 5 0.0045% on Day 6 NIL on or after 7D
Bajaj Finserv Money Market Fund-Reg(G),Siddharth Chaudhary,DT-MM,1,2862.6,0.65,Open Ended,24-Jul-23,Nifty Money Market Index,1106.77,1106.77,1033.02,0.61,1.71,3.49,7.16,10.1,8.71,13.76,15.24,0,40,78437,87,22.51,4.72,Financials,0.39,0.38,7.29,3.05,10.14,21.05,0.03,0.31,Debt : Money Market,Nil
Bajaj Finserv Multi Asset Allocation Fund-Reg(G),Nimesh Chandan,HY-MULTI,3,1108.2,2.08,Open Ended,03-Jun-24,NIFTY 50 - TRI,10.42,11.05,10,-1.65,-6.12,-0.75,22.64,7.41,5.76,28.8,11.27,0,38,192977,44.61,12.38,9.43,Financials,2.8,2.27,7.91,7.03,1.18,1.53,0.61,16.4,Hybrid : Multi Asset Allocation,Nil upto 30% of units and 1% for remaining units on or before 1Y Nil after 1Y
Bajaj Finserv Nifty 1D Rate Liquid ETF(G),Siddharth Chaudhary,DT-ETF,5,14.2,0.19,Open Ended,28-May-24,Nifty 1D Rate Index,1008.51,1008.51,1000,0.52,1.53,3.18,21.6,7.11,5.81,4.88,5.92,446,50,58051,39.78,65.36,10.19,Financials,1.19,4.82,7.09,1.49,7.11,1.92,0.41,11.84,Debt : ETFs,Nil
Bajaj Finserv Nifty 50 ETF,Ilesh Savla,EQ-ETF,1,209.7,0.07,Open Ended,19-Jan-24,NIFTY 50 - TRI,244.12,264.22,214.97,-1.62,-7.83,-1.25,7.64,21.23,14.5,13.22,6.81,126,50,555847,98.71,1.24,6.87,Financials,3.62,2.8,7.91,8.9,1.14,9.22,1.27,13.3,Equity : ETFs,Nil
Bajaj Finserv Nifty Bank ETF,Ilesh Savla,EQ-ETF,4,370.4,0.13,Open Ended,19-Jan-24,NIFTY BANK - TRI,51.93,54.72,44.82,-1.93,-3.56,-2.67,28.99,13.15,15.9,5.39,6.13,0,12,538968,86.42,13.57,3.92,Financials,3.69,0.01,7.09,8.77,1.09,10.04,0.33,17.58,Equity : ETFs,Nil
Bajaj Finserv Overnight Fund-Reg(G),Siddharth Chaudhary,DT-ON,5,233.3,0.13,Open Ended,05-Jul-23,CRISIL Liquid Overnight Index,1101.9,1101.9,1033.26,0.55,1.62,3.26,6.66,25.01,13.53,11.23,13.51,0,64,14874,38.83,89.87,0.77,Financials,3.16,6.85,6.7,0.3,35.04,2.2,1,0.01,Debt : Overnight,Nil
Bandhan All Seasons Bond Fund-Reg(G),Harshal Joshi,FOF-DOM,4,112.9,0.5,Open Ended,13-Sep-04,NIFTY Medium Duration Debt Index,41.96,41.96,38.94,0.52,1.46,4.06,7.75,7.25,5.88,6.25,7.09,0,38,538945,65.94,13.27,34.63,Financials,3.62,2.89,7.31,2.55,4.94,9.96,0.35,0.73,FoFs : Domestic,Nil
Bandhan Arbitrage Fund-Reg(G),Nemish Sheth,HY-ARB,2,7524,1.1,Open Ended,21-Dec-06,Nifty 50 Arbitrage,31.4,31.4,29.24,0.65,1.81,3.47,7.47,7.33,6.25,5.2,5.76,1631,184,158003,45.99,20.38,4.91,Financials,4.84,2.82,7.66,3.48,3.29,7.45,-0.08,0.98,Hybrid : Arbitrage,0.25% on or before 15D Nil after 15D
Bandhan Asset Alloc FoF-Aggr-Reg(G),Viraj Kulkarni,FOF-DOM,2,19.4,1.22,Open Ended,11-Feb-10,CRISIL Hybrid 35+65 - Aggressive Index,44.71,46.37,38.09,-0.04,-3.65,2.45,15.78,19.46,12.16,13.6,9.76,0,50,209088,87.09,19.49,31.37,Healthcare,5.79,4.13,7.45,7.99,1.28,2,1.17,8.95,FoFs : Domestic,Nil upto 10% of investment and 1% for remaining investment on or before 365D Nil after 365D
Bandhan Asset Alloc FoF-Cons-Reg(G),Viraj Kulkarni,FOF-DOM,3,6,0.76,Open Ended,11-Feb-10,CRISIL Hybrid 85+15 - Conservative Index,32.29,32.44,29.35,0.26,-0.57,2.83,9.46,10.4,7.41,7.65,7.5,0,24,173579,54.99,12.98,6.76,Financials,4.04,2.9,7.06,3.7,1.72,2.78,0.53,3.06,FoFs : Domestic,Nil upto 10% of investment and 1% for remaining investment on or before 365D Nil after 365D
Bandhan Asset Alloc FoF-Mod-Reg(G),Viraj Kulkarni,FOF-DOM,2,20.1,1.03,Open Ended,11-Feb-10,NIFTY 50 Hybrid Composite Debt 50:50 Index,39.52,40.23,34.38,0.26,-1.85,3.36,13.8,15.77,10.24,10.89,8.9,0,60,333301,81.87,26.27,18.41,Financials,5.42,3.88,7.42,6.6,1.43,2.27,0.98,6.61,FoFs : Domestic,Nil upto 10% of investment and 1% for remaining investment on or before 365D Nil after 365D
Bandhan Balanced Advantage Fund-Reg(G),Manish Gunwani,HY-DYN,3,2283.4,2.03,Open Ended,10-Oct-14,NIFTY 50 Hybrid Composite Debt 50:50 Index,23.96,24.09,20.67,0.39,-0.7,4.19,14.88,15.11,9.23,11.1,8.63,0,84,182616,61.8,8.66,10.45,Financials,11.37,5.96,7.2,6.73,1.46,2.13,1.16,6.91,Hybrid : Dynamic Asset Allocation,Nil for 10% of investment and for remaining investment 1% on or before 1Y
Bandhan Banking & PSU Debt Fund-Reg(G),Suyash Choudhary,DT-B&PSU,4,13506.9,0.63,Open Ended,07-Mar-13,NIFTY Banking and PSU Debt Index,23.59,23.59,21.94,0.52,1.49,3.87,7.52,7.12,5.95,6.39,7.25,0,29,223767,48,9.09,11.4,Financials,3.01,2.38,7.31,2.55,5.51,11.02,0.29,0.61,Debt : Banking & PSU,NIL
Bandhan Bond Fund - Income Plan-Reg(G),Suyash Choudhary,DT-LD,1,483.3,1.98,Open Ended,14-Jul-00,NIFTY Medium to Long Duration Debt Index,62.68,62.79,57.94,0.28,0.31,3.33,7.97,6.89,4.75,5.29,6.58,0,68,91141,1,7.89,18.04,FMCG,14.84,6.76,7.29,0.53,1.83,3.26,1.06,1.98,Debt : Long Duration,Nil for 10% of investment and 1% for remaining investment on or before 365D Nil after 365D
Bandhan Bond Fund - Medium Term Plan-Reg(G),Suyash Choudhary,DT-MD,3,1486.6,1.31,Open Ended,08-Jul-03,NIFTY Medium Duration Debt Index,43.77,43.79,40.69,0.44,1.15,3.98,7.57,6.97,5.01,5.58,6.63,0,118,76845,80.49,8.87,8.43,Financials,5.09,3.84,7.22,1.79,3.25,6.2,0.54,1.04,Debt : Medium Duration,Nil
Bandhan Bond Fund - Short Term Plan-Reg(G),Suyash Choudhary,DT-SD,4,9834.3,0.8,Open Ended,14-Dec-00,Nifty Short Duration Debt Index,54.63,54.63,50.67,0.52,1.43,4.04,7.82,7.36,5.82,6.06,6.93,0,76,259036,39.47,16.01,24.09,Financials,3.54,2.89,7.25,2.52,4.66,9.23,0.38,0.78,Debt : Short Duration,Nil
Bandhan BSE Healthcare Index Fund-Reg(G),Nemish Sheth,EQ-INDX,1,17.7,1.02,Open Ended,06-Sep-24,BSE Health Care - TRI,10.46,10.46,9.67,4.01,2.47,-3.18,7.3,18.96,6.92,35.06,11.86,78.28,99,68910,37.92,33.45,28.88,Healthcare,2.91,3.76,4.99,18.42,0.59,12.85,0.15,14.44,Equity : Index Funds,0.25% on or before 15D Nil after 15D
Bandhan BSE Sensex ETF,Nemish Sheth,EQ-ETF,5,1.2,0.38,Open Ended,07-Oct-16,BSE SENSEX - TRI,857.93,920.21,749.37,-1.65,-6.73,-0.95,9.48,15.28,12.05,14.82,7.19,3,30,684644,98.83,0.71,14.04,Financials,5.22,0.11,6.83,1.44,0.43,0.67,0.99,13.71,Equity : ETFs,1% on or before 1Y Nil after 1Y
Bandhan Business Cycle Fund-Reg(G),Vishal Biraia,EQ-THEM,5,1700.8,2.02,Open Ended,30-Sep-24,NIFTY 500 - TRI,9.92,10.16,9.38,0.06,-2.23,4.71,15.18,6.77,6.39,9.86,11.53,0,91,79783,36.9,18.46,19.59,Financials,0.94,0.42,6.89,19.73,4.61,1.76,0.39,8.95,Equity : Thematic,0.50% on or before 30D Nil after 30D
Bandhan Conservative Hybrid Fund-Reg(G),Viraj Kulkarni,HY-DT(CO),1,119.2,2.01,Open Ended,25-Feb-10,NIFTY AAA Short Duration Bond Index,30.82,31.43,28.46,-0.4,-2.04,1.36,7.74,8.76,5.81,6.33,6.71,0,9,203178,5.68,1.27,5.53,Automobile and Ancillaries,12.26,5.87,7.22,1.74,1.09,1.84,0.61,3.24,Hybrid : Debt Oriented (Conservative),Nil upto 10% of investment and 0.25% for remaining investment on or before 7D Nil after 7D
Bandhan Core Equity Fund-Reg(G),Manish Gunwani,EQ-L&M,3,7292.9,1.78,Open Ended,09-Aug-05,NIFTY LargeMidcap 250 - TRI,132.34,139.8,101.46,0.41,-5.98,3.25,28.68,33.25,24,23.32,15.88,157,112,101974,41.94,31.76,18.7,Financials,0.46,5.53,7.28,18.45,1.5,2.14,0.93,15.36,Equity : Large & Mid Cap,Nil upto 10% of investment and 1% for remaining investment on or before 365D Nil after 365D
Bandhan Corp Bond Fund-Reg(G),Suyash Choudhary,DT-CORP,3,13795.9,0.65,Open Ended,12-Jan-16,NIFTY Corporate Bond Index,18.39,18.39,17.1,0.5,1.49,4.1,7.59,7.2,5.66,6.4,12.89,0,30,232350,65.4,10.13,15.32,Financials,4.01,3.05,7.33,2.49,4.8,8.8,0.33,0.72,Debt : Corporate Bond,Nil
Bandhan Credit Risk Fund-Reg(G),Gautam Kaul,DT-CR,4,300.2,1.69,Open Ended,03-Mar-17,NIFTY Credit Risk Bond Index,15.8,15.8,14.73,0.51,1.37,3.57,7.28,6.53,5.37,5.48,12.31,0,66,538946,63.03,7.1,37.53,Financials,3.64,2.59,7.91,2.19,4.66,9.27,0.33,0.67,Debt : Credit Risk,1% on or before 365D
Bandhan CRISIL IBX 90:10 SDL Plus Gilt - April 2032 Index Fund-Reg(G),Gautam Kaul,DT-LD,2,583.1,0.26,Open Ended,29-Nov-22,CRISIL IBX 90:10 SDL Plus Gilt Index - April 2032,11.89,11.89,10.74,0.65,1.55,4.79,10.07,8.71,14.5,16.79,7.28,0,29,77293,25.09,12.79,24.33,Financials,7.09,5.33,7.19,3.38,3.24,6.63,0.75,1.72,Debt : Long Duration,Nil
Bandhan CRISIL IBX 90:10 SDL Plus Gilt - Nov 2026 Index Fund-Reg(G),Gautam Kaul,DT-M&LD,1,114.4,0.33,Open Ended,17-Nov-22,CRISIL IBX 90:10 SDL Plus Gilt Index - November 2026,11.61,11.61,10.78,0.53,1.48,3.75,7.85,7.32,12.94,13.23,5.75,0,27,97871,65.3,9.67,82.63,Financials,1.73,1.58,7.03,3.05,5.53,12.61,0.2,0.66,Debt : Medium to Long Duration,Nil
Bandhan CRISIL IBX 90:10 SDL Plus Gilt - Sep 2027 Index Fund-Reg(G),Gautam Kaul,DT-GILT,5,149.7,0.33,Open Ended,24-Nov-22,CRISIL IBX 90:10 SDL Plus Gilt Index - September 2027,11.64,11.65,10.76,0.57,1.46,3.9,8.25,7.62,3.07,21.38,6.29,0,100,143894,8.02,10.65,26.43,Healthcare,2.55,2.23,7.07,3,4.45,9.59,0.32,0.89,Debt : Gilt,Nil
Bandhan CRISIL IBX Gilt April 2026 Index Fund-Reg(G),Gautam Kaul,DT-GILT,2,471.9,0.41,Open Ended,20-Oct-22,CRISIL IBX Gilt Index - April 2026,11.69,11.69,10.91,0.5,1.47,3.54,7.12,7.06,12.28,5.27,6.76,0,50,15602,92.18,0.72,19.01,Energy,1.19,1.11,6.8,2.44,6.01,13.54,0.18,0.49,Debt : Gilt,Nil
Bandhan CRISIL IBX Gilt April 2028 Index Fund-Reg(G),Harshal Joshi,DT-GILT,4,4732.7,0.44,Open Ended,23-Mar-21,CRISIL IBX Gilt Index - April 2028,12.37,12.37,11.49,0.54,1.38,3.95,7.78,7.64,5.71,12.18,16.7,0,50,188008,50.24,25.91,65.41,Technology,2.87,2.48,6.83,2.34,4.06,8.64,0.42,0.88,Debt : Gilt,Nil
Bandhan CRISIL IBX Gilt April 2032 Index Fund-Reg(G),Gautam Kaul,DT-LD,4,435.2,0.46,Open Ended,15-Feb-23,CRISIL IBX Gilt Index - April 2032,11.69,11.69,10.69,0.56,0.97,4.66,9.16,5.79,7.18,6.02,6.29,0,42,11447,86.88,11.46,16.68,Financials,6.9,5.31,6.9,2.02,2.78,5.03,0.95,1.73,Debt : Long Duration,Nil
Bandhan CRISIL IBX Gilt June 2027 Index Fund-Reg(G),Harshal Joshi,DT-GILT,2,7101.5,0.43,Open Ended,23-Mar-21,CRISIL IBX Gilt Index - June 2027,12.32,12.32,11.45,0.48,1.44,3.83,7.61,7.46,5.53,7.8,6.35,0,16,153981,51.79,1.25,44.15,Financials,2.36,2.12,6.82,2.44,4.58,9.55,0.33,0.75,Debt : Gilt,Nil
Bandhan Dynamic Bond Fund-Reg(G),Suyash Choudhary,DT-DYN,4,3055.3,1.57,Open Ended,01-Dec-08,NIFTY Composite Debt Index,32.87,33.1,29.79,0.12,-0.68,2.99,10.01,8.05,5.65,6.15,7.17,0,24,436985,63.36,15.36,2.92,Financials,28.49,12.14,7.14,0.25,1.59,2.71,1.78,3.46,Debt : Dynamic Bond,Nil
Bandhan ELSS Tax Saver Fund-Reg(G),Daylynn Pinto,EQ-ELSS,5,6894.2,1.75,Open Ended,26-Dec-08,BSE 500 - TRI,149.82,162.71,129.48,-0.95,-7.7,-1.92,13.58,21.05,15.37,21.82,15.12,26,68,180974,66.43,13.21,15.97,Financials,12.06,8.48,6.99,5.27,0.74,1.09,0.86,12.9,Equity : Tax Saving (ELSS),Nil
Bandhan Equity Savings Fund-Reg(G),Nemish Sheth,HY-EQ,3,245.7,1.1,Open Ended,09-Jun-08,CRISIL Liquid Debt Index,30.14,30.14,27.91,0.41,0.16,2.33,7.66,8.7,6.63,7.8,6.63,0,42,394118,61.08,5.93,17.45,Financials,2.64,2.05,7.23,2.39,1.29,2.08,0.33,2.6,Hybrid : Equity Oriented,Nil upto 10% of investments and 0.25% for remaining investments on or before 7D Nil after 7D
Bandhan Financial Services Fund-Reg(G),Ritu Modi,EQ-FIN,1,957.5,2.21,Open Ended,28-Jul-23,Nifty Financial Services - TRI,14.05,14.69,11.44,-0.47,-4.08,3.75,18.93,24.97,13.03,4.63,6.35,95,41,182861,61.8,15.1,17.42,Financials,11.84,3.66,7.48,10.16,0.95,1.42,0.94,15.5,Equity : Sectoral - Financial Services,0.50% on or before 30D Nil after 30D
Bandhan Flexi Cap Fund-Reg(G),Manish Gunwani,EQ-FLEX,2,7291.4,1.87,Open Ended,28-Sep-05,BSE 500 - TRI,201.1,218.59,169.25,-0.92,-8.22,-1.22,15.55,20.65,12.83,15.72,11.27,121,83,237232,71.07,14.74,9.33,Financials,10.51,1.8,5.27,6.68,0.81,1.18,0.92,13.83,Equity : Flexi Cap,Nil upto 10% of investment and 1% for remaining investment on or before 365D Nil after 365D
Bandhan Floating Rate Fund-Reg(G),Brijesh Shah,DT-FL,1,320.9,0.79,Open Ended,18-Feb-21,Nifty Short Duration Debt Index,12.33,12.33,11.43,0.55,1.57,4.17,7.88,7.32,6.11,18.72,7.89,0,50,327266,96.57,11.75,75.6,Financials,3.67,2.83,7.76,2.77,5.35,10.17,0.32,0.7,Debt : Floater,Nil
Bandhan Focused Equity Fund-Reg(G),Manish Gunwani,EQ-MLC,2,1792.6,2.09,Open Ended,16-Mar-06,BSE 500 - TRI,90.73,91.78,67.73,1.85,0.95,11.54,30.45,31.57,18.12,18.56,12.72,76,27,114698,46.2,29.88,22.82,Financials,3.67,2.05,8.05,19.56,1.57,2.5,0.9,15.32,Equity : Multi Cap,Nil upto 10% of investment and 1% for remaining investment on or before 365D Nil after 365D
Bandhan FTP-179-3652D-Reg(G),Harshal Joshi,DT-FMP,3,333.1,0.47,Closed Ended,13-Mar-19,CRISIL Composite Bond Index,15.91,15.96,14.62,0.26,1.19,4.36,9.04,8.08,6.45,6.98,14.24,3,501,141178,79.89,14.54,31.01,Financials,14.9,0.01,6.95,3.7,3.53,6.71,0.31,1.31,Debt : FTP/FMP,1% on or before 1Y Nil after 1Y
Bandhan G-Sec-Constant Maturity Plan-Reg(G),Harshal Joshi,DT-GL10Y,1,346.1,0.37,Open Ended,09-Mar-02,Crisil 10 Yr Gilt Index,43.42,43.47,39.51,0.35,0.77,4.55,9.7,8.48,5.81,6.3,8.3,0,501,154708,98.74,11.92,24.94,Financials,10.68,7.14,6.95,1.84,2.43,4.29,1.17,2.17,Debt : Gilt (10 Yr Constant Duration),Nil
Bandhan G-Sec-Invest-Reg(G),Suyash Choudhary,DT-GILT,4,3684.5,1.14,Open Ended,05-Dec-08,CRISIL Dynamic Gilt Index,34.08,34.28,30.71,0.15,-0.58,3.22,10.62,8.55,6.1,6.62,7.75,0,20,556332,87.02,19.05,7.85,Financials,28.47,12.13,7.14,0.81,1.74,3,1.79,3.47,Debt : Gilt,Nil
Bandhan Hybrid Equity Fund-Reg(G),Prateek Poddar,HY-EQ,4,809.8,2.32,Open Ended,30-Dec-16,BSE 200 - TRI,25.42,25.88,20.62,1.37,-2.35,8.54,21.37,21.29,13.4,16.59,12.11,0,63,68799,40.65,13.57,18.47,Financials,12.49,5.79,7.39,9.53,1.29,1.83,2.33,12.59,Hybrid : Equity Oriented,Nil for 10% of investment and 1 % for remaining investment on or before 12M
Bandhan Infrastructure Fund-Reg(G),Vishal Biraia,EQ-INFRA,5,1798.3,2.08,Open Ended,08-Mar-11,BSE India Infrastructure Index - TRI,52.43,57.51,37.4,0.02,-7.3,-4.99,39.35,44.43,29.07,29.64,16.45,80,74,38278,30.97,15.43,50.79,Infrastructure,3.56,7.58,4.99,26.91,1.52,2.15,1.12,21.32,Equity : Sectoral - Infrastructure,0.50% on or before 30D Nil after 30D
Bandhan Innovation Fund-Reg(G),Manish Gunwani,EQ-THEM,2,1333.6,2.11,Open Ended,30-Apr-24,NIFTY 500 - TRI,13.08,13.08,9.65,2.6,-0.34,16.34,25.12,11.49,13.02,23.15,7.02,23,76,27071,28.39,18.05,46.09,Healthcare,4.46,1.57,6.86,2.52,2.47,4.33,1.07,4.48,Equity : Thematic,0.50% on or before 30D Nil after 30D
Bandhan Large Cap Fund-Reg(G),Manish Gunwani,EQ-LC,3,1759.5,2.06,Open Ended,09-Jun-06,BSE 100 - TRI,75.73,81.03,62.17,-0.55,-6.6,0.96,19.06,23.56,14.41,17.21,11.96,120,60,308002,76.57,10.75,7.58,Financials,0.11,0.15,7.09,10.05,1.11,1.74,0.87,12.98,Equity : Large Cap,0.50% on or before 30D Nil after 30D
Bandhan Liquid Fund-Reg(G),Harshal Joshi,DT-LIQ,2,13773.9,0.25,Open Ended,02-Apr-04,Nifty Liquid Fund Index,3050.66,3050.66,2843.69,0.58,1.73,3.52,7.3,7.13,6.36,5.26,6.24,0,41,194469,58.6,0.71,1.87,Healthcare,0.15,0.15,7.3,0.71,9.53,5.31,1.19,0.07,Debt : Liquid,0.007% for Day 1 0.0065% on Day 2 0.0060% on Day 3 0.0055% on Day 4 0.0050% on Day 5 0.0045% on Day 6 NIL after 7D
Bandhan Long Duration Fund-Reg(G),Gautam Kaul,DT-LD,2,205.9,0.67,Open Ended,20-Mar-24,NIFTY Long Duration Debt Index,10.68,10.73,9.9,0.22,-0.43,3.52,9.11,27.18,20.69,16.08,9.47,0,53,65240,43.49,9.77,19.52,Technology,28.66,12.03,7.13,11.84,1.26,1.78,1.13,0.13,Debt : Long Duration,Nil
Bandhan Low Duration Fund-Reg(G),Harshal Joshi,DT-LOWD,3,5621.8,0.6,Open Ended,17-Jan-06,NIFTY Low Duration Debt Index,37.11,37.11,34.59,0.57,1.69,3.57,7.29,7.12,6.09,5.72,6.85,0,46,282620,18.14,8,28.1,Financials,1.03,0.91,7.43,2.92,9.21,19.09,0.08,0.34,Debt : Low Duration,Nil
Bandhan Midcap Fund-Reg(G),Ritu Modi,EQ-MID,4,1547.5,2.08,Open Ended,18-Aug-22,BSE 150 MidCap - TRI,18.12,18.56,13.22,2.43,-2.25,4.87,33.08,35.51,12.91,16.08,8.69,39,91,61087,20.46,61.02,14.72,Capital Goods,7.04,4.27,7.58,21.37,1.58,2.35,0.88,16.3,Equity : Mid Cap,1% on or before 1Y Nil after 1Y
Bandhan Money Manager Fund-Reg(G),Brijesh Shah,DT-MM,1,11658.7,0.35,Open Ended,18-Feb-03,Nifty Money Market Index,38.79,38.79,36.2,0.6,1.75,3.55,7.17,6.92,5.96,5.15,6.11,0,52,77716,1.55,8.36,6.98,Financials,0.54,0.54,7.54,2.95,10.07,20.21,0.03,0.3,Debt : Money Market,Nil
Bandhan Multi Asset Allocation Fund-Reg(G),Viraj Kulkarni,HY-MULTI,3,1807.9,1.99,Open Ended,31-Jan-24,NIFTY 500 - TRI,11.56,12.03,9.99,-0.84,-4.14,1.66,22.65,35.88,10.73,9.19,5.81,0,119,164802,41.04,11.09,13.49,Financials,16.31,6.95,6.77,8.79,1.01,1.18,1.64,13.98,Hybrid : Multi Asset Allocation,Nil for 10% of investment For remaining investment: 0.50% on or before 1Y and Nil after 1Y
Bandhan Multi Cap Fund-Reg(G),Daylynn Pinto,EQ-MLC,4,2448.7,1.98,Open Ended,02-Dec-21,Nifty500 Multicap 50:25:25 - TRI,16.95,18.1,13.91,-0.31,-6.74,0.22,19.6,25.09,18.82,10.7,11.61,58,103,88740,45.04,23.08,28.1,Financials,1.62,2.05,6.71,10.91,1.08,1.59,0.87,14.07,Equity : Multi Cap,1% on or before 1Y Nil after 1Y
Bandhan Nifty 100 Index Fund-Reg(G),Nemish Sheth,EQ-INDX,3,152.8,0.61,Open Ended,24-Feb-22,NIFTY 100 - TRI,14.57,15.87,12.48,-1.87,-8.52,-2.14,12.51,17.23,8.92,17.12,5.87,10,100,436985,96.99,3.09,6.82,Financials,0.29,3.26,7.39,3.83,0.61,0.9,1.02,14.47,Equity : Index Funds,Nil
Bandhan Nifty 200 Quality 30 Index Fund-Reg(G),Nemish Sheth,EQ-INDX,4,48987.8,2.18,Open Ended,04-Dec-24,NIFTY200 Quality 30 - TRI,9.85,10.12,9.66,-0.83,-5.1,0.83,7.98,17.07,5.3,6.51,16.41,8,44,130263,62.62,64.92,10.56,Financials,9.6,0.92,2.9,2.42,9.16,1.99,1.02,12.93,Equity : Index Funds,0.25% on or before 15D Nil after 15D
Bandhan Nifty 50 ETF,Nemish Sheth,EQ-ETF,2,26,0.09,Open Ended,07-Oct-16,NIFTY 50 - TRI,262.24,283.81,227.94,-1.61,-7.82,-1.26,10.36,16.45,12.86,15.6,12.37,4,50,555840,98.48,1.24,6.39,Financials,8.02,0.01,7.03,2.24,0.49,0.75,0.99,13.81,Equity : ETFs,1% on or before 1M Nil after 1M
Bandhan Nifty 50 Index Fund-Reg(G),Nemish Sheth,EQ-INDX,4,1644.7,0.6,Open Ended,30-Apr-10,NIFTY 50 - TRI,51.78,56.16,45.31,-1.66,-8.01,-1.65,9.61,15.72,12.33,15.22,11.9,19,50,555827,98.78,1.25,3.41,Financials,0.67,0.46,7.66,1.21,0.44,0.67,1,13.88,Equity : Index Funds,Nil
Bandhan Nifty 500 Momentum 50 Index Fund-Reg(G),Nemish Sheth,EQ-INDX,1,14.5,1,Open Ended,29-Oct-24,Nifty500 Momentum 50 - TRI,9.8,10.46,9.43,-3.24,1.4,3.72,5.37,23.02,18.12,11.06,11.41,50,50,127193,63.96,31.55,4.37,Capital Goods,2.39,0.81,7.03,2.7,1.4,9.22,0.97,1.82,Equity : Index Funds,0.25% on or before 15D Nil after 15D
Bandhan Nifty 500 Value 50 Index Fund-Reg(G),Nemish Sheth,EQ-INDX,3,7.6,1,Open Ended,29-Oct-24,NIFTY500 Value 50 - TRI,9.55,10.27,9.32,-5.23,-5.02,4.69,10.06,7.34,14.75,5.47,4.89,45,51,111588,62.63,19.97,15.4,Energy,4.24,0.34,7.17,6.12,0.77,3.91,0.42,12.33,Equity : Index Funds,0.25% on or before 15D Nil after 15D
Bandhan Nifty Alpha 50 Index Fund-Reg(G),Nemish Sheth,EQ-INDX,3,327.1,1.02,Open Ended,09-Nov-23,Nifty Alpha 50 - TRI,15.04,16.33,11.4,0.9,-6.34,-0.69,30.92,5.02,5.94,5.77,15.95,130,50,76519,30.26,53.88,15.85,Financials,7.62,4.46,6.91,20.16,1.1,1.61,1.2,23.67,Equity : Index Funds,Nil
Bandhan Nifty Alpha Low Volatility 30 Index Fund-Reg(G),Nemish Sheth,EQ-INDX,1,1254.2,0.1,Open Ended,03-Apr-07,NIFTY Alpha Low-Volatility 30 - TRI,9.85,12.05,50.3,0.51,0.1,3.22,12.88,23.45,22.15,21.12,5.89,0,31,102161,70.78,6.34,24.07,Financials,4.04,3.41,7.03,19.4,2.34,20.05,0.77,3.4,Equity : Index Funds,0.25% on or before 15D Nil after 15D
Bandhan Nifty Bank Index Fund-Reg(G),Nemish Sheth,EQ-INDX,1,13.3,1,Open Ended,27-Aug-24,NIFTY BANK - TRI,10.03,10.6,9.75,-1.98,-3.78,3.97,42.19,7.17,6.31,4.48,21.87,30.47,12,538938,86.46,13.58,6.23,Financials,22.09,5.65,7.59,17.31,10.19,4.27,0.4,13.81,Equity : Index Funds,0.25% on or before 15D Nil after 15D
Bandhan Nifty IT Index Fund-Reg(G),Nemish Sheth,EQ-INDX,1,27,1.02,Open Ended,31-Aug-23,NIFTY IT - TRI,14.54,15.09,10.57,0.42,2.5,17.99,22.68,19.34,18.12,15.52,9.58,53,10,429500,83.83,16.15,46.03,Technology,0.39,0.01,7.94,15.15,0.97,1.76,0.75,19.43,Equity : Index Funds,Nil
Bandhan Nifty Midcap 150 Index Fund-Reg(G),Nemish Sheth,EQ-INDX,5,20.3,0.91,Open Ended,19-Sep-24,Nifty Midcap 150 - TRI,9.76,10.25,9.1,1.53,-5.23,3.25,85.87,88.82,13.33,4.81,14.94,0,151,58764,6.41,86.35,6.74,Financials,0.11,0.44,7.52,11.54,0.64,0.75,0.99,18.2,Equity : Index Funds,0.25% on or before 15D Nil after 15D
Bandhan Nifty Smallcap 250 Index Fund-Reg(G),Nemish Sheth,EQ-INDX,2,45.9,0.89,Open Ended,22-Dec-23,Nifty Smallcap 250 - TRI,12.97,13.45,9.77,1.02,-3.49,2.88,26.06,6.99,20.08,6.11,12.62,0,250,19551,100.05,8.01,91.98,Financials,1.61,5.68,7.36,17.06,1.1,1.56,0.96,19.82,Equity : Index Funds,Nil
Bandhan Nifty Total Market Index Fund-Reg(G),Nemish Sheth,EQ-INDX,1,35.8,1.05,Open Ended,10-Jul-24,Nifty Total Market - TRI,9.94,10.66,9.5,-0.92,-7.31,-6,8.89,39.13,29.07,13.45,5.82,56,752,194171,67.76,17.91,14.15,Financials,0.01,4.27,6.94,3.91,7.75,2.17,1.19,15.49,Equity : Index Funds,0.25% on or before 15D Nil after 15D
Bandhan Nifty100 Low Volatility 30 Index Fund-Reg(G),Nemish Sheth,EQ-INDX,2,1350.7,1.04,Open Ended,06-Oct-22,Nifty100 Low Volatility 30 - TRI,15.03,16.64,13.04,-0.55,-10.24,0.21,11.11,21.18,15.44,9.24,8.79,50,30,323010,96.56,3.45,10.98,FMCG,0.4,2.36,7.22,3.75,0.63,1.08,0.7,11.44,Equity : Index Funds,Nil
Bandhan Nifty200 Momentum 30 Index Fund-Reg(G),Nemish Sheth,EQ-INDX,4,138.8,1.06,Open Ended,02-Sep-22,Nifty200 Momentum 30 - TRI,16.91,19.27,13.93,-3.92,-12.9,-7.76,19.46,30.12,21.59,18.56,16.93,90,30,199219,87.01,12.9,2.55,Automobile and Ancillaries,4.3,1.24,6.63,10.38,0.75,1.1,1.24,21.95,Equity : Index Funds,Nil
Bandhan Overnight Fund-Reg(G),Brijesh Shah,DT-ON,3,1152.6,0.15,Open Ended,18-Jan-19,Nifty 1D Rate Index,1332.31,1332.31,1249.87,0.55,1.6,3.23,6.62,6.59,5.93,4.81,9.81,0,41,684559,48.8,61.05,99.89,Financials,2.11,0.01,6.68,0.28,33.32,1.99,0.75,0.01,Debt : Overnight,Nil
Bandhan Retirement Fund-Reg(G),Vishal Biraia,HY-SOL,5,173.4,2.35,Open Ended,18-Oct-23,CRISIL Hybrid 50+50 - Moderate Index,12.19,12.68,10.72,-0.09,-3.71,0.16,12.9,15.31,16,7.65,14.18,0,59,280659,58.49,9.17,4.29,Financials,23.33,9.94,6.98,3.91,1.02,1.48,1.61,8.42,Hybrid : Solution Oriented,Nil
Bandhan Small Cap Fund-Reg(G),Manish Gunwani,EQ-SML,3,9248.3,1.72,Open Ended,25-Feb-20,BSE 250 Small Cap - TRI,47.62,48.98,32.32,0.49,-2.89,12.67,43.3,49.02,27.87,9.07,7.46,67,178,14677,6.58,12.24,71.48,Financials,2.63,3.28,7.46,30.04,1.92,2.8,0.87,17.9,Equity : Small Cap,1% on or before 1Y
Bandhan Sterling Value Fund-Reg(G),Daylynn Pinto,EQ-VAL,5,10053.8,1.76,Open Ended,07-Mar-08,BSE 500 - TRI,147.62,159.78,123.15,-1.15,-7.51,-1.32,18.11,25.56,17.81,24.9,15.06,39,65,154708,57.57,15.36,18.5,Financials,0.27,2.61,7.33,9.32,0.99,1.46,0.9,13.93,Equity : Value / Contra,Nil upto 10% of investment and 1% for remaining investment on or before 365D Nil after 365D
Bandhan Transportation and Logistics Fund-Reg(G),Daylynn Pinto,EQ-AUTO,3,543.3,2.41,Open Ended,25-Oct-22,Nifty Transportation & Logistics - TRI,17.18,19.42,13.92,-1.6,-12.53,-8.95,20.01,30.65,5.77,29.69,7.77,38,40,58581,53.29,9.56,29.5,Automobile and Ancillaries,22.22,0.94,6.95,11.59,1.01,1.57,0.83,15.52,Equity : Sectoral - Auto,0.50% on or before 30D Nil after 30D
Bandhan Ultra Short Term Fund-Reg(G),Harshal Joshi,DT-USD,4,3819.6,0.47,Open Ended,18-Jul-18,NIFTY Ultra Short Duration Debt Index,14.67,14.67,13.67,0.6,1.75,3.57,7.4,7.22,6.28,5.54,6.82,0,50,61087,51.53,4.98,30.55,Financials,0.49,0.46,7.47,3.18,10.71,21.43,0.03,0.3,Debt : Ultra Short Duration,Nil
Bandhan US Equity FoF-Reg(G),Ritika Behera,FOF-OVR,5,345.4,1.62,Open Ended,20-Aug-21,Russell 1000 Index,15.57,15.88,11.09,1.04,7.98,8.51,34.62,35,14.22,6.29,6.93,0,56,40834,65.15,45.57,11.32,Healthcare,0.01,3.57,7.57,28.63,1.61,2.49,0.75,19.11,FoFs : Overseas,1% on or before 1Y Nil after 1Y
Bandhan US Equity FoF-Reg(IDCW),Ritika Behera,FOF-OVR,1,345.4,1.62,Open Ended,20-Aug-21,Russell 1000 Index,15.57,15.88,11.09,1.04,7.98,8.51,34.62,35,14.22,15.51,6.76,0,50,339011,63.45,14.85,6.79,Financials,0.94,3.82,7.41,28.63,1.61,2.49,0.75,19.11,FoFs : Overseas,1% on or before 1Y Nil after 1Y
Bandhan US Treasury Bond 0-1 year FoF-Reg(G),Brijesh Shah,FOF-OVR,3,141.1,0.18,Open Ended,28-Mar-23,ICE 0-1 Year US Treasury Securities Index,11.33,11.33,10.45,1.51,3.06,4.92,7.95,10.03,22.04,20.7,11.42,0,50,555824,8.01,12.41,19.95,Financials,1.14,7.89,6.86,4.96,2.55,5.76,-0.28,1.65,FoFs : Overseas,0.10% on or before 7D Nil after 7D
Bank of India Arbitrage Fund-Reg(G),Firdaus Marazban Ragina,HY-ARB,3,41,0.92,Open Ended,18-Jun-18,Nifty 50 Arbitrage,13.38,13.38,12.52,0.61,1.75,3.33,6.9,6.58,5.38,4.27,7.15,0,41,198393,56.28,14.54,2.57,Financials,0.21,0.21,6.89,3,2.75,5.99,-0.08,1,Hybrid : Arbitrage,Nil for 10% of units and 0.50% for remaining units on or before 30D Nil after 30D
Bank of India Balanced Advantage Fund-Reg(G),Alok Singh,HY-DYN,4,135.8,2.27,Open Ended,14-Mar-14,NIFTY 50 Hybrid Composite Debt 50:50 Index,24.25,25.84,22.18,-1.54,-6.44,-3.86,6.53,12.74,13.9,11.02,7.28,0,59,466245,69.7,0.71,2.01,Financials,3.69,2.91,7.38,-2.24,0.27,0.38,1.83,11.59,Hybrid : Dynamic Asset Allocation,1% on or before 3M Nil after 3M
Bank of India Bluechip Fund-Reg(G),Alok Singh,EQ-LC,5,197.4,2.3,Open Ended,29-Jun-21,NIFTY 100 - TRI,16,17.16,13.84,-1.93,-7.39,-4.48,13.27,22.02,13.13,6.31,5.61,53,52,225910,82.58,7.54,9.23,Financials,1.23,0.43,6.64,4.91,0.63,0.89,1.04,16.08,Equity : Large Cap,1% on or before 3M Nil after 3M
Bank of India Business Cycle Fund-Reg(G),Alok Singh,EQ-THEM,2,636.4,2.18,Open Ended,30-Aug-24,NIFTY 500 - TRI,9.99,10.44,9.72,-1.98,-1.88,-6.13,16.37,7.05,13.03,13.05,7.68,133,103,73172,38.99,12.04,30.55,Financials,6.9,0.01,6.82,3.02,9.43,15.32,1.14,2.19,Equity : Thematic,Nil upto 10% of units and 1% for remaining units on or before 3M Nil after 3M
Bank of India Conservative Hybrid Fund-Reg(G),Alok Singh,HY-DT(CO),5,66.1,2.05,Open Ended,18-Mar-09,CRISIL Hybrid 85+15 - Conservative Index,33.32,33.66,30.99,-0.39,-0.61,0.76,7,9.05,13.05,11.73,7.68,0,27,213701,15.05,1.88,2.92,Financials,3.23,2.5,7.2,0.18,0.68,0.95,0.97,4.48,Hybrid : Debt Oriented (Conservative),Nil for 10% of investment and 1% for remaining investment on or before 1Y Nil after 1Y
Bank of India Consumption Fund-Reg(G),Nitin Gosar,EQ-CONS,5,25.8,1.22,Open Ended,20-Dec-24,Nifty India Consumption - TRI,10.03,10.03,10,-0.32,-5.02,4.15,21.44,7.28,17.7,5.46,13.92,0,4,538946,69.01,1.63,4.75,Financials,1.41,2.68,7.36,19.1,1.25,1.56,1.02,0.01,Equity : Thematic - Consumption,Nil for 10% of investments and 1% for remaining investments or or before 12M Nil after 12M
Bank of India Credit Risk Fund-Reg(G),Alok Singh,DT-CR,2,114.9,1.38,Open Ended,27-Feb-15,CRISIL Credit Risk Debt Index,11.8,11.81,11.14,0.31,1.2,2.56,5.97,5.78,39.49,10.56,9.81,0,73,111588,88.01,1.63,41.51,Financials,0.72,0.59,7.01,1.97,1.64,4.89,0.28,1.19,Debt : Credit Risk,4% on or before 12M 3% after 12M but on or before 24M 2% after 24M but on or before 36M Nil after 36M
Bank of India ELSS Tax Saver-Reg(G),Alok Singh,EQ-ELSS,5,1453,1.96,Open Ended,25-Feb-09,BSE 500 - TRI,169.28,177.91,136.56,-0.65,-4.36,-3.21,21.96,28.56,17.92,24.88,16.41,93,65,108006,50.24,21.8,23.18,Financials,4.24,2.99,7.55,12.7,0.93,1.27,1.14,19.84,Equity : Tax Saving (ELSS),Nil
Bank of India Flexi Cap Fund-Reg(G),Alok Singh,EQ-FLEX,3,2048.2,1.95,Open Ended,29-Jun-20,BSE 500 - TRI,36.15,37.58,27.59,0.14,-3.2,0.7,29.46,34.25,21.51,5.58,6.85,88,70,85868,46.44,15.65,31.01,Financials,2.52,3.79,7.33,18.98,1.27,1.74,1.11,19.36,Equity : Flexi Cap,1% on or before 3M Nil after 3M
Bank of India Large & Mid Cap Equity Fund-Reg(G),Nitin Gosar,EQ-L&M,3,374.5,2.3,Open Ended,21-Oct-08,BSE 250 LargeMidCap Index - TRI,87.67,93.96,73.01,-2.19,-6.52,-3.53,17.1,23.49,16.05,19.55,12.11,110,60,113345,46.63,33.39,16.81,Financials,3.67,11.05,7.75,8.34,0.79,1.11,1.05,17.2,Equity : Large & Mid Cap,NIL upto 10% of units and 1% for in execss of above Limit on or before 1Y NIL after 1Y
Bank of India Liquid Fund-Reg(G),Mithraem Bharucha,DT-LIQ,2,1699.1,0.13,Open Ended,16-Jul-08,CRISIL Liquid Debt Index,2906.3,2906.3,2705.71,0.6,1.77,3.59,7.43,7.24,6.47,5.34,6.31,0,500,29955,45.65,86.73,15.89,Financials,0.15,0.15,7.05,0.81,11.63,5.74,0.88,0.07,Debt : Liquid,0.007% for Day 1 0.0065% on Day 2 0.0060% on Day 3 0.0055% on Day 4 0.0050% on Day 5 0.0045% on Day 6 NIL on or after 7D
Bank of India Mfg & Infra Fund-Reg(G),Nitin Gosar,EQ-INFRA,1,538.8,2.28,Open Ended,05-Mar-10,BSE India Infrastructure Index - TRI,56.07,60.31,43.77,-1.86,-7.45,-2.6,26.12,35.07,23.99,29.71,16.45,70,71,48514,32.29,16.52,42.6,Energy,0.01,0.04,6.94,16.38,1.17,1.64,1.02,18.43,Equity : Sectoral - Infrastructure,NIL upto 10% of units and 1% for in execss of above Limit on or before 1Y NIL after 1Y
Bank of India Mid & Small Cap Equity & Debt Fund-Reg(G),Alok Singh,HY-EQ,5,1053.7,2.1,Open Ended,20-Jul-16,Nifty MidSmallcap 400 - TRI,39.5,40.4,31.13,1.76,-0.2,3.4,26.04,29.93,17.48,26.73,5.81,119,66,30478,2.98,37.19,32.91,Financials,2.51,1.83,7.38,14.77,1.4,2.01,2.14,15.07,Hybrid : Equity Oriented,1% on or before 3M Nil after 3M
Bank of India Midcap Tax Fund-Sr 1-Reg(G),Nilesh Jethani,EQ-ELSS,1,66.8,0.84,Closed Ended,19-Feb-18,BSE 500 - TRI,27.6,28.89,22.43,0.74,-4.35,-3.37,20.63,27.79,15.18,24.79,5.76,16,50,70419,25.69,58.85,13.57,Financials,11.35,0.17,6.93,11.69,0.97,1.43,0.94,17,Equity : Tax Saving (ELSS),Nil
Bank of India Midcap Tax Fund-Sr 2-Reg(G),Nilesh Jethani,EQ-ELSS,3,35.6,1.04,Closed Ended,19-Oct-18,BSE 500 - TRI,32.65,34.31,26.88,0.5,-4.7,-3.79,19.41,27.63,15.24,23.05,6.27,0,50,67324,22.71,60.57,14.36,Financials,15.02,5.12,7.5,10.68,0.91,1.34,0.95,17.05,Equity : Tax Saving (ELSS),Nil upto 10% of investment and 1% for remaining investment on or before 12M Nil after 12M
Bank of India Multi Asset Allocation Fund-Reg(G),Mithraem Bharucha,HY-MULTI,3,351.2,1.93,Open Ended,28-Feb-24,NIFTY Composite Debt Index,11,11.27,9.88,-0.85,-2.17,0.26,20.8,24.59,5.4,5.47,7.17,0,48,82218,22.64,3.96,12.03,Financials,4.07,3.14,7.45,12.2,1.29,1,0.18,0.22,Hybrid : Multi Asset Allocation,Nil upto 10% of units and 1% for remaining units on or before 1Y Nil after 1Y
Bank of India Multi Cap Fund-Reg(G),Nitin Gosar,EQ-MLC,1,758.1,2.21,Open Ended,03-Mar-23,Nifty500 Multicap 50:25:25 - TRI,17.71,18.61,14.26,-1.35,-5.35,0.17,22.6,5.59,19.14,14.95,12.12,106,68,69935,34.54,24.47,32.62,Financials,0.32,0.94,7.74,13.46,1.05,1.47,1.02,17.68,Equity : Multi Cap,Nil upto 10% of units and 1% for remaining units on or before 1Y Nil after 1Y
Bank of India Overnight Fund-Reg(G),Mithraem Bharucha,DT-ON,2,91.1,0.1,Open Ended,28-Jan-20,CRISIL Liquid Overnight Index,1272.22,1272.22,1191.66,0.56,1.65,3.32,6.78,6.76,6.09,24.93,5.87,0,100,209630,58.62,11.76,1.55,Financials,2.59,3.26,6.68,0.38,45.04,2.71,1.01,0.01,Debt : Overnight,Nil
Bank of India Short Term Income Fund-Reg(G),Mithraem Bharucha,DT-SD,2,81.9,1,Open Ended,18-Dec-08,CRISIL Short Duration Debt Index,25.68,25.69,23.54,0.52,3.13,5.52,9.09,7.49,13.59,8.36,5.73,0,47,230740,34.16,33.54,5.38,Financials,2.3,1.82,7.17,3.86,2.4,13.34,0.36,2.05,Debt : Short Duration,Nil
Bank of India Small Cap Fund-Reg(G),Alok Singh,EQ-SML,5,1613.4,1.99,Open Ended,19-Dec-18,Nifty Smallcap 250 - TRI,50.02,51.76,35.58,-0.26,-2.23,5.94,31.14,36.28,22.4,36.39,5.92,61,68,15602,2.26,10.97,74.9,Healthcare,4.52,3.33,6.89,21.14,1.4,2.06,0.85,18.2,Equity : Small Cap,Nil upto 10% of units and 1% for excess units on or before 1Y Nil after 1Y
Bank of India Ultra Short Duration Fund-Reg(G),Mithraem Bharucha,DT-USD,3,184.6,0.85,Open Ended,16-Jul-08,CRISIL Ultra Short Term Debt Index,3055.09,3055.09,2865.39,0.57,1.6,3.28,6.63,6.43,5.75,5.06,6.61,0,12,89221,64.97,1.9,25.14,Financials,0.48,0.47,7.46,2.52,9.24,19.09,0.03,0.28,Debt : Ultra Short Duration,Nil
Baroda BNP Paribas Aggressive Hybrid Fund-Reg(G),Jitendra Sriram,HY-EQ,4,1179.7,2.11,Open Ended,07-Apr-17,CRISIL Hybrid 35+65 - Aggressive Index,27.85,28.79,22.94,-0.28,-3.5,1.92,19.47,20.81,15.15,16.31,7.03,93,48,258506,51.1,12.54,6.65,Financials,4.15,2.97,7.75,10.28,1.33,1.94,1.57,11.22,Hybrid : Equity Oriented,Nil upto 10% of units and 1 % for in excess of limits on or before 12M Nil after 12M
Baroda BNP Paribas Aqua FoF-Reg(G),Swapna Shelar,FOF-OVR,2,45.4,1.6,Open Ended,07-May-21,MSCI World,11.82,13.02,11.07,-5.78,-9.09,1.06,1.24,10.35,1.63,18.13,11.84,1,56,538945,37.49,1.25,5.38,Financials,2.83,4.82,7.61,-6.9,-0.19,-0.31,1.44,12.77,FoFs : Overseas,1% on or before 12M Nil after 12M
Baroda BNP Paribas Arbitrage Fund-Reg(G),Neeraj Saxena,HY-ARB,4,1375.6,1.18,Open Ended,28-Dec-16,Nifty 50 Arbitrage,15.56,15.56,14.5,0.59,1.67,3.33,7.34,7.31,6.11,5.3,18.74,2018,99,128317,41.43,14.88,10.9,Financials,0.42,0.38,6.77,3.58,3.23,7.45,-0.11,1.01,Hybrid : Arbitrage,0.25% on or before 15D Nil after 15D
Baroda BNP Paribas Balanced Advantage Fund-Reg(G),Sanjay Chawla,HY-DYN,5,4212.5,1.89,Open Ended,14-Nov-18,BSE 200,23.77,24.1,20.2,-0.1,-1.57,3.3,15.21,18.43,13.03,16.16,13.35,242,55,223767,47.81,13.11,8.75,Financials,3.78,2.66,7.75,5.72,1.11,1.57,1.78,9.84,Hybrid : Dynamic Asset Allocation,Nil upto 10% of units and 1% for remaining units on or before 1Y Nil after 1Y
Baroda BNP Paribas Banking and Fin Serv Fund-Reg(G),Sandeep Jain,EQ-FIN,5,204.5,2.43,Open Ended,22-Jun-12,Nifty Financial Services - TRI,44.47,46.44,37.21,-0.85,-3.51,2.72,12.77,17.28,16.82,11.07,10.3,114,29,344859,76.53,14.61,5.4,Financials,10.84,5.96,7.59,4.33,0.55,0.79,1.1,17.94,Equity : Sectoral - Financial Services,1% on or before 30D Nil after 30D
Baroda BNP Paribas Banking and PSU Bond Fund-Reg(G),Gurvinder Singh Wasan,DT-B&PSU,1,26.7,0.79,Open Ended,17-Dec-20,CRISIL Banking and PSU Debt Index,12.08,12.08,11.2,0.51,1.4,3.94,7.78,7.04,5.23,6.62,12.46,0,50,283413,47.76,18.86,3.69,Healthcare,4.77,3.5,7.25,2.55,4.45,8.62,0.39,0.83,Debt : Banking & PSU,Nil
Baroda BNP Paribas Business Cycle Fund-Reg(G),Jitendra Sriram,EQ-THEM,1,597.8,2.36,Open Ended,15-Sep-21,BSE 500 - TRI,16.21,17.11,13.18,-0.12,-5.36,0.7,20.39,26.31,17.54,5.2,10.93,57,65,174083,63.76,16.4,16.18,Financials,1.44,3.28,7.36,11.72,1.11,1.63,0.93,14.74,Equity : Thematic,Nil upto 10% of units and 1% for remaining units on or beofre 1Y Nil after 1Y
Baroda BNP Paribas Childrens Fund-Reg(G),Pratish Krishnan,HY-SOL,4,926,0.78,Open Ended,31-Dec-24,NIFTY 500 - TRI,10.08,10.08,10.02,0.15,-1.71,0.76,30,11.67,38.46,15,7.77,0,51,193143,22.99,14.27,22.36,Financials,10.08,4.21,7.35,3.48,0.71,4.18,0.87,0.32,Hybrid : Solution Oriented,1% on or before 1Y Nil after 1Y
Baroda BNP Paribas Conservative Hybrid Fund-Reg(G),Pratish Krishnan,HY-DT(CO),2,747.1,2.02,Open Ended,23-Sep-04,CRISIL Hybrid 85+15 - Conservative Index,43.6,43.6,39.49,0.7,0.2,3.27,9.83,10.57,7.85,7.71,7.36,165,55,158242,13.17,5.91,4.75,Financials,3.77,2.87,7.55,3.45,1.59,2.3,0.76,3.62,Hybrid : Debt Oriented (Conservative),1% on or before 6M Nil after 6M
Baroda BNP Paribas Corp Bond Fund(G),Gurvinder Singh Wasan,DT-CORP,5,207.2,0.58,Open Ended,08-Nov-08,CRISIL Corporate Bond Index,26.17,26.17,24.16,0.57,1.45,4.23,8.28,7.61,5.58,5.72,5.92,0,100,258632,86.41,8.73,17.5,Financials,5.2,3.79,7.31,3.05,4.97,9.24,0.38,0.84,Debt : Corporate Bond,Nil
Baroda BNP Paribas Credit Risk Fund-Reg(G),Gurvinder Singh Wasan,DT-CR,4,161.8,1.6,Open Ended,23-Jan-15,CRISIL Credit Risk Debt Index,21.24,21.24,19.64,0.49,1.6,4.16,8.13,7.74,6.69,8.18,9.94,0,85,30498,70.14,18.02,15.41,Financials,3.32,2.25,8.23,3.4,6.57,13.77,0.22,0.62,Debt : Credit Risk,Nil upto 10% of units and 1% for remaining units on or before 1Y Nil after 1Y
Baroda BNP Paribas Dividend Yield Fund-Reg(G),Shiv Chanani,EQ-DIV,1,1039.8,2.13,Open Ended,11-Sep-24,NIFTY 500 - TRI,9.49,10.26,9.11,-0.63,-7.79,2.07,20.01,7.37,20.98,18.98,8.69,49,56,193143,64.17,19.05,10.54,Energy,5.01,1.3,7.03,3.55,3.28,1.84,0.29,0.3,Equity : Thematic - Dividend Yield,Nil upto 10% of units and 1% for remaining units on or before 1Y Nil after 1Y
Baroda BNP Paribas Dynamic Bond Fund(G),Prashant Pimple,DT-DYN,2,168.4,1.69,Open Ended,23-Sep-04,CRISIL Dynamic Bond Index,43.92,44.05,40.49,0.2,0.52,3.75,8.26,7.51,6.05,5.68,6.48,0,12,63266,38.41,11.27,27.78,Financials,8.81,6.39,6.77,0.73,1.88,3.15,1.11,2.14,Debt : Dynamic Bond,Nil
Baroda BNP Paribas ELSS Tax Saver Fund-Reg(G),Sanjay Chawla,EQ-ELSS,2,951.7,2.19,Open Ended,05-Jan-06,NIFTY 500 - TRI,96.79,99.28,75.57,0.39,-3.12,4.45,24.06,28.16,17.31,18.41,13.06,91,55,135296,50.36,26.39,20.19,Financials,0.3,0.11,6.99,14.16,1.23,1.75,0.97,15.51,Equity : Tax Saving (ELSS),Nil
Baroda BNP Paribas Equity Savings Fund-Reg(G),Pratish Krishnan,HY-EQ,2,253.7,2.49,Open Ended,25-Jul-19,NIFTY 50 Equity Savings Index - TRI,16.14,16.21,14.39,0.3,-0.65,3.24,10.87,12.46,9.31,9.24,6.26,485,63,242567,51.79,8.56,6.46,Financials,3.57,2.81,7.26,4.08,1.28,1.87,0.88,5.18,Hybrid : Equity Oriented,1% on or before 30D Nil after 30D
Baroda BNP Paribas Flexi Cap Fund-Reg(G),Sanjay Chawla,EQ-FLEX,2,1314,2.14,Open Ended,17-Aug-22,NIFTY 500 - TRI,15.9,16.64,12.65,0.88,-4.85,2.59,22.22,25.34,6.09,16.09,12.26,91,48,140082,48.72,33.54,14.62,Financials,2.36,2.27,6.66,13,1.09,1.51,1.02,16.71,Equity : Flexi Cap,Nil upto 10% of units and 1% for remaining units on or before 12M Nil after 12M
Baroda BNP Paribas Floater Fund-Reg(G),Prashant Pimple,DT-FL,2,18.9,0.64,Open Ended,26-Apr-23,CRISIL Low Duration Debt Index,11.18,11.18,10.52,0.62,2.58,4.94,8.36,9.99,6.17,18.66,12.58,0,64,19008,36.92,74.59,51.38,Financials,8.13,0.05,7.83,4.28,6.45,16.38,0.01,0.67,Debt : Floater,Nil
Baroda BNP Paribas Focused Fund-Reg(G),Sanjay Chawla,EQ-FLEX,2,689,2.26,Open Ended,06-Oct-17,NIFTY 500 - TRI,22.32,23.97,17.99,-0.39,-7.38,-3.51,17.39,22.41,15.57,16.56,5.84,144,23,143900,56.11,29.55,8.72,Financials,0.15,0.32,7.07,8.44,0.75,1.07,1.09,18.53,Equity : Flexi Cap,Nil upto 10% of units within 12M In excess of limit - 1% on or before 12M and Nil after 12M
Baroda BNP Paribas Gilt Fund-Reg(G),Gurvinder Singh Wasan,DT-GILT,2,1804,0.45,Open Ended,21-Mar-02,CRISIL Dynamic Gilt Index,40.73,40.75,37.04,0.49,1.08,4.7,9.66,8.38,6.04,5.88,6.6,0,35,76029,61.12,3.67,8.72,Capital Goods,9.04,6.46,6.88,2.32,2.92,5.27,1.01,1.82,Debt : Gilt,Nil
Baroda BNP Paribas Gold ETF,Gurvinder Singh Wasan,GOLD-ETF,5,73.8,0.48,Open Ended,13-Dec-23,Gold-India,75.71,78.31,61.13,-0.73,0.72,5.66,18.96,7.27,5.75,5.32,11.34,5,10,277337,63.94,39.59,26.06,Technology,4.15,9.46,6.96,14.46,1.17,1.77,0.05,12.44,Gold : ETFs,Nil
Baroda BNP Paribas India Consumption Fund-Reg(G),Shiv Chanani,EQ-CONS,4,1466.1,2.06,Open Ended,10-Sep-18,Nifty India Consumption - TRI,32.7,35.27,25.62,0.63,-7.36,4.96,23.43,27.26,19.22,20.29,10.55,60,47,133077,59.79,21.45,13.98,FMCG,7.97,6.66,7.19,14.52,1.45,2.55,0.69,12.41,Equity : Thematic - Consumption,Nil upto 10% of units and 1% for excess units on or before 12M Nil after 12M
Baroda BNP Paribas Innovation Fund-Reg(G),Pratish Krishnan,EQ-THEM,3,1148,2.08,Open Ended,05-Mar-24,NIFTY 500 - TRI,13.02,13.26,9.91,2.74,-1.99,7.2,7.78,25.01,5.84,10.58,1.35,44,43,90224,41.19,31.73,22.89,Technology,12.06,0.11,7,1.49,1.69,1.92,0.12,0.27,Equity : Thematic,Nil upto 10% of units and 1% for remaining units on or before 1Y Nil after 1Y
Baroda BNP Paribas Large & Mid Cap Fund-Reg(G),Sanjay Chawla,EQ-L&M,2,1497.7,2.11,Open Ended,04-Sep-20,BSE 250 LargeMidCap Index - TRI,27.99,29.02,21.52,0.6,-3.6,4.65,27.63,29.36,18.29,36.39,11.92,93,51,126792,42.16,43.07,11.32,Financials,3.67,1.16,7.33,17.74,1.41,2.02,0.95,15.98,Equity : Large & Mid Cap,Nil upto 10% of units and 1% for remaining units on or before 365D Nil after 365D
Baroda BNP Paribas Large Cap Fund-Reg(G),Jitendra Sriram,EQ-LC,2,2402.8,2,Open Ended,23-Sep-04,NIFTY 100 - TRI,221.33,237.84,179.48,-0.74,-7.14,-0.64,20.38,23.37,16.77,17.65,13.06,61,53,352192,83.33,7.95,50.71,Financials,2.87,0.78,7.13,11.26,1.13,1.65,0.97,14.35,Equity : Large Cap,1% on or before 30D Nil after 30D
Baroda BNP Paribas Liquid Fund(G),Vikram Pamnani,DT-LIQ,2,11193.1,0.31,Open Ended,05-Feb-09,CRISIL Liquid Debt Index,2903.68,2903.68,2706.88,0.59,1.74,3.52,7.29,7.14,6.4,5.32,6.34,0,65,246567,32.02,0.28,18.7,Financials,0.11,0.11,7.12,0.71,9.99,5.23,1.02,0.07,Debt : Liquid,0.007% for Day 1 0.0065% on Day 2 0.0060% on Day 3 0.0055% on Day 4 0.0050% on Day 5 0.0045% on Day 6 NIL on or after 7D
Baroda BNP Paribas Low Duration Fund(G),Vikram Pamnani,DT-LOWD,3,228,1.1,Open Ended,21-Oct-05,CRISIL Low Duration Debt Index,38.61,38.61,36.11,0.57,1.59,3.39,6.94,6.84,5.8,5.6,6.44,0,53,43510,70.28,11.24,4.32,Financials,1.64,0.79,7.76,2.7,9.2,19.02,0.07,0.32,Debt : Low Duration,Nil
Baroda BNP Paribas Manufacturing Fund-Reg(G),Jitendra Sriram,EQ-THEM,2,1397.2,2.04,Open Ended,28-Jun-24,Nifty India Manufacturing - TRI,9.56,10.42,9.2,-0.78,-8.97,-5.44,7.59,20.81,19.25,19.1,5.28,32,51,89788,53.88,16.14,23.98,Automobile and Ancillaries,6,2.08,6.96,15.27,1.43,1.22,0.74,5.92,Equity : Thematic,Nil upto 10% of units and 1% for remaining units on or before 1Y Nil after 1Y
Baroda BNP Paribas Medium Duration Fund-Reg(G),Prashant Pimple,DT-MD,2,28.3,0.97,Open Ended,05-Mar-14,CRISIL Medium Duration Debt Index,17.76,17.76,16.81,0.74,2.21,3.78,7.43,6.93,5.3,5.28,7.27,0,32,21632,96.91,13.58,2.87,Financials,4.3,3.2,7.48,2.32,3.98,7.18,0.36,0.85,Debt : Medium Duration,1% on or before 12M Nil after 12M
Baroda BNP Paribas Mid Cap Fund-Reg(G),Shiv Chanani,EQ-MID,4,2144.5,1.98,Open Ended,02-May-06,Nifty Midcap 150 - TRI,103.78,107,79.51,1.69,-4.18,1.75,28.62,31.18,21.81,25.37,16.34,79,66,54883,12.05,72.09,10.34,Financials,1.36,1.51,7.37,18.67,1.46,2.15,0.85,15.77,Equity : Mid Cap,Nil upto 10% of Units within 12M 1% exceding 10% of Units within 12M Nil after 12M
Baroda BNP Paribas Money Market Fund-Reg(G),Vikram Pamnani,DT-MM,1,463.8,0.43,Open Ended,19-Jun-19,CRISIL Money Market Index,1327.06,1327.06,1236.85,0.62,1.76,3.58,7.31,7.1,6.13,5.03,6.94,0,38,610545,62.88,58.22,10.93,Financials,0.42,0.41,7.42,3.2,10.98,21.47,0.03,0.3,Debt : Money Market,Nil
Baroda BNP Paribas Multi Asset Fund-Reg(G),Jitendra Sriram,HY-MULTI,4,1193.1,2.1,Open Ended,19-Dec-22,NIFTY 500 - TRI,14.2,15.06,12.08,-1.36,-5.7,-0.09,14.91,19.09,15.83,14.22,12.22,54,37,349890,56.02,9.77,3.17,Financials,3.07,2.47,7.36,6.33,0.97,1.45,1.5,11.02,Hybrid : Multi Asset Allocation,Nil upto 10% of units and 1% for remaining units on or before 12M Nil after 12M
Baroda BNP Paribas Multi Cap Fund-Reg(G),Sanjay Chawla,EQ-MLC,4,2790.7,1.98,Open Ended,12-Sep-03,Nifty500 Multicap 50:25:25 - TRI,300.4,305.13,222.95,1.82,-0.5,6.11,31.67,31.66,19.1,24.25,14.59,114,62,96054,39.97,30.37,25.7,Financials,0.01,0.31,7.34,20.87,1.57,2.25,0.95,16.33,Equity : Multi Cap,1% on or before 365D Nil after 365D
Baroda BNP Paribas Nifty 50 Index Fund-Reg(G),Neeraj Saxena,EQ-INDX,1,60,0.56,Open Ended,29-Jan-24,NIFTY 50 - TRI,11.2,12.14,9.91,-1.68,-7.94,-1.55,8.38,7.38,19.51,21.38,9.44,97,50,555565,98.65,1.25,1.94,Financials,5,12.03,7.56,12.12,0.97,1.14,0.99,0.51,Equity : Index Funds,0.20% on or before 30D Nil after 30D
Baroda BNP Paribas NIFTY Bank ETF,Neeraj Saxena,EQ-ETF,2,9,0.15,Open Ended,18-Jun-24,NIFTY BANK - TRI,51.55,54.33,49.63,-1.93,-3.54,-2.76,32.85,27.78,11.28,25.23,6.31,115,12,537731,86.29,13.63,26.49,Financials,3.03,0.34,7.52,3.05,4.51,13.24,0.03,16.68,Equity : ETFs,1% on or before 3M Nil after 3M
Baroda BNP Paribas NIFTY Midcap 150 Index Fund-Reg(G),Neeraj Saxena,EQ-INDX,2,8.4,1.09,Open Ended,04-Nov-24,Nifty Midcap 150 - TRI,10.32,10.53,9.64,1.44,-5.47,3.66,9.21,7.42,6.38,11.22,14.18,8,151,58738,6.39,85.82,6.72,Financials,0.15,0.33,7.43,3.75,2.36,4.19,0.99,13.87,Equity : Index Funds,0.20% on or before 7D Nil after 7D
Baroda BNP Paribas NIFTY SDL Dec 2026 Index Fund-Reg(G),Gurvinder Singh Wasan,DT-M&LD,5,114,0.49,Open Ended,25-Jan-23,NIFTY SDL December 2026 Index,11.46,11.46,10.62,0.54,1.44,3.79,7.97,30.67,5.96,0,11.63,0,23,212279,6.39,67.94,12.26,Financials,1.98,1.76,6.91,3.18,4.86,10.95,0.22,0.79,Debt : Medium to Long Duration,Nil
Baroda BNP Paribas NIFTY SDL Dec 2028 Index Fund-Reg(G),Gurvinder Singh Wasan,DT-M&LD,1,31.1,0.49,Open Ended,24-Mar-23,Nifty SDL Dec 2028 Index,11.48,11.51,10.58,0.38,1.3,4.23,8.38,22.7,13.86,21.67,6.31,0,151,143043,50.35,1.24,26.99,Financials,3.89,3.18,6.97,2.8,3.14,6.51,0.45,1.32,Debt : Medium to Long Duration,Nil
Baroda BNP Paribas Nifty200 Momentum 30 Index Fund-Reg(G),Neeraj Saxena,EQ-INDX,4,27.8,1.1,Open Ended,15-Oct-24,Nifty200 Momentum 30 - TRI,8.91,10,8.69,-4.06,-12.65,4.15,7.37,6.93,12.91,9.83,2.69,17,30,198312,87.03,12.93,6.8,Automobile and Ancillaries,3.07,1.55,6.69,6.1,0.2,2.75,0.85,13.97,Equity : Index Funds,0.20% on or before 7D Nil after 7D
Baroda BNP Paribas Overnight Fund-Reg(G),Vikram Pamnani,DT-ON,4,653.5,0.17,Open Ended,25-Apr-19,CRISIL Liquid Overnight Index,1315.75,1315.75,1234.14,0.55,1.61,3.24,6.63,6.62,5.96,4.88,6.67,0,31,23038,51.85,13.55,36.32,Financials,0.01,0.01,6.66,0.28,32.29,2.06,0.97,0.01,Debt : Overnight,Nil
Baroda BNP Paribas Retirement Fund-Reg(G),Pratish Krishnan,HY-SOL,3,348,2.27,Open Ended,28-May-24,CRISIL Hybrid 35+65 - Aggressive Index,11.06,11.3,9.72,0.32,-2.4,3.61,7.16,21.18,6.39,11.91,16.81,67,54,166776,46.4,18.84,9.1,Financials,22.22,8.28,7.15,4.28,1.78,0.71,0.03,18.22,Hybrid : Solution Oriented,Nil
Baroda BNP Paribas Short Duration Fund-Reg(G),Gurvinder Singh Wasan,DT-SD,2,197.7,1.05,Open Ended,30-Jun-10,CRISIL Short Duration Debt Index,27.97,27.97,25.98,0.53,1.49,3.95,7.64,7.32,5.85,5.73,7.03,0,59,218440,63.11,24.48,4.73,Automobile and Ancillaries,3.36,2.77,7.46,2.65,5.46,11.22,0.32,0.66,Debt : Short Duration,Nil
Baroda BNP Paribas Small Cap Fund-Reg(G),Shiv Chanani,EQ-SML,4,1439.9,2.06,Open Ended,30-Oct-23,Nifty Smallcap 250 - TRI,13.92,14.49,10.7,2.94,-4.19,2.4,24.66,26.07,11.4,6.38,6.26,77,62,19553,1.55,15.73,78.07,Financials,9.94,1.85,7.78,16.08,1.08,1.51,0.92,19.13,Equity : Small Cap,Nil upto 10% of units and 1% for remaining units on or before 1Y Nil after 1Y
Baroda BNP Paribas Ultra Short Duration Fund-Reg(G),Vikram Pamnani,DT-USD,3,1339.3,0.48,Open Ended,01-Jun-18,CRISIL Ultra Short Term Debt Index,1486.48,1486.48,1383.6,0.63,1.77,3.62,7.45,7.33,6.53,5.66,16.32,0,29,83323,72.4,13.57,15.02,Financials,0.59,0.41,7.48,3.3,11.26,22.28,0.03,0.3,Debt : Ultra Short Duration,Nil
Baroda BNP Paribas Value Fund-Reg(G),Shiv Chanani,EQ-VAL,3,1499.8,2.09,Open Ended,07-Jun-23,NIFTY 500 - TRI,14.17,15.45,12.15,-1.79,-8.54,-3.33,14.59,6.1,0,15.6,7.01,75,49,180498,62.88,19.54,13.62,Financials,1.14,2.52,6.82,6.53,0.68,0.97,1.06,17.36,Equity : Value / Contra,Nil upto 10% of units and 1% for remaining units on or before 1Y Nil after 1Y
Bharat 22 ETF,Nishit Patel,EQ-ETF,5,19212.4,0.07,Open Ended,24-Nov-17,BSE Bharat 22 Index - TRI,109.57,120.87,91.28,-4.32,-9.92,-2.84,18.12,37.96,34.95,25.53,15.88,14,22,297500,89.59,9.2,0.81,Energy,8.14,0.39,7.3,6.3,0.7,0.96,3.37,23.11,Equity : ETFs,Nil
BHARAT Bond ETF - April 2025,Dhawal Dalal,DT-ETF,2,10740.3,0,Open Ended,27-Jul-20,NIFTY BHARAT Bond Index - April 2025,1266.56,1266.56,1175.04,0.65,1.85,3.75,7.77,7.5,5.68,11.01,9.42,0,30,96310,37.92,16.45,11.55,Technology,0.3,0.28,7.38,3.55,9.9,20.74,0.06,0.37,Debt : ETFs,0.05% on or before 15D Nil after 15D
BHARAT Bond ETF - April 2030,Dhawal Dalal,DT-ETF,1,18435.5,0,Open Ended,30-Dec-19,NIFTY BHARAT Bond Index - April 2030,1440.61,1440.61,1321.39,0.47,1.43,4.6,8.99,8.17,6.52,7.54,7.5,0,71,560590,50.43,19.43,29.61,Financials,5,3.9,7.24,3.63,4.78,9.24,0.42,1.02,Debt : ETFs,0.25% on or before 30D Nil after 30D
BHARAT Bond ETF - April 2031,Dhawal Dalal,DT-ETF,1,12740.8,0,Open Ended,27-Jul-20,NIFTY BHARAT Bond Index - April 2031,1288.47,1288.47,1179.12,0.62,1.29,4.87,9.24,8.29,6.46,18.31,7.25,0,30,102968,19.47,33.87,8.93,Energy,6.2,4.73,7.29,4.06,4.26,6.99,0.36,1.2,Debt : ETFs,Nil
BHARAT Bond ETF - April 2032,Dhawal Dalal,DT-ETF,1,10652.3,0,Open Ended,13-Dec-21,NIFTY BHARAT Bond Index - April 2032,1213.6,1213.6,1105.28,0.62,1.44,4.95,9.78,8.59,6.68,21.74,8.24,0,61,214796,70.78,0.72,14.49,Financials,7.25,5.27,7.23,4.31,4.74,8.29,0.45,1.19,Debt : ETFs,Nil
BHARAT Bond ETF - April 2033,Dhawal Dalal,DT-ETF,2,6009.3,0,Open Ended,13-Dec-22,NIFTY BHARAT Bond Index - April 2033,1181.6,1181.79,1072.13,0.8,1.44,5.02,10.06,8.57,6.38,21.64,7.23,0,49,122348,42.71,7.71,3.86,Technology,8.14,5.69,7.19,4.28,4.41,7.76,0.53,1.33,Debt : ETFs,1% on or before 1Y Nil after 1Y
BHARAT Bond ETF FOF - April 2032 -Reg(G),Rahul Dedhia,FOF-DOM,5,4567.9,0.06,Open Ended,15-Dec-21,NIFTY BHARAT Bond Index - April 2032,12.13,12.13,11.05,0.72,1.74,5.21,9.66,8.27,6.67,14.42,14.45,0,30,374558,87.03,37.78,8.28,Financials,7.23,5.25,7.22,4.56,1.78,3.4,0.2,2.9,FoFs : Domestic,0.10% on or before 30D Nil after 30D
BHARAT Bond ETF FOF - April 2033 -Reg(G),Rahul Dedhia,FOF-DOM,2,2258.6,0.06,Open Ended,14-Dec-22,NIFTY BHARAT Bond Index - April 2033,11.84,11.86,10.78,0.61,1.28,4.68,9.76,8.5,17.43,24.9,11.12,0,114,120980,32.93,19.81,13.57,Financials,8.1,5.66,7.17,5.85,0.93,1.54,0.05,6.48,FoFs : Domestic,0.10% on or before 30D Nil after 30D
BHARAT Bond FOF - April 2025 -Reg(G),Rahul Dedhia,FOF-DOM,3,4242.2,0.06,Open Ended,23-Jul-20,NIFTY BHARAT Bond Index - April 2025,12.62,12.62,11.71,0.66,1.95,3.89,7.72,7.33,5.61,15.57,5.44,0,36,200082,53.46,15.07,10.93,Financials,0.3,0.28,7.37,3.6,2.06,3.37,0.03,1.79,FoFs : Domestic,0.10% on or before 30D Nil after 30D
BHARAT Bond FOF - April 2030 -Reg(G),Rahul Dedhia,FOF-DOM,3,6868.6,0.06,Open Ended,30-Dec-19,NIFTY BHARAT Bond Index - April 2030,14.38,14.38,13.2,0.66,1.44,3.89,9.06,8,6.53,7.51,5.7,0,23,45329,25.12,18.49,10.94,Financials,4.99,3.89,7.24,4.38,1.37,2.31,0.12,3.47,FoFs : Domestic,0.10% on or before 30D Nil after 30D
BHARAT Bond FOF - April 2031 -Reg(G),Rahul Dedhia,FOF-DOM,4,4626.8,0.06,Open Ended,23-Jul-20,NIFTY BHARAT Bond Index - April 2031,12.84,12.89,11.76,0.4,0.83,4.8,8.92,7.89,6.35,22.14,7.43,0,36,49752,4.74,9.73,23.76,Financials,6.18,4.72,7.29,3.96,1.87,3.36,0.33,2.66,FoFs : Domestic,0.10% on or before 30D Nil after 30D
Canara Rob Balanced Advantage Fund-Reg(G),Shridatta Bhandwaldar,HY-DYN,3,1495.1,2.07,Open Ended,02-Aug-24,CRISIL Hybrid 50+50 - Moderate Index,10.12,10.5,9.9,-1.28,-4.02,-4.05,19.49,24.66,12.18,24.38,15.66,0,64,188919,47.55,5.58,13.1,Financials,5.26,3.37,7.23,10.08,2.17,1.66,0.19,0.88,Hybrid : Dynamic Asset Allocation,Nil upto 12% of units and 1% for remaining units on or before 365D Nil after 365D
Canara Rob Banking and PSU Debt Fund-Reg(G),Suman Prasad,DT-B&PSU,2,232.5,0.71,Open Ended,22-Aug-22,CRISIL Banking and PSU Debt Index,11.6,11.6,10.78,0.52,1.49,3.75,7.63,6.92,13.64,21.65,5.75,0,50,122713,72.4,1.24,36.95,Financials,3.71,2.52,7.39,2.72,5.74,11.63,0.28,0.62,Debt : Banking & PSU,Nil
Canara Rob Bluechip Equity Fund-Reg(G),Shridatta Bhandwaldar,EQ-LC,5,14823.7,1.67,Open Ended,20-Aug-10,BSE 100 - TRI,61.65,65.27,50.79,-0.62,-5.53,1.59,18.32,20.94,13.96,17.6,13.51,27,57,409870,89.8,7.42,32.17,Financials,2.75,2.05,4.4,9.15,1.03,1.57,0.94,13.47,Equity : Large Cap,1% on or before 1Y Nil after 1Y
Canara Rob Conservative Hybrid Fund-Reg(G),Avnish Jain,HY-DT(CO),4,957.1,1.85,Open Ended,31-Mar-96,CRISIL Hybrid 85+15 - Conservative Index,93.81,94.49,84.81,0.05,-0.36,3.85,10.19,9.98,7.49,9.19,8.02,137,44,142268,13.27,4.26,6.29,Financials,9.94,4.85,7.37,3.25,1.6,2.34,0.93,3.77,Hybrid : Debt Oriented (Conservative),Nil upto 10% of units on or before 1Y 1% for more than 10% of units on or before 1Y Nil after 1Y
Canara Rob Consumer Trends Fund-Reg(G),Ennettee Fernandes,EQ-CONS,4,1746.7,2.09,Open Ended,14-Sep-09,BSE 100 - TRI,109.71,119.76,87.94,-0.26,-8.27,2.47,20.84,24.44,18.02,20.83,15.79,29,46,115681,52.93,20.15,22.41,Financials,0.01,2.25,7.58,12.27,1.21,1.9,0.77,13.32,Equity : Thematic - Consumption,1% on or before 1Y Nil after 1Y
Canara Rob Corp Bond Fund-Reg(G),Avnish Jain,DT-CORP,2,134.3,1.03,Open Ended,07-Feb-14,CRISIL Corporate Bond Index,20.92,20.92,19.47,0.5,1.33,3.73,7.44,6.72,5.44,5.71,6.56,0,101,346753,37.41,23.29,18.53,Financials,6.75,3.72,7.36,2.44,5.02,10.35,0.32,0.67,Debt : Corporate Bond,Nil
Canara Rob Dynamic Bond Fund-Reg(G),Kunal Jain,DT-DYN,2,119,1.75,Open Ended,29-May-09,CRISIL Dynamic Bond Index,28.32,28.43,26.26,0.22,-0.18,2.97,7.61,6.58,5.19,5.22,6.29,0,59,59072,51.19,44.72,6.76,Financials,23.48,9.57,7.03,-0.2,1.47,2.47,1.21,2.33,Debt : Dynamic Bond,Nil
Canara Rob ELSS Tax Saver-Reg(G),Vishal Mishra,EQ-ELSS,4,8817.1,1.69,Open Ended,02-Feb-09,BSE 500 - TRI,173.99,184.92,143.47,-1.2,-6.34,0.93,17.96,21.45,13.9,20.42,14.2,33,71,209630,67.12,16.01,12.9,Financials,0.01,8.39,7.86,9.12,0.99,1.43,0.91,13.87,Equity : Tax Saving (ELSS),Nil
Canara Rob Emerg Equities Fund-Reg(G),Amit Nadekar,EQ-L&M,4,24628.8,1.61,Open Ended,11-Mar-05,NIFTY LargeMidcap 250 - TRI,259.25,266.88,198.43,1.22,-3.1,3.64,27.06,26.12,16.19,21.53,16.37,64,88,105568,45.09,36.3,16.33,Financials,0.01,3.2,7.12,16.71,1.42,2.22,0.91,15,Equity : Large & Mid Cap,1% on or before 1Y Nil after 1Y
Canara Rob Equity Hybrid Fund-Reg(G),Ennettee Fernandes,HY-EQ,4,10904.5,1.73,Open Ended,01-Feb-93,CRISIL Hybrid 35+65 - Aggressive Index,350.56,366.1,297.48,-1.14,-4.62,2.12,15.48,18.09,12.36,15.7,12.32,68,67,200446,48.67,14.27,8.42,Financials,7.45,3.72,7.29,5.67,1.03,1.47,1.91,10.99,Hybrid : Equity Oriented,Nil upto 10% of units on or before 1Y 1% for more than 10% of units on or before 1Y Nil after 1Y
Canara Rob Flexi Cap Fund-Reg(G),Shridatta Bhandwaldar,EQ-FLEX,4,12908,1.69,Open Ended,16-Sep-03,BSE 500 - TRI,332.26,352.91,274.16,-0.5,-6.04,1.06,18.16,21.13,13.13,18.43,13.43,33,70,254310,72.57,17.36,7.06,Financials,0.01,1.08,6.92,9.17,1.01,1.52,0.92,13.63,Equity : Flexi Cap,1% on or before 1Y Nil after 1Y
Canara Rob Focused Equity Fund-Reg(G),Shridatta Bhandwaldar,EQ-MLC,1,2553.5,1.95,Open Ended,17-May-21,BSE 500 - TRI,19.62,20.51,15.47,0.1,-4.02,5.51,24.29,24.35,16.38,4.79,18.88,58,30,312212,73.98,19.49,2.79,Financials,7.82,2.5,6.87,14.19,1.35,2.04,0.92,13.93,Equity : Multi Cap,1% on or before 365D Nil after 365D
Canara Rob Gilt Fund-Reg(G),Kunal Jain,DT-GILT,2,122.7,1.25,Open Ended,29-Dec-99,CRISIL Dynamic Gilt Index,72.72,72.98,66.78,0.24,-0.05,3.52,8.68,7.5,5.74,5.8,7.1,0,118,244307,60.76,1.24,15.05,Energy,24.66,9.87,7.04,0.48,1.78,3.03,1.33,2.5,Debt : Gilt,Nil
Canara Rob Income Fund-Reg(G),Avnish Jain,DT-M&LD,3,120.2,1.88,Open Ended,19-Sep-02,CRISIL Medium to Long Term Debt Index,53.44,53.52,49.55,0.26,0.42,3.31,7.65,6.56,4.87,5.25,6.35,0,61,62881,49.3,1.84,3.1,Financials,12.9,6.24,7.04,0.53,1.84,3.23,0.97,1.86,Debt : Medium to Long Duration,Nil
Canara Rob Infrastructure Fund-Reg(G),Vishal Mishra,EQ-INFRA,3,866.5,2.3,Open Ended,02-Dec-05,BSE India Infrastructure Index - TRI,160.04,169.88,115.65,-0.21,-6.16,-2.5,35.86,38.56,28.26,28.69,16.24,39,49,113227,52.84,24.69,17.33,Capital Goods,0.01,7.96,6.95,24.09,1.43,2.01,1.12,20.84,Equity : Sectoral - Infrastructure,1% on or before 1Y Nil after 1Y
Canara Rob Liquid Fund-Reg(G),Kunal Jain,DT-LIQ,1,3170.3,0.2,Open Ended,15-Jul-08,CRISIL Liquid Debt Index,3037.72,3037.72,2829.99,0.59,1.74,3.54,7.36,7.2,6.42,5.22,6.2,0,50,105568,49.69,13.94,2.55,Financials,0.11,0.1,7.03,0.76,10.43,5.44,0.99,0.07,Debt : Liquid,0.007% for Day 1 0.0065% on Day 2 0.0060% on Day 3 0.0055% on Day 4 0.0050% on Day 5 0.0045% on Day 6 NIL on or after 7D
Canara Rob Manufacturing Fund-Reg(G),Pranav Gokhale,EQ-THEM,4,1718.2,2.03,Open Ended,11-Mar-24,Nifty India Manufacturing - TRI,12.49,13.33,9.86,-0.72,-6.84,-1.43,7.57,11.32,6.65,4.63,7.21,12,65,76687,45.12,24.07,28.62,Capital Goods,0.01,0.27,8.52,13.26,6.56,2.14,1.07,14.05,Equity : Thematic,1% on or before 365D Nil after 365D
Canara Rob Mid Cap Fund-Reg(G),Pranav Gokhale,EQ-MID,3,2729.6,1.94,Open Ended,02-Dec-22,BSE 150 MidCap - TRI,16.78,17.74,12.9,0.48,-5.79,0.67,27.67,30.08,5.89,15.28,6.33,75,65,73913,25.12,63.59,7.45,Financials,0.49,7.61,7.52,17.39,1.34,2,0.91,16.48,Equity : Mid Cap,1% on or before 365D Nil after 365D
Canara Rob Multi Cap Fund-Reg(G),Shridatta Bhandwaldar,EQ-MLC,2,3848.8,1.86,Open Ended,28-Jul-23,Nifty500 Multicap 50:25:25 - TRI,14.4,15.01,11.31,0.14,-4.3,2.96,22.09,6.47,6.07,16.38,6.24,61,89,100811,42.52,27.58,24.8,Financials,0.31,0.12,7.04,12.98,1.21,1.76,0.86,14.3,Equity : Multi Cap,1% on or before 365D Nil after 365D
Canara Rob Overnight Fund-Reg(G),Suman Prasad,DT-ON,3,193.9,0.11,Open Ended,24-Jul-19,CRISIL Liquid Overnight Index,1298.04,1298.04,1217.9,0.55,1.6,3.22,6.6,6.6,5.96,4.88,7.18,0,50,555847,57.64,21.13,46.09,Financials,0.01,0.01,6.65,0.25,33.16,1.92,0.25,0.01,Debt : Overnight,Nil
Canara Rob Savings Fund-Reg(G),Kunal Jain,DT-LOWD,2,987.9,0.71,Open Ended,04-Mar-05,CRISIL Low Duration Debt Index,40.56,40.56,37.79,0.6,1.7,3.59,7.33,7.15,6.13,5.57,6.63,0,30,199920,96.55,9.33,6.88,Automobile and Ancillaries,1.15,0.83,7.52,3.07,9.54,19.4,0.07,0.34,Debt : Low Duration,Nil
Canara Rob Short Duration Fund-Reg(G),Suman Prasad,DT-SD,2,348.2,1.02,Open Ended,25-Apr-11,CRISIL Short Duration Debt Index,24.38,24.38,22.75,0.49,1.35,3.62,7.16,6.69,5.41,5.57,6.33,0,198,347593,55.55,1.24,4.41,Financials,3.37,2.62,7.34,2.12,4.68,9.68,0.33,0.66,Debt : Short Duration,Nil
Canara Rob Small Cap Fund-Reg(G),Pranav Gokhale,EQ-SML,4,12451.7,1.68,Open Ended,15-Feb-19,Nifty Smallcap 250 - TRI,40.69,42.35,30.94,0,-4.1,2.25,23.47,27.69,20.69,33.17,7.28,29,97,27568,11.94,16.79,67.59,Financials,8.38,0.01,7.24,14.84,1.14,1.63,0.84,16.73,Equity : Small Cap,1% on or before 1Y Nil after 1Y
Canara Rob Ultra Short Term Fund-Reg(G),Kunal Jain,DT-USD,2,602.4,0.95,Open Ended,11-Jul-08,CRISIL Ultra Short Term Debt Index,3669.49,3669.49,3437.53,0.58,1.62,3.31,6.76,6.56,5.69,4.83,5.81,0,50,13818,38.99,0.71,82.63,Financials,0.9,0.45,7.39,2.62,9.43,19.29,0.03,0.29,Debt : Ultra Short Duration,Nil
CPSE ETF,Himanshu Mange,EQ-ETF,2,39632.7,0.07,Open Ended,28-Mar-14,Nifty CPSE,87.32,106.22,67.09,-6.44,-14.87,-8.85,27.75,50.7,43.09,29.71,13.03,16,11,232350,85.78,12.34,1.58,Energy,8.96,2.17,6.84,12.45,0.88,1.26,4.52,28.91,Equity : ETFs,Nil
DSP 10Y G-Sec Fund-Reg(G),Shantanu Godambe,DT-GL10Y,4,56.3,0.51,Open Ended,26-Sep-14,Crisil 10 Yr Gilt Index,20.76,20.82,19.03,0.37,0.91,4.44,8.96,8.26,5.46,5.59,6.94,0,101,198393,33.55,22.67,9.34,Financials,9.66,6.89,6.86,1.26,2.17,3.91,1.15,2.15,Debt : Gilt (10 Yr Constant Duration),NIL
DSP Aggressive Hybrid Fund-Reg(G),Abhishek Singh,HY-EQ,4,10379.4,1.75,Open Ended,27-May-99,CRISIL Hybrid 35+65 - Aggressive Index,347.22,357.79,283.24,-0.59,-3.79,4.06,17.58,22.24,13.37,16.08,12.58,80,47,162277,44.95,11.84,11.92,Financials,14.61,5.73,7.4,9.48,1.33,2.04,1.32,10.02,Hybrid : Equity Oriented,NIL upto 10% of investment within 12M 1% exceding 10% of investment within 12M NIL after 12M
DSP Arbitrage Fund-Reg(G),Kaivalya Nadkarni,HY-ARB,2,5971.2,0.99,Open Ended,25-Jan-18,Nifty 50 Arbitrage,14.47,14.47,13.48,0.66,1.83,3.47,7.35,7.29,6.21,5.19,5.81,1301,167,155296,43.28,20.33,6.29,Financials,0.21,0.41,7.37,3.55,3.25,6.99,-0.1,1,Hybrid : Arbitrage,Nil upto 10% of units and 0.25% for Excess units on or before 30D Nil after 30D
DSP Banking & Financial Services Fund-Reg(G),Dhaval Gada,EQ-FIN,2,1035,2.2,Open Ended,08-Dec-23,Nifty Financial Services - TRI,11.99,12.62,9.65,-0.99,-5.65,3.96,16.37,50.7,20.38,7.51,9.58,47,24,278123,69.89,9.64,7.33,Financials,14.84,1.28,6.65,7.59,0.72,1.09,1.06,18.07,Equity : Sectoral - Financial Services,0.50% on or before 1M Nil after 1M
DSP Banking & PSU Debt Fund-Reg(G),Shantanu Godambe,DT-B&PSU,4,3075.6,0.57,Open Ended,14-Sep-13,NIFTY Banking and PSU Debt Index,23.09,23.09,21.23,0.56,1.08,4.14,8.66,7.65,6.14,6.44,7.29,0,31,64420,69.09,8.53,3.57,Financials,9.88,5.33,7.28,2.85,4.06,7.78,0.53,1.09,Debt : Banking & PSU,Nil
DSP Bond Fund-Reg(G),Vivekanand Ramakrishnan,DT-MD,3,378.5,0.77,Open Ended,29-Apr-97,CRISIL Medium Duration Debt Index,77.92,77.92,72.35,0.42,1.27,3.92,7.63,7.34,5.83,6.14,6.11,0,62,275044,43.05,12.3,28.92,Financials,4.01,3.2,7.31,2.52,4.51,8.77,0.32,0.77,Debt : Medium Duration,Nil
DSP BSE Liquid Rate ETF,Anil Ghelani,DT-ETF,2,2500.9,0.3,Open Ended,27-Mar-24,BSE Liquid Rate Index,1049.65,1049.65,1001.27,0.53,1.56,3.12,9.83,33.43,14.58,12.44,14.24,109.45,50,67324,6.41,37.65,4.41,Capital Goods,0.11,0.11,7.36,0.76,3.56,3.64,1.08,15.52,Debt : ETFs,1% on or before 3M Nil after 3M
DSP BSE Sensex ETF,Anil Ghelani,EQ-ETF,5,8.1,0.22,Open Ended,27-Jul-23,BSE SENSEX - TRI,80.93,86.8,70.58,-1.65,-6.73,-0.89,9.67,26,6.58,31.14,13.92,16,30,684524,99.27,0.72,21.02,Financials,5.37,3.14,6.68,1.41,0.45,0.69,0.99,13.78,Equity : ETFs,Nil upto 10% of units and 1% for above the limits on or before 1Y Nil after 1Y
DSP Business Cycle Fund-Reg(G),Charanjit Singh,EQ-THEM,2,2676.2,0.34,Open Ended,17-Dec-24,NIFTY 500 - TRI,10.09,10.09,9.95,-1.32,-7.94,-1.75,7.27,21.05,13.08,20.68,6.91,0,36,49297,24.1,13.6,53.55,Technology,5.74,3.83,6.66,9.83,1.43,9.41,1.14,12.93,Equity : Thematic,0.50% on or before 1M Nil after 1M
DSP Corp Bond Fund-Reg(G),Shantanu Godambe,DT-CORP,3,2546.1,0.53,Open Ended,10-Sep-18,CRISIL Corporate Bond Index,15.29,15.29,14.2,0.58,1.66,3.94,7.69,7.09,5.39,5.75,9.54,0,65,159002,88.29,1.24,16.13,Financials,2.25,1.95,7.42,2.95,6.68,14.03,0.21,0.53,Debt : Corporate Bond,NIL
DSP Credit Risk Fund-Reg(G),Vivekanand Ramakrishnan,DT-CR,3,188.5,1.14,Open Ended,13-May-03,CRISIL Credit Risk Debt Index,41.98,41.98,38.96,0.56,1.63,3.89,7.78,11.61,10.8,7.96,6.76,0,501,44505,44.95,13.23,32.17,Automobile and Ancillaries,3.37,2.51,8.02,2.77,5.9,12.15,0.29,0.62,Debt : Credit Risk,Nil for 10% of investment and 1% for remaining Investment on or before 12M Nil after 12M
DSP CRISIL SDL Plus G-Sec Apr 2033 50:50 Index Fund-Reg(G),Shantanu Godambe,DT-LD,2,376.3,0.41,Open Ended,25-Jan-23,CRISIL SDL Plus G-Sec Apr 2033 50:50 Index,11.78,11.78,10.67,0.72,1.28,4.81,10,13.37,15.58,4.93,20.41,0,59,433477,83.75,18.56,18.92,Construction,7.85,5.76,7.11,2.95,3.37,6.38,0.86,1.64,Debt : Long Duration,Nil
DSP Dynamic Asset Allocation Fund-Reg(G),Rohit Singhania,HY-DYN,3,3200.6,1.93,Open Ended,06-Feb-14,CRISIL Hybrid 50+50 - Moderate Index,26.48,26.82,23.22,-0.31,-1.72,2.68,12.17,15.14,9.91,10.31,8.78,516,107,194469,48.26,8.36,10.85,Financials,3.36,2.54,7.32,4.86,1.37,1.95,1.12,5.95,Hybrid : Dynamic Asset Allocation,Nil for 10% of investment and 1% for remaining Investment on or before 12M Nil after 12M
DSP ELSS Tax Saver Fund-Reg(G),Rohit Singhania,EQ-ELSS,4,16835.1,1.64,Open Ended,18-Jan-07,NIFTY 500 - TRI,137.6,145.41,107.56,-0.98,-6.37,2.24,23.86,27.66,19.64,21.38,15.95,37,64,189521,65.38,16.77,15.13,Financials,9.85,2.24,6.67,14.26,1.27,1.84,1,15.24,Equity : Tax Saving (ELSS),Nil
DSP Equity Opportunities Fund-Reg(G),Rohit Singhania,EQ-L&M,3,14022.8,1.7,Open Ended,16-May-00,NIFTY LargeMidcap 250 - TRI,611.59,647.61,478.21,-0.75,-6.56,1.08,23.67,28.66,20.24,20.88,15.66,41,73,140474,52.17,33.16,10.89,Financials,4.97,0.39,7.38,14.34,1.25,1.82,0.96,15.35,Equity : Large & Mid Cap,1% before 12M Nil on or after 12M
DSP Equity Savings Fund-Reg(G),Abhishek Singh,HY-EQ,2,2258.2,1.26,Open Ended,28-Mar-16,NIFTY 50 Equity Savings Index - TRI,21.11,21.22,18.69,-0.06,-0.64,4.27,12.05,12.36,9.76,9.83,12.91,540,105,258632,54.99,8.36,5.07,Financials,8.38,3.42,7.09,6.35,2.11,3.6,0.46,3.64,Hybrid : Equity Oriented,Nil
DSP Flexi Cap Fund-Reg(G),Bhavin Gandhi,EQ-FLEX,4,11765.5,1.74,Open Ended,07-Jun-07,NIFTY 500 - TRI,102.3,108.4,81.42,-1.42,-6.89,1.23,17.78,25.96,14.97,18.87,13.87,29,59,121679,55.35,20.93,20.52,Financials,2.11,6.35,7.35,9.65,0.97,1.41,0.91,14.68,Equity : Flexi Cap,1% on or before 12M Nil after 12M
DSP Floater Fund-Reg(G),Shantanu Godambe,DT-FL,1,717.9,0.52,Open Ended,19-Mar-21,CRISIL Short Duration Debt Index,12.64,12.64,11.58,0.47,1.43,4.41,9.09,8.42,6.6,11.12,12.36,0,107,120505,39.14,16.15,9.52,FMCG,6.02,3.21,7.23,3.63,5.48,10.92,0.41,0.88,Debt : Floater,Nil
DSP FMP 264-60M & 17D-Reg(G),Shantanu Godambe,DT-FMP,4,49.1,0.31,Closed Ended,13-Sep-21,CRISIL Medium to Long Term Debt Index,11.95,11.95,11.07,0.55,1.51,3.84,8.06,7.49,5.75,21.6,13.92,26,30,34745,51.92,15.06,44.15,Financials,3.64,2.93,7.45,3.3,5.44,12.36,0.2,0.71,Debt : FTP/FMP,Nil
DSP FMP 267-1246D-Reg(G),Sandeep Yadav,DT-FMP,1,660.6,1.01,Closed Ended,14-Nov-22,CRISIL Medium Duration Debt Index,11.67,11.67,10.83,0.65,1.63,3.9,7.76,7.34,16.82,15.38,8.13,0,30,158003,15.7,16.16,22.85,Financials,4.83,7.96,6.65,2.92,5.3,11.71,0.23,0.68,Debt : FTP/FMP,Nil
DSP FMP 268-1281D-Reg(G),Sandeep Yadav,DT-FMP,4,122,1.11,Closed Ended,24-Nov-22,CRISIL Medium Duration Debt Index,11.64,11.64,10.79,0.55,1.58,3.81,7.85,7.47,33.16,5.08,5.9,105,15,684567,55.13,12.98,16.94,Technology,4.08,2.4,6.65,3.28,5.89,14.16,0.14,0.63,Debt : FTP/FMP,Nil
DSP FMP 270-1144D-Reg(G),Sandeep Yadav,DT-FMP,3,179.4,2.28,Closed Ended,24-Feb-23,CRISIL Medium Duration Debt Index,11.46,11.46,10.64,0.65,1.63,3.9,7.76,34.25,6.36,27.17,17.14,42,63,96310,44.19,18,23.74,Financials,2.66,3.2,6.99,2.92,5.31,11.7,0.23,0.68,Debt : FTP/FMP,Nil upto 12% of units and 1% for remaining units on or before 12M Nil after 12M
DSP Focus Fund-Reg(G),Vinit Sambre,EQ-MLC,2,2523.1,2.03,Open Ended,10-Jun-10,NIFTY 500 - TRI,53.44,56.84,42.25,-1.2,-7.15,1.22,18.63,27.18,15.76,15.44,12.21,32,29,106577,50.43,22.67,19.84,Financials,12.06,2.99,6.93,10.08,0.96,1.44,0.92,15.31,Equity : Multi Cap,1% on or before 1M Nil after 1M
DSP Gilt Fund-Reg(G),Shantanu Godambe,DT-GILT,4,1834.5,1.18,Open Ended,30-Sep-99,CRISIL Dynamic Gilt Index,92.17,92.68,83.46,0.32,-0.13,3.76,10.16,8.5,6.51,7,7.78,0,41,211944,86.46,45.23,18.04,Financials,30.66,11.61,7.17,1.08,1.96,3.43,1.56,2.91,Debt : Gilt,Nil
DSP Global Allocation FoF-Reg(G),Jay Kothari,FOF-OVR,4,54.3,2.08,Open Ended,21-Aug-14,MSCI ACWI Net TRI,20.5,20.98,17.97,-0.79,0.3,4.42,11.56,12.14,5.53,8.86,7.11,0,30,199228,63.96,14.49,32.7,Energy,17.72,0.11,6.84,6.3,0.93,1.49,0.57,8.65,FoFs : Overseas,Nil
DSP Global Clean Energy FoF-Reg(G),Jay Kothari,FOF-OVR,2,94.7,2.14,Open Ended,14-Aug-09,MSCI ACWI IMI Clean Energy Infrastructure Index,17.06,19.11,16.69,-4.36,-10.03,-3.53,-6.82,2.55,-1.32,4.46,2.18,49,53,515081,44.35,12.54,26.44,Financials,0.23,0.9,7.37,-14.87,-0.6,-0.93,1.42,17.02,FoFs : Overseas,Nil
DSP Global Innovation FoF-Reg(G),Jay Kothari,FOF-OVR,3,915.8,2.04,Open Ended,14-Feb-22,MSCI ACWI Net TRI,14.66,15.17,11.64,-0.19,1.13,4.2,20.56,22.53,6.36,16.99,9.98,18.06,48,140583,64.01,31.73,33.29,Financials,9.55,5.49,6.66,16.25,1.02,1.58,0.76,17.92,FoFs : Overseas,Nil
DSP Gold ETF,Ravi Gehani,GOLD-ETF,4,597.9,0.48,Open Ended,28-Apr-23,Gold-India,75.69,78.3,61.05,-0.16,1.3,6.26,19.75,31.08,11.68,5.54,6.93,9.7,150,250843,57.32,86.73,32.23,Financials,10.57,2.17,6.84,14.77,1.21,1.83,0.1,12.47,Gold : ETFs,Nil
DSP Gold ETF FoF-Reg(G),Anil Ghelani,GOLD-MF,1,45.9,1,Open Ended,17-Nov-23,Gold-London AM (INR),12.29,12.74,10.01,0,1.16,5.85,18.77,20.23,13.34,9.27,18.89,0,34,50745,65.4,10.71,28.81,Technology,9.1,2.24,7.31,14.41,1.1,1.77,-0.01,13.14,Gold : MFs,NIL
DSP Healthcare Fund-Reg(G),Chirag Dagli,EQ-PHRM,5,3248.8,1.92,Open Ended,30-Nov-18,BSE Health Care - TRI,41.62,41.65,30.03,0.34,1.97,24.7,40.69,37.69,20.52,30.7,10.02,21,29,38781,18.14,14.07,47.42,Healthcare,0.28,6.18,7.66,31.02,2.76,5.15,0.37,11.88,Equity : Sectoral - Pharma,0.50% on or before 1M Nil after 1M
DSP India T.I.G.E.R Fund-Reg(G),Charanjit Singh,EQ-INFRA,3,5515.3,1.86,Open Ended,11-Jun-04,BSE India Infrastructure Index - TRI,326.6,350.04,243.22,-1.72,-7.3,-2.71,32.4,40.63,31.46,28.32,16.93,40,72,47748,34.92,10.55,48.11,Capital Goods,14.57,2.27,7.57,22.08,1.38,1.91,1.02,19.74,Equity : Sectoral - Infrastructure,1% before 12M Nil on or after 12M
DSP Liquidity Fund-Reg(G),Karan Mundhra,DT-LIQ,3,22864.4,0.19,Open Ended,22-Nov-05,CRISIL Liquid Debt Index,3603.84,3603.84,3356.98,0.59,1.75,3.57,7.37,7.17,6.39,5.3,6.28,0,64,182616,7.88,24.29,32.23,Financials,0.1,0.09,7.07,0.76,10.33,5.56,1.39,0.07,Debt : Liquid,0.007% for Day 1 0.0065% on Day 2 0.0060% on Day 3 0.0055% on Day 4 0.0050% on Day 5 0.0045% on Day 6 NIL after 7D
DSP Low Duration Fund-Reg(G),Karan Mundhra,DT-LOWD,4,5505.5,0.61,Open Ended,10-Mar-15,NIFTY Low Duration Debt Index,19.08,19.08,17.77,0.59,1.71,3.62,7.4,7.15,6.16,5.71,14.21,0,204,80542,14.89,16.44,12.9,Technology,1.06,0.92,7.5,3.05,9.81,19.81,0.08,0.33,Debt : Low Duration,Nil
DSP Midcap Fund-Reg(G),Vinit Sambre,EQ-MID,2,19215.8,1.68,Open Ended,14-Nov-06,Nifty Midcap 150 - TRI,148.55,153.74,111.94,0.84,-4.34,2.69,22.66,30.8,17.7,20.75,15.37,42,57,46299,9.74,66.17,19.01,Financials,2.21,1.82,7.49,13.81,1.15,1.72,0.84,15.65,Equity : Mid Cap,1% before 12M Nil on or after 12M
DSP Multi Asset Allocation Fund-Reg(G),Aparna Karnik,HY-MULTI,4,2355.1,1.65,Open Ended,27-Sep-23,NIFTY 500 - TRI,12.6,13.06,10.75,-0.9,-3.09,4.1,16.45,36.07,6.1,13.29,15.19,39,39,240957,31.65,3.94,5.9,Financials,10.22,4.47,7.25,10.91,1.82,2.97,0.81,7.25,Hybrid : Multi Asset Allocation,Nil upto 10% of units and 1% for remaining units on or before 12M Nil after 12M
DSP Multicap Fund-Reg(G),Chirag Dagli,EQ-MLC,1,1869.5,2.03,Open Ended,30-Jan-24,Nifty500 Multicap 50:25:25 - TRI,12.29,12.94,9.57,-0.47,-5.67,2.12,41.9,22.96,12.94,25.37,6.44,16,59,49631,31.89,19.29,40,Financials,13.43,0.19,7.08,0.78,2.75,13.55,1.01,1.86,Equity : Multi Cap,1% on or before 12M Nil after 12M
DSP Natural Res & New Energy Fund-Reg(G),Rohit Singhania,EQ-POWER,5,1256.5,2.11,Open Ended,25-Apr-08,BSE OIL & GAS Index,85.44,98.85,73.44,-4.43,-13.39,-7.53,13.9,22.17,17.93,21.16,16.61,30,23,99981,39.49,33.97,9.37,Energy,4.33,6.16,7.1,5.62,0.56,0.83,1.03,20.77,Equity : Sectoral - Energy / Power,Nil
DSP NIFTY 1D Rate Liquid ETF,Anil Ghelani,DT-ETF,1,706.6,0.3,Open Ended,14-Mar-18,Nifty 1D Rate Index,1000,1000.54,1000,0.53,1.54,3.11,6.35,6.33,5.62,4.45,14.58,0,71,196142,6.43,11.73,24.09,Technology,0.01,2.76,6.78,0.91,7.29,9.05,1.03,0.13,Debt : ETFs,0.007% for Day 1 0.0065% on Day 2 0.0060% on Day 3 0.0055% on Day 4 0.0050% on Day 5 0.0045% on Day 6 NIL on or after 7D
DSP Nifty 50 Equal Weight ETF,Anil Ghelani,EQ-ETF,4,210.5,0.3,Open Ended,08-Nov-21,NIFTY50 Equal Weight,309.58,346.02,269.08,-1.54,-11.57,-2.77,10.69,21.39,16.77,23.35,15.81,75,50,290187,96.26,3.66,13.16,Financials,0.46,3.37,8.02,2.65,0.51,0.79,0.96,14.23,Equity : ETFs,1% on or before 90D Nil after 90D
DSP Nifty 50 Equal Weight Index Fund-Reg(G),Anil Ghelani,EQ-INDX,5,1895.2,0.87,Open Ended,23-Oct-17,NIFTY50 Equal Weight - TRI,24.05,26.92,21.05,-1.6,-11.72,-3.12,9.89,20.55,16,19.08,7.68,26,50,290186,96.28,3.66,26.56,Financials,1.02,0.35,7.19,1.79,0.46,0.72,0.96,14.33,Equity : Index Funds,Nil
DSP Nifty 50 ETF,Anil Ghelani,EQ-ETF,3,326.3,0.07,Open Ended,23-Dec-21,NIFTY 50 - TRI,249.8,270.34,217.09,-1.61,-7.82,-1.25,10.38,16.48,12.91,5.29,17.86,46,50,555827,98.71,1.25,4.05,Financials,0.35,3.37,7.75,2.07,0.49,0.75,0.99,13.85,Equity : ETFs,Nil
DSP NIFTY 50 Index Fund-Reg(G),Anil Ghelani,EQ-INDX,3,655.8,0.31,Open Ended,21-Feb-19,NIFTY 50 - TRI,23.18,25.1,20.22,-1.64,-7.89,-1.44,9.93,16.02,12.47,15.16,7.21,7,50,555827,98.71,1.25,8.53,Financials,3.62,0.11,6.78,1.51,0.47,0.71,0.99,13.95,Equity : Index Funds,Nil
DSP Nifty Bank ETF,Anil Ghelani,EQ-ETF,4,505.3,0.16,Open Ended,03-Jan-23,NIFTY BANK - TRI,52.32,55.15,45.17,-1.93,-3.56,-2.72,6.58,32.59,35.36,5.68,9.85,57,12,538946,86.42,13.58,5.53,Financials,2.36,2.92,6.97,-1.51,0.21,0.31,1.08,17.36,Equity : ETFs,NIL
DSP Nifty Bank Index Fund-Reg(G),Anil Ghelani,EQ-INDX,1,45.3,0.9,Open Ended,31-May-24,NIFTY BANK - TRI,10.5,11.09,9.57,-2.03,-3.77,-3.15,18.32,20.61,12.43,16.27,6.21,27,12,538945,86.39,13.57,1.56,Financials,1.14,0.3,7.04,0.43,2.04,5.53,0.7,20.15,Equity : Index Funds,Nil
DSP Nifty Healthcare ETF,Anil Ghelani,EQ-PHRM,4,12.1,0.21,Open Ended,01-Feb-24,Nifty Healthcare Index - TRI,151.17,151.17,113.64,6.15,1.7,19.37,23.45,8.55,24.55,5.31,8.37,1,20,120107,54.96,39.59,5.41,Healthcare,0.49,8.39,7.09,11.59,1.19,0.64,0.99,13.13,Equity : Sectoral - Pharma,Nil for 10% of investments and 1% for remaining investments on or before 12M Nil after 12M
DSP Nifty IT ETF,Anil Ghelani,EQ-ETF,1,42.7,0.2,Open Ended,07-Jul-23,NIFTY IT - TRI,45.35,47.04,32.85,0.5,2.72,18.36,23.4,8.38,6.28,6.06,10.3,73,10,429492,83.84,16.15,2.27,Technology,4.07,0.62,7.2,15.9,1,1.83,0.74,19.38,Equity : ETFs,0.007% for Day 1 0.0065% on Day 2 0.0060% on Day 3 0.0055% on Day 4 0.0050% on Day 5 0.0045% on Day 6 NIL on or after 7D
DSP Nifty Midcap 150 Quality 50 ETF,Anil Ghelani,EQ-ETF,3,97.7,0.3,Open Ended,23-Dec-21,NIFTY Midcap150 Quality 50 - TRI,251.26,266.01,200.94,-0.19,-6.14,-0.65,19.81,24.44,12.13,5.81,17.25,42,50,51216,6.94,75.05,17.97,Technology,3.14,1.91,7.06,11.72,1.05,1.64,0.8,14.78,Equity : ETFs,0.25% on or before 28D Nil after 28D
DSP Nifty Midcap 150 Quality 50 Index Fund-Reg(G),Anil Ghelani,EQ-INDX,1,363.9,0.87,Open Ended,04-Aug-22,NIFTY Midcap150 Quality 50 - TRI,14.69,15.58,11.81,-0.26,-6.29,-0.99,19,23.65,11.11,20.44,7.37,46,50,51217,6.94,75.03,17.97,Technology,3.71,4.46,6.91,11.04,1.01,1.58,0.8,14.9,Equity : Index Funds,Nil
DSP NIFTY Next 50 Index Fund-Reg(G),Anil Ghelani,EQ-INDX,3,902.9,0.53,Open Ended,21-Feb-19,NIFTY NEXT 50 - TRI,26.6,29.99,20.57,-3.64,-11.81,-5.6,27.41,27.78,17.93,19.26,11.86,49,50,143043,88.16,11.75,26.49,Financials,0.3,0.01,7.09,16.98,1.13,1.64,1.14,20.14,Equity : Index Funds,Nil
DSP Nifty Private Bank ETF,Anil Ghelani,EQ-ETF,1,236.3,0.15,Open Ended,27-Jul-23,Nifty Private Bank - TRI,25.45,27.48,22.58,-1.74,-5.98,-4.82,0.74,13.04,6.28,8.32,3.95,106,10,417377,83.3,13.6,3.08,Financials,14.57,0.46,6.88,-7.01,-0.12,-0.18,1.04,17.05,Equity : ETFs,Nil upto 10% of units and 1% for above the limits on or before 1Y Nil after 1Y
DSP Nifty PSU Bank ETF,Anil Ghelani,EQ-ETF,3,53,0.45,Open Ended,27-Jul-23,NIFTY PSU BANK - TRI,66.03,80.14,56.52,-3.96,-3.3,-10.62,14.1,34.02,21.36,4.9,8.51,163,12,188009,62.21,37.78,9.78,Financials,0.42,4.47,7.37,7.36,0.49,0.71,1.49,29.8,Equity : ETFs,Nil for 10% of investments and 1% for remaining on or before 12M Nil after 12M
DSP Nifty SDL Plus G-Sec Jun 2028 30:70 Index Fund-Reg(G),Shantanu Godambe,DT-M&LD,5,2222.4,0.32,Open Ended,21-Mar-22,Nifty SDL Plus G-Sec Jun 2028 70:30 Index,11.87,11.87,10.99,0.49,1.39,4.05,8.04,7.8,13.79,6.61,8.1,0,31,226190,45.59,12.88,24.97,Financials,3.07,2.63,6.92,2.65,4.48,9.48,0.4,0.86,Debt : Medium to Long Duration,Nil
DSP Nifty SDL Plus G-Sec Sep 2027 50:50 Index Fund-Reg(G),Shantanu Godambe,DT-M&LD,2,92.4,0.41,Open Ended,14-Feb-23,Nifty SDL Plus G-Sec Sep 2027 50:50 Index,11.54,11.54,10.68,0.54,1.43,3.9,8.06,16.05,13.61,16.12,9.4,0,50,155749,70.97,75.04,19.52,Financials,2.59,2.27,6.94,2.87,4.98,10.92,0.33,0.77,Debt : Medium to Long Duration,Nil
DSP Nifty Smallcap250 Quality 50 Index Fund-Reg(G),Anil Ghelani,EQ-INDX,2,178.1,1,Open Ended,26-Dec-23,Nifty Smallcap250 Quality 50 - TRI,12.84,13.72,9.5,-0.55,-5.04,3.72,25.66,22.17,16.79,20.63,14.24,59,50,19113,17.32,13.12,86.71,Technology,2.63,0.83,7.45,17.21,1.07,1.6,0.96,20.64,Equity : Index Funds,Nil
DSP Nifty Top 10 Equal Weight ETF,Anil Ghelani,EQ-ETF,2,244,0.15,Open Ended,05-Sep-24,Nifty Top 10 Equal Weight - TRI,94.97,100.17,91.54,-1.56,-4.6,2.47,15.2,6.58,14.52,13.76,5.34,10,10,797400,99.99,5.6,29.13,Financials,20.38,0.98,7.64,5.67,1.27,18.97,0.99,3.06,Equity : ETFs,Nil
DSP Nifty Top 10 Equal Weight Index Fund-Reg(G),Anil Ghelani,EQ-INDX,1,1037.2,1,Open Ended,05-Sep-24,Nifty Top 10 Equal Weight - TRI,9.75,10.31,9.41,-1.65,-4.86,-10.1,7.17,7.42,19.29,19.81,10.76,11,10,797401,100.05,19.49,1.66,Financials,0.11,0.75,8.16,4.33,11.09,1.62,0.4,0.32,Equity : Index Funds,Nil
DSP Overnight Fund-Reg(G),Karan Mundhra,DT-ON,5,2333.8,0.14,Open Ended,09-Jan-19,CRISIL Liquid Overnight Index,1340.3,1340.3,1257.05,0.55,1.61,3.24,6.64,6.63,5.97,4.88,11.93,0,20,68890,71.01,1.25,86.71,Energy,0.01,0.01,6.68,1.18,8.59,11.25,-0.09,0.14,Debt : Overnight,Nil
DSP Quant Fund-Reg(G),Aparna Karnik,EQ-THEM,5,1066.1,1.27,Open Ended,10-Jun-19,BSE 200 - TRI,21.45,23.45,18.55,-1.51,-8.99,0.61,10.44,16.01,7.58,14.58,7.04,47,48,223121,77.84,22.29,58.16,Financials,0.39,3.87,6.96,2.75,0.56,0.92,0.78,12.01,Equity : Thematic,Nil
DSP Regular Savings Fund-Reg(G),Abhishek Singh,HY-DT(CO),2,180.3,1.11,Open Ended,11-Jun-04,CRISIL Hybrid 85+15 - Conservative Index,56.36,56.44,50.5,0.18,-0.27,4.15,10.95,11.67,8.92,8.71,7.04,0,30,218440,17.47,0.96,3.5,Financials,3.07,2.48,7.08,4.81,2.04,3.24,0.68,3.36,Hybrid : Debt Oriented (Conservative),Nil
DSP Savings Fund-Reg(G),Karan Mundhra,DT-MM,3,4210.9,0.47,Open Ended,30-Sep-99,CRISIL Money Market Index,50.77,50.77,47.29,0.61,1.71,3.54,7.37,7.26,6.16,5.55,6.27,0,49,374558,20.51,22.39,84.81,Healthcare,0.61,0.56,7.47,3.15,10.15,20.82,0.04,0.32,Debt : Money Market,Nil
DSP Short Term Fund-Reg(G),Karan Mundhra,DT-SD,3,2848.1,0.96,Open Ended,09-Sep-02,CRISIL Short Duration Debt Index,44.62,44.62,41.45,0.52,1.51,3.99,7.63,7.12,5.73,5.85,6.69,0,50,95148,61.8,12.31,45.11,Financials,3.98,2.81,7.49,2.52,5.46,11.29,0.32,0.64,Debt : Short Duration,Nil
DSP Silver ETF,Ravi Gehani,GOLD-ETF,1,284.2,0.5,Open Ended,19-Aug-22,Silver,85.26,96.51,68.22,-3.79,-4.53,-2.21,15.82,10.12,5.39,13.35,13.48,33,32,199226,86.46,3.23,24.28,Healthcare,0.08,0.42,7.45,11.84,0.61,1.04,0.71,22.82,Gold : ETFs,Nil
DSP Small Cap Fund-Reg(G),Vinit Sambre,EQ-SML,3,16307.3,1.71,Open Ended,14-Jun-07,BSE 250 Small Cap - TRI,203.42,207.45,149.65,2.35,-0.9,8.12,25.62,33.43,21.6,30.03,18.52,24,74,9431,62.63,3.13,90.72,FMCG,2.39,0.32,7.49,17.67,1.29,1.93,0.71,16.51,Equity : Small Cap,1% before 12M Nil on or after 12M
DSP Strategic Bond Fund-Reg(G),Sandeep Yadav,DT-DYN,5,1927.3,1.19,Open Ended,09-May-07,CRISIL Dynamic Bond Index,3246.75,3262.75,2944.45,0.25,-0.05,3.79,9.99,8.83,6.36,6.62,7.18,0,102,76845,14.89,12.31,6.88,Financials,31.71,11.6,7.16,1.26,2.06,3.48,1.44,2.7,Debt : Dynamic Bond,Nil
DSP Top 100 Equity Fund-Reg(G),Abhishek Singh,EQ-LC,1,4530,1.94,Open Ended,10-Mar-03,BSE 100 - TRI,459.37,486.27,369.36,-1.22,-6.05,2.84,20.73,24.57,16.45,15,11.15,39,32,329504,80.59,2.91,6.01,Financials,6.12,0.85,7.39,11.77,1.27,1.97,0.85,12.63,Equity : Large Cap,1% before 12M Nil on or after 12M
DSP Ultra Short Fund-Reg(G),Shalini Vasanta,DT-USD,2,3062,1.01,Open Ended,31-Jul-06,CRISIL Ultra Short Term Debt Index,3284.68,3284.68,3072.58,0.57,1.64,3.36,6.91,6.8,5.9,5.04,5.89,0,59,216358,96.99,7.89,92.96,Financials,0.46,0.42,7.47,2.72,9.94,20.05,0.03,0.28,Debt : Ultra Short Duration,Nil
DSP US Flexible Equity FoF-Reg(G),Jay Kothari,FOF-OVR,3,853.1,2.34,Open Ended,03-Aug-12,Russell 1000 Index,57.42,58.7,47.87,1.61,3.72,5.42,17.75,19.81,10.55,15.51,12.92,6,32,555827,69.01,3.91,21.86,Financials,23.46,0.51,6.71,12.12,1.07,1.63,0.92,13.87,FoFs : Overseas,Nil
DSP US Treasury FoF-Reg(G),Jay Kothari,FOF-OVR,4,60.3,0.26,Open Ended,18-Mar-24,S&P US Treasury Bond Index,10.56,10.81,9.86,-0.1,-1.38,3.72,28.42,17.5,-0.11,4.27,7.16,16,21,156218,51.91,15.4,19.59,Technology,1.21,0.01,7.66,-1.26,2.75,1.8,1.32,0.57,FoFs : Overseas,0.10% before 7D Nil on or after 7D
DSP Value Fund-Reg(G),Aparna Karnik,EQ-VAL,4,910.4,1.7,Open Ended,10-Dec-20,NIFTY 500 - TRI,20.67,21.68,17.08,-0.74,-4.78,5.4,20.53,7.47,15.23,15.38,5.81,107,57,138929,43.68,6.75,15.25,Healthcare,3.17,0.42,7.02,16.83,1.76,2.94,0.56,10.31,Equity : Value / Contra,1% on or before 12M Nil after 12M
DSP World Agriculture Fund-Reg(G),Jay Kothari,FOF-OVR,5,10.1,2.24,Open Ended,19-Oct-11,MSCI ACWI Net TRI,18.68,19.18,17.4,-0.53,5.69,2.83,7.44,2.26,-5.96,2.92,7.16,33,49,203832,86.4,30.68,8.75,Financials,9.88,9.46,7.39,-1.18,0.37,0.65,1.47,11.79,FoFs : Overseas,Nil
DSP World Gold FoF-Reg(G),Jay Kothari,FOF-OVR,3,1045,2.35,Open Ended,14-Sep-07,FTSE Gold Mines,19.95,24.53,14.3,-7.7,-10.9,5.36,15.94,11.33,4.62,6.49,7.04,22,12,201451,19.19,16.37,2.12,Technology,22.09,3.68,6.99,9.98,0.57,0.99,1.96,27.32,FoFs : Overseas,Nil
DSP World Mining FoF-Reg(G),Jay Kothari,FOF-OVR,4,137.4,2.18,Open Ended,29-Dec-09,MSCI ACWI Metals & Mining 30% Buffer 10/40 (1994) Net TRI,14.99,17.89,14.2,-8.78,-15.37,-6.78,-8.07,-4.1,1.03,10.41,7.67,51,69,555837,50.79,61.44,15.66,Financials,8.96,0.15,7.07,-14.36,-0.48,-0.79,1.14,22.27,FoFs : Overseas,Nil
Edelweiss Aggressive Hybrid Fund-Reg(G),Bharat Lahoti,HY-MULTI,2,2267.4,1.96,Open Ended,11-Aug-09,CRISIL Hybrid 35+65 - Aggressive Index,62.36,64.44,50.97,1.5,-3.6,3.88,20.63,23.43,17.23,18.05,12.46,104,78,250843,55.21,12.22,5.53,Financials,3.55,2.74,7.18,10.23,1.37,1.97,1.87,11.49,Hybrid : Multi Asset Allocation,Nil upto 10% of units and 1% for remaining units on or before 90D Nil after 90D
Edelweiss Arbitrage Fund-Reg(G),Bhavesh Jain,HY-ARB,4,12199.2,1.08,Open Ended,27-Jun-14,Nifty 50 Arbitrage,18.75,18.75,17.43,0.7,1.87,3.49,7.62,7.41,6.39,5.48,6.01,0,198,192233,50.64,18.08,4.37,Financials,0.43,0.41,7.18,3.73,3.43,7.57,-0.09,1.01,Hybrid : Arbitrage,0.10% on or before 30D Nil after 30D
Edelweiss ASEAN Equity Off-Shore Fund-Reg(G),Bhavesh Jain,FOF-OVR,3,94.6,2.35,Open Ended,01-Jul-11,MSCI AC ASEAN 10/40 Index,27.87,29.3,23.42,-0.39,-3.69,13.77,14.52,6.25,5.75,5.18,5.3,0,12,417377,0.86,13.27,9.52,Financials,18.83,0.75,6.88,6.9,0.99,1.66,1.3,10.94,FoFs : Overseas,1% on or before 90D Nil after 90D
Edelweiss Balanced Advantage Fund-Reg(G),Bhavesh Jain,HY-DYN,5,12380.6,1.69,Open Ended,20-Aug-09,NIFTY 50 Hybrid Composite Debt 50:50 Index,49.87,52.04,43.19,-0.1,-4.45,0.73,13.36,16.39,11.55,15,10.76,235,104,209927,50.54,13.65,7.18,Financials,1.41,1.13,6.98,4.33,0.94,1.34,1.64,9.66,Hybrid : Dynamic Asset Allocation,Nil upto 10% of units and 1% for remaining units on or before 90D Nil after 90D
Edelweiss Banking and PSU Debt Fund-Reg(G),Dhawal Dalal,DT-B&PSU,5,271,0.7,Open Ended,13-Sep-13,CRISIL Banking and PSU Debt Index,23.55,23.55,21.77,0.41,1.28,4.17,8.14,7.31,5.69,6.84,7.52,0,50,436985,75.71,11.74,22.84,Financials,4.6,3.66,7.16,2.65,3.58,6.52,0.48,1.14,Debt : Banking & PSU,NIL
Edelweiss BSE Capital Markets & Insurance ETF,Bhavesh Jain,EQ-ETF,5,4156.1,1.7,Open Ended,30-Dec-24,BSE Capital Markets & Insurance - TRI,21.2,21.2,20.85,-2.05,0.18,5.57,7.21,20.3,13.41,15.72,6.79,33,30,134229,17.32,17.91,12.7,Financials,0.1,6.65,6.82,30.06,1.12,2.05,1.19,17.1,Equity : ETFs,NIL
Edelweiss Business Cycle Fund-Reg(G),Bhavesh Jain,EQ-THEM,5,1846.3,2,Open Ended,29-Jul-24,NIFTY 500 - TRI,9.56,10.3,8.9,1.89,-7.95,3.81,7.21,7.71,10.2,19.26,7.16,42,59,109253,44.78,48.45,6.12,Financials,0.14,2.4,7.47,12.45,3.23,2.49,1.02,20.83,Equity : Thematic,1% on or before 90D Nil after 90D
Edelweiss CRISIL IBX 50:50 Gilt Plus SDL April 2037 Index Fund-Reg(G),Dhawal Dalal,DT-LD,5,1070.3,0.46,Open Ended,11-Oct-22,CRISIL IBX 50:50 Gilt Plus SDL Index - April 2037,12.2,12.23,10.99,0.59,0.96,4.66,10.69,8.92,5.71,24.44,6.93,0,28,131823,49.83,5.6,34.83,Financials,11.84,7.67,7.15,2.85,2.94,5.32,1.13,2.12,Debt : Long Duration,0.10% on or before 30D Nil after 30D
Edelweiss CRISIL IBX 50:50 Gilt Plus SDL June 2027 Index Fund-Reg(G),Dhawal Dalal,DT-M&LD,4,95.9,0.45,Open Ended,18-Oct-22,CRISIL IBX 50:50 Gilt Plus SDL Index - June 2027,11.76,11.76,10.91,0.53,1.46,3.85,7.86,7.41,13.28,5.08,7.56,0,50,134229,92.14,10.91,45.85,Financials,2.42,2.13,6.91,2.85,5.42,11.6,0.29,0.69,Debt : Medium to Long Duration,0.10% on or before 30D Nil after 30D
Edelweiss CRISIL IBX 50:50 Gilt Plus SDL Sep 2028 Index Fund-Reg(G),Dhawal Dalal,DT-M&LD,2,156.7,0.45,Open Ended,10-Nov-22,CRISIL IBX 50:50 Gilt Plus SDL Index - Sep 2028,11.79,11.8,10.9,0.46,1.35,4.12,8.13,7.76,17.44,6.33,6,0,30,77265,53.46,3.09,14.04,Capital Goods,3.5,2.99,6.98,2.65,3.93,8.3,0.44,1.01,Debt : Medium to Long Duration,0.10% upto 30D Nil after 30D
Edelweiss CRISIL IBX 50:50 Gilt Plus SDL Short Duration Index Fund-Reg(G),Rahul Dedhia,DT-SD,3,152.8,0.63,Open Ended,15-Feb-23,CRISIL IBX 50:50 Gilt Plus SDL Short Duration Index,11.46,11.46,10.64,0.51,1.35,3.86,7.75,16.05,14.88,4.85,8.61,0,30,555814,85.44,66.17,5.65,Financials,2.92,2.53,6.94,2.67,5.18,11.3,0.31,0.7,Debt : Short Duration,Nil
Edelweiss CRISIL IBX AAA Financial Services Bond - Jan 2028 Index Fund-Reg(G),Dhawal Dalal,DT-M&LD,3,132.4,0.35,Open Ended,27-Nov-24,CRISIL-IBX AAA Financial Services Index - Jan 2028,10.06,10.06,10,0.6,-6.74,6.08,13.13,10.71,20.36,29.69,12.25,0,31,610545,98.76,3.67,3.09,FMCG,2.85,2.4,7.75,9.85,0.77,0.31,0.04,0.65,Debt : Medium to Long Duration,0.10% upto 30D Nil after 30D
Edelweiss CRISIL PSU Plus SDL 50:50 Oct 2025 Index Fund-Reg(G),Dhawal Dalal,DT-MD,1,803.7,0.4,Open Ended,10-Mar-22,CRISIL IBX 50:50 PSU + SDL Index - October 2025,11.67,11.67,10.87,0.57,1.61,3.54,7.37,7.1,6.13,24.93,7.37,0,78,86058,42.19,5.84,3.28,Financials,0.69,0.65,7.28,3.05,8.25,18.65,0.08,0.4,Debt : Medium Duration,0.10% upto 30D Nil after 30D
Edelweiss ELSS Tax saver Fund-Reg(G),Ashwani Agarwalla,EQ-ELSS,3,397.7,2.34,Open Ended,30-Dec-08,NIFTY 500 - TRI,110.7,116.83,89.8,-0.51,-5.56,0.6,20.52,24.17,15.62,17.8,12.52,24,94,199450,65.59,17.62,13.96,Financials,4.01,0.19,7.42,10.91,1.06,1.55,1,15.06,Equity : Tax Saving (ELSS),Nil
Edelweiss Emerging Markets Opp Eq. Offshore Fund-Reg(G),Bhavesh Jain,FOF-OVR,4,114.5,2.33,Open Ended,07-Jul-14,MSCI Emerging Market Index,15.04,16.13,13.29,2.15,-5.55,-2.3,5.92,5.69,-2.42,1.24,4.2,0,30,113620,46.35,62.22,21.87,Financials,3.99,2.23,7.42,-0.96,0.2,0.33,1.22,14.63,FoFs : Overseas,1% on or before 90D Nil after 90D
Edelweiss Equity Savings Fund-Reg(G),Bharat Lahoti,HY-EQ,2,560.9,1.59,Open Ended,13-Oct-14,NIFTY 50 Equity Savings Index,24.34,24.34,21.33,1.67,0.64,4.68,13.52,13.35,9.96,10.84,8.92,608,107,181706,44.43,15.89,6.88,Financials,3.59,2.78,7.12,6.88,2.37,3.68,0.7,3.78,Hybrid : Equity Oriented,0.25% on or before 30D Nil after 30D
Edelweiss Europe Dynamic Equity Off-shore Fund-Reg(G),Bhavesh Jain,FOF-OVR,3,74.4,2.33,Open Ended,07-Feb-14,MSCI Europe Index (Total Return Net),18.4,20.22,16.76,-1.92,-8.15,-1.98,5.37,11.14,5.1,9.03,6.61,18,42,260069,34.92,30.45,7.34,Financials,4.71,0.51,6.66,-2.04,0.17,0.25,1.37,13.66,FoFs : Overseas,1% on or before 90D Nil after 90D
Edelweiss Flexi Cap Fund-Reg(G),Trideep Bhattacharya,EQ-FLEX,3,2445.9,1.95,Open Ended,03-Feb-15,NIFTY 500 - TRI,38.61,40.75,29.97,-0.48,-5.76,1.36,25.89,28.28,18.47,20.49,15.53,36,79,216796,69.99,18.96,9.52,Financials,2.96,6.35,7.59,15.35,1.3,1.9,1.03,15.86,Equity : Flexi Cap,1% on or before 90D Nil after 90D
Edelweiss Focused Fund-Reg(G),Trideep Bhattacharya,EQ-FLEX,3,916.9,2.22,Open Ended,01-Aug-22,NIFTY 500 - TRI,16.79,17.46,13.23,0.27,-4.49,1.51,23.48,27.21,19.54,19.48,16.7,45,28,257906,73.86,19.75,3.74,Financials,2.93,0.44,7.02,13.23,1.19,1.79,1.01,15.46,Equity : Flexi Cap,1% on or before 90D Nil after 90D
Edelweiss Gold and Silver ETF FoF-Reg(G),Bhavesh Jain,FOF-DOM,4,187.3,0.71,Open Ended,14-Sep-22,Gold-India,14.72,16.02,11.49,-1.91,-1.66,1.95,17.33,13.7,6.13,15.68,6.63,0,54,336939,81.72,28.75,1.34,FMCG,7.09,6.57,7.1,16.2,0.71,1.19,-0.77,19.49,FoFs : Domestic,0.10% on or before 15D Nil after 15D
Edelweiss Gold ETF,Amit Vora,GOLD-ETF,4,97.8,0.35,Open Ended,07-Nov-23,Gold-India,78.2,80.87,63.06,-0.16,1.3,6.32,19.82,7.23,11.55,4.75,6.04,0,30,51216,34.84,24.69,81.18,Financials,4.61,2.27,7.04,15.3,1.23,1.86,0.02,12.45,Gold : ETFs,1% on or before 15D Nil after 15D
Edelweiss Government Securities Fund-Reg(G),Rahul Dedhia,DT-GILT,5,191.7,1.14,Open Ended,13-Feb-14,CRISIL Dynamic Gilt Index,23.66,23.75,21.49,0.24,0.15,3.75,9.86,7.92,6.08,7.05,7.56,0,151,96577,86.46,23.86,36.57,Financials,21.7,9.87,7.04,1.29,2.09,3.84,1.4,2.61,Debt : Gilt,NIL
Edelweiss Gr China Equity Off-Shore Fund-Reg(G),Bhavesh Jain,FOF-OVR,4,1572.2,2.36,Open Ended,26-Aug-09,MSCI Golden Dragon Index (Total Return Net),38.11,43.05,29.97,4.87,-3.97,9.05,14.76,1.46,-6.69,3.16,7.12,0,24,70391,70.39,28.46,4.37,Financials,1.61,0.17,6.66,10.51,0.6,1.07,0.92,23.22,FoFs : Overseas,1% on or before 90D Nil after 90D
Edelweiss Large & Mid Cap Fund-Reg(G),Sumanta Khan,EQ-L&M,4,3745.2,1.87,Open Ended,14-Jun-07,NIFTY LargeMidcap 250 - TRI,88.26,91.07,68.89,0.22,-3.83,3.31,24.77,27.82,18.5,21.47,14.9,13,96,122627,48.8,35.9,13.5,Financials,15.84,3.2,6.68,14.79,1.27,1.88,0.97,15.55,Equity : Large & Mid Cap,1% on or before 90D Nil after 90D
Edelweiss Large Cap Fund-Reg(G),Bharat Lahoti,EQ-LC,3,1100.2,2.17,Open Ended,20-May-09,NIFTY 100 - TRI,82.96,89.65,69.88,-0.61,-7.72,-0.71,15.3,21.02,14.99,16.88,12.75,106,73,332230,81.98,14.41,0.93,Financials,3.98,0.02,7.26,6.48,0.81,1.2,0.96,13.97,Equity : Large Cap,1% on or before 90D Nil after 90D
Edelweiss Liquid Fund-Reg(G),Rahul Dedhia,DT-LIQ,3,5902.9,0.22,Open Ended,16-Sep-08,CRISIL Liquid Debt Index,3227.81,3227.81,3007.51,0.59,1.74,3.54,7.34,7.09,6.28,5.23,6.16,0,251,277659,32.02,18.81,15.4,Energy,0.12,0.12,7.04,0.73,10.33,5.41,0.92,0.07,Debt : Liquid,0.007% for Day 1 0.0065% on Day 2 0.0060% on Day 3 0.0055% on Day 4 0.0050% on Day 5 0.0045% on Day 6 NIL on or after 7D
Edelweiss Mid Cap Fund-Reg(G),Trideep Bhattacharya,EQ-MID,4,8280.4,1.73,Open Ended,26-Dec-07,Nifty Midcap 150 - TRI,102.36,103.98,72.34,1.7,-1.09,7.37,38.94,39.28,25.9,30.16,18.89,45,77,59994,14.78,66.55,16.03,Financials,0.16,0.01,7.55,26.43,1.77,2.65,0.95,17.61,Equity : Mid Cap,1% on or before 90D Nil after 90D
Edelweiss Money Market Fund-Reg(G),Pranavi Kulkarni,DT-DYN,2,1261.5,0.82,Open Ended,27-Jun-08,CRISIL Money Market Index,27.43,27.43,25.65,0.57,1.63,3.37,6.96,6.69,5.62,5.17,6.35,0,60,312212,45.43,34.97,5.04,Financials,0.52,0.52,7.38,2.85,9.84,19.71,0.03,0.3,Debt : Dynamic Bond,Nil
Edelweiss MSCI India Domestic & World Healthcare 45 Index Fund-Reg(G),Bhavesh Jain,EQ-INDX,2,153.7,1.04,Open Ended,26-Oct-20,MSCI India Domestic & World Healthcare 45 Index,19.84,20.41,15.78,2.61,-1.94,11.11,28.86,26.53,14.92,21.73,7.21,0,46,107753,34.84,29.36,6.56,Healthcare,0.01,1.45,7.23,21.77,2.17,3.99,0.33,10.71,Equity : Index Funds,Nil
Edelweiss Multi Asset Allocation Fund-Reg(G),Bhavesh Jain,HY-MULTI,2,1428.2,0.71,Open Ended,23-Jun-23,CRISIL Short Term Bond Index,11.18,11.18,10.37,0.55,1.59,3.96,7.88,37.5,20.78,7.59,6.31,655,58,324462,22.53,4.54,0.03,Financials,4.22,3.28,7.26,3.65,2.05,3.56,0.08,1.9,Hybrid : Multi Asset Allocation,0.10% on or before 30D Nil after 30D
Edelweiss Multi Cap Fund-Reg(G),Trideep Bhattacharya,EQ-MLC,2,2571.7,1.92,Open Ended,25-Oct-23,Nifty500 Multicap 50:25:25 - TRI,15.42,16.01,11.75,-0.16,-4.5,3.48,28.32,2.26,14.28,33.49,16.34,31,100,112462,47.7,27,24.28,Financials,9.66,2.48,7.24,17.69,1.42,2.1,0.97,15.86,Equity : Multi Cap,1% on or before 90D Nil after 90D
Edelweiss Nifty 100 Quality 30 Index Fund-Reg(G),Bhavesh Jain,EQ-INDX,5,139.7,0.9,Open Ended,07-Oct-21,NIFTY100 Quality 30 - TRI,14.29,15.93,12.3,-2.83,-11.36,-2.26,10.41,21.61,13.19,27.13,5.92,11,30,277337,91.13,8.9,12.26,FMCG,1.58,5.65,7.94,3.18,0.55,0.89,0.76,12.81,Equity : Index Funds,Nil
Edelweiss Nifty 50 Index Fund-Reg(G),Bhavesh Jain,EQ-INDX,1,118.2,0.5,Open Ended,08-Oct-21,NIFTY 50 - TRI,13.67,14.81,11.97,-1.66,-7.96,-1.53,9.52,15.62,12.02,5.34,6.03,9,50,555829,98.3,1.24,0.77,Financials,17.72,3.81,7.25,1.13,0.44,0.67,0.99,13.9,Equity : Index Funds,Nil
Edelweiss Nifty Alpha Low Volatility 30 Index Fund-Reg(G),Bhavesh Jain,EQ-INDX,5,105.4,1.08,Open Ended,16-May-24,NIFTY Alpha Low-Volatility 30 - TRI,10.34,11.77,9.67,-1.79,-12.38,-3.03,11.41,28.32,6.55,5.12,6.61,38,30,256524,86.88,12.98,15.85,Automobile and Ancillaries,20.93,0.92,6.97,15.22,0.47,3.46,0.28,13.89,Equity : Index Funds,0.10% on or before 15D Nil after 15D
Edelweiss Nifty Bank ETF,Bhavesh Jain,EQ-ETF,1,11,0.07,Open Ended,10-Sep-24,NIFTY BANK - TRI,51.55,54.33,50.05,-1.93,-3.54,3.66,12.51,19.27,5.76,5.36,12.3,43.51,12,538993,86.29,13.56,10.47,Financials,0.52,2.53,6.68,7.41,1.09,1.56,1.06,0.31,Equity : ETFs,Nil
Edelweiss NIFTY Large Mid Cap 250 Index Fund-Reg(G),Bhavesh Jain,EQ-INDX,3,225.4,0.83,Open Ended,01-Dec-21,NIFTY LargeMidcap 250 - TRI,16.23,17.3,13.47,-0.16,-6.88,-0.65,17.7,24.92,17.47,23.53,6.35,14,251,158794,51.22,45.26,3.41,Financials,4.01,7.47,6.67,9.05,0.91,1.31,0.98,15.47,Equity : Index Funds,Nil
Edelweiss Nifty Midcap150 Momentum 50 Index Fund-Reg(G),Bhavesh Jain,EQ-INDX,1,766.6,1.11,Open Ended,30-Nov-22,Nifty Midcap150 Momentum 50 - TRI,19.04,19.97,14.43,1.13,-4.34,1.85,30.84,40.39,0.46,5.62,13.25,81,50,76844,19.44,80.45,10.79,Financials,4.82,2.81,7.01,20.61,1.24,1.79,1.08,20.96,Equity : Index Funds,0.50% on or before 30D Nil after 30D
Edelweiss Nifty Next 50 Index Fund-Reg(G),Bhavesh Jain,EQ-INDX,5,95.7,0.79,Open Ended,30-Nov-22,NIFTY NEXT 50 - TRI,15.72,17.7,12.15,-3.45,-11.65,-5.55,27.38,27.3,23.48,17.14,6.13,47,50,143042,88.06,11.74,5.53,Financials,7.63,0.41,7.19,16.96,1.13,1.64,1.14,20.1,Equity : Index Funds,Nil
Edelweiss Nifty PSU Bond Plus SDL Apr 2026 50:50 Index Fund-Reg(G),Dhawal Dalal,DT-B&PSU,3,7923.2,0.4,Open Ended,18-Mar-21,Nifty PSU Bond Plus SDL Apr 2026 50:50 Index,12.47,12.47,11.6,0.58,1.66,3.69,7.51,7.18,5.44,20.61,9.39,0,57,196142,41.53,14.62,9.68,Technology,1.22,1.1,7.36,2.97,7.11,15.79,0.15,0.48,Debt : Banking & PSU,0.10% on or before 30D Nil after 30D
Edelweiss Nifty PSU Bond Plus SDL Apr 2027 50:50 Index Fund-Reg(G),Dhawal Dalal,DT-M&LD,2,2286.4,0.4,Open Ended,14-Oct-21,Nifty PSU Bond Plus SDL Apr 2027 50:50 Index,11.86,11.87,11,0.56,1.55,3.89,7.97,7.27,5.59,28.07,7.53,0,23,103434,86.42,55.44,20.23,Financials,2.25,1.98,7.23,3.15,6.04,13.24,0.22,0.63,Debt : Medium to Long Duration,0.15% upto 30D Nil after 30D
Edelweiss Nifty Smallcap 250 Index Fund-Reg(G),Bhavesh Jain,EQ-INDX,1,96.2,0.84,Open Ended,30-Nov-22,Nifty Smallcap 250 - TRI,18.42,19.1,13.83,0.99,-3.52,2.89,26.29,36.48,6.91,31.14,11.44,42,250,19551,56.74,8,91.85,Financials,8.14,2.36,7.75,17.46,1.12,1.59,0.96,19.96,Equity : Index Funds,Nil
Edelweiss Nifty500 Multicap Momentum Quality 50 ETF,Bhavesh Jain,EQ-ETF,2,10.8,0.19,Open Ended,31-Oct-24,Nifty500 Multicap Momentum Quality 50 - TRI,45.85,48.38,43.97,-2.42,-11.64,-3.01,15.42,7.58,24.55,15.89,5.99,0,50,96310,55.69,30.92,11.94,Capital Goods,9.03,6.65,6.66,15.4,1.01,0.31,0.92,13.95,Equity : ETFs,Nil
Edelweiss Nifty500 Multicap Momentum Quality 50 Index Fund-Reg(G),Bhavesh Jain,EQ-INDX,1,156.2,1.1,Open Ended,31-Oct-24,Nifty500 Multicap Momentum Quality 50 - TRI,10.04,10.61,9.64,-2.5,-7.29,-0.75,8.1,5.94,4.04,19.26,8.38,0,50,96608,56.63,31.22,12.09,Capital Goods,4.61,6.35,7.36,0.91,1,3.43,0.88,17.61,Equity : Index Funds,0.10% on or before 30D Nil after 30D
Edelweiss Overnight Fund-Reg(G),Pranavi Kulkarni,DT-ON,3,538.6,0.16,Open Ended,24-Jul-19,CRISIL Liquid Overnight Index,1297.61,1297.61,1217.59,0.55,1.6,3.23,6.59,6.6,5.92,4.87,6.72,0,26,62529,95.95,10.65,3.74,Financials,0.01,0.01,6.64,0.25,30.78,1.88,0.05,0.01,Debt : Overnight,Nil
Edelweiss Recently Listed IPO Fund-Reg(G),Bhavesh Jain,EQ-THEM,4,974,2.26,Open Ended,22-Feb-18,India Recent 100 IPO Index,29.08,29.08,20.99,4.09,1.92,10,29.47,32.38,11.76,23.87,8.51,101,55,16953,9.43,16.75,70.97,Capital Goods,3.37,3.41,7.78,19.91,1.35,1.96,0.78,17.69,Equity : Thematic,2% upto 180D Nil after 180D
Edelweiss Silver ETF,Amit Vora,GOLD-ETF,3,97.3,0.39,Open Ended,21-Nov-23,Silver,88.72,100.4,71.04,-3.79,-4.53,-2.16,15.79,7.4,6.69,5.84,17.25,0,41,63782,51.19,9.11,32.7,Financials,1.25,3.26,7.38,12.63,0.62,1.04,0.48,22.76,Gold : ETFs,Nil for 15% of investment and 1% for remaining Investment on or before 1Y Nil after 1Y
Edelweiss Small Cap Fund-Reg(G),Trideep Bhattacharya,EQ-SML,4,4373.6,1.83,Open Ended,07-Feb-19,Nifty Smallcap 250 - TRI,45.73,46.97,34.06,0.1,-2.39,4.91,25.36,33.67,22.29,32.42,15.45,16,78,21599,1,28.32,68.91,Financials,3.16,0.08,7.01,16.58,1.27,1.87,0.78,16.12,Equity : Small Cap,1% on or before 90D Nil after 90D
Edelweiss Technology Fund-Reg(G),Sumanta Khan,EQ-TECH,3,690.2,2.29,Open Ended,05-Mar-24,BSE TECk Index - TRI,12.26,12.74,9.54,1.02,2.49,10.23,7.45,7.19,6.26,30.03,17.86,508,80,151151,42.45,20.23,13.58,Technology,2.4,0.75,6.68,0.08,1.13,2.09,0.01,13.92,Equity : Sectoral - Technology,1% on or before 90D Nil after 90D
Edelweiss US Technology Equity FOF-Reg(G),Bhavesh Jain,FOF-OVR,5,2571.3,2.35,Open Ended,05-Mar-20,Russell 1000 Equal Weighted Technology Index,26.3,27.92,19.18,-0.61,12,9.97,28.79,45.91,9.04,6.71,14.29,3,89,49752,67.66,1.16,6.94,Energy,3.54,2.41,6.99,21.8,1.02,1.58,1.69,25.96,FoFs : Overseas,1% on or before 90D Nil after 90D
Edelweiss US Value Equity Offshore Fund-Reg(G),Bhavesh Jain,FOF-OVR,5,140.3,2.33,Open Ended,07-Aug-13,Russell 1000 Index,31.19,33.63,26.54,-6.96,0.1,7.06,14.64,11.53,8.71,11.67,9.62,42,29,108228,98.65,32.23,12.22,Financials,0.01,4.97,7.54,9.9,0.96,1.59,0.49,11.71,FoFs : Overseas,1% on or before 90D Nil after 90D
Franklin Asian Equity Fund(G),Shyam Sundar Sriram,EQ-INTL,3,245.5,2.53,Open Ended,16-Jan-08,MSCI Asia (ex-Japan) Standard Index,28.79,30.34,23.11,2.09,-4.29,4.04,14.47,7.37,-0.45,3.17,5.99,62.14,52,246567,28.61,10.54,32.44,Financials,4.63,0.01,6.93,7.86,0.79,1.29,0.56,13.54,Equity : International,1% on or before 1Y
Franklin Build India Fund(G),Ajay Argal,EQ-INFRA,2,2848.5,2,Open Ended,04-Sep-09,BSE India Infrastructure Index - TRI,140.28,148.58,108.59,-2.24,-5.42,-3.22,28.34,39.47,29.58,26.9,17.4,23.04,41,101163,50.63,8.39,34.83,Energy,0.39,3.64,7.35,17.87,1.21,1.69,1.12,19.36,Equity : Sectoral - Infrastructure,1% on or before 1Y
Franklin India Arbitrage Fund-Reg(G),Rajasa Kakulavarapu,HY-ARB,3,141.3,1.05,Open Ended,19-Nov-24,Nifty 50 Arbitrage - TRI,10.07,10.07,10,0.6,-4.36,5.7,14.67,45.91,6.55,15.88,6.52,73.55,60,226190,53.49,14.42,0.75,Financials,0.09,0.09,6.69,16.25,1.29,2.42,0.99,0.79,Hybrid : Arbitrage,0.25% on or before 30D Nil after 30D
Franklin India Balanced Advantage Fund-Reg(G),Rajasa Kakulavarapu,HY-DYN,3,2428.3,1.96,Open Ended,06-Sep-22,NIFTY 50 Hybrid Composite Debt 50:50 Index,14.12,14.15,12.1,0.81,0.1,3.29,15.59,17.62,18.08,25.33,12.76,319.02,49,237958,47.17,8.36,10.56,Financials,2.88,2.4,7.44,8.24,1.67,2.49,0.93,6.57,Hybrid : Dynamic Asset Allocation,Nil upto 10% of units and 1% for remaining units on or before 1Y Nil after 1Y
Franklin India Banking & PSU Debt Fund(G),Chandni Gupta,DT-B&PSU,3,580.3,0.52,Open Ended,25-Apr-14,NIFTY Banking and PSU Debt Index,21.51,21.51,19.97,0.64,1.65,3.98,7.72,7.27,5.92,6.07,7.16,0,30,538950,86.42,18.05,6.93,Financials,4.15,2.73,7.42,3.02,6.51,13.48,0.21,0.56,Debt : Banking & PSU,Nil
Franklin India Bluechip Fund(G),Venkatesh Sanjeevi,EQ-LC,5,7847.5,1.84,Open Ended,01-Dec-93,NIFTY 100 - TRI,1004.62,1072.65,828.65,-1.07,-6.57,1.57,16.82,19.9,12.23,16.09,11.27,77.98,47,291811,77.64,17.03,2.29,Financials,4.44,2.77,6.89,8.16,0.98,1.56,0.86,12.76,Equity : Large Cap,1% on or before 1Y
Franklin India Corp Debt Fund-A(G),Anuj Tagra,DT-CORP,1,757.6,0.79,Open Ended,23-Jun-97,NIFTY Corporate Bond Index,94.34,94.34,87.61,0.59,1.77,4.06,7.66,7.09,5.77,5.96,7.17,0,29,19549,99.27,8.63,6.23,Financials,4.18,2.76,7.58,3,6.28,12.97,0.19,0.57,Debt : Corporate Bond,NIL
Franklin India Debt Hybrid Fund(G),Rohan Maru,HY-DT(CO),2,245.1,1.4,Open Ended,28-Sep-00,CRISIL Hybrid 85+15 - Conservative Index,87.53,87.69,78.63,0.46,0.23,3.57,10.79,11.24,8.78,8.23,7.59,0,49,221165,15.48,2.9,3.89,Financials,4.23,3.2,7.34,4.49,1.81,2.69,0.66,3.56,Hybrid : Debt Oriented (Conservative),Nil
Franklin India Dynamic Asset Allocation FOFs(G),Rajasa Kakulavarapu,FOF-DOM,2,1314.1,1.38,Open Ended,31-Oct-03,CRISIL Hybrid 50+50 - Moderate Index,159.67,162.32,140.9,0.28,-1.16,3.12,13.01,17.2,13.76,13.08,10.35,74.54,99,258243,67.76,5.91,24.28,Financials,0.59,0.42,7.41,5.7,1.45,2.16,1.06,6.13,FoFs : Domestic,Nil for 10% of units on or before 1Y and For remaining investment 1% on or before 1Y and Nil after 1Y
Franklin India ELSS Tax Saver Fund(G),R. Janakiraman,EQ-ELSS,3,6889.6,1.8,Open Ended,10-Apr-99,NIFTY 500 - TRI,1495.43,1556.69,1191.73,0.25,-4.13,3.23,22.82,27.81,19.94,20.68,13.82,26.59,55,251335,71.59,16.14,9.34,Financials,25.6,3.9,7.13,13.28,1.3,1.92,0.93,13.85,Equity : Tax Saving (ELSS),Nil
Franklin India Equity Advantage Fund(G),Venkatesh Sanjeevi,EQ-L&M,3,3544.8,2,Open Ended,02-Mar-05,NIFTY LargeMidcap 250 - TRI,183.32,198.32,148.68,-0.61,-6.67,1.75,19.18,23.09,13.8,18.03,11.87,106.44,51,124058,45.64,37.27,12.49,Financials,1.98,0.42,7.19,10.66,1.08,1.64,0.87,13.92,Equity : Large & Mid Cap,1% on or before 1Y
Franklin India Equity Hybrid Fund(G),Rajasa Kakulavarapu,HY-EQ,4,2050,2.09,Open Ended,10-Dec-99,CRISIL Hybrid 35+65 - Aggressive Index,267.92,272.84,223.77,0.49,-1.77,3.27,17.95,20.72,15.16,16.34,11.92,58.55,51,216241,47.36,8.8,12.22,Financials,3.15,2.36,7.78,8.82,1.31,1.91,1.54,10.16,Hybrid : Equity Oriented,Nil upto 10% of units on or before 1Y For excess units 1% on or before 1Y & Nil after 1Y
Franklin India Equity Savings Fund(G),Rajasa Kakulavarapu,HY-EQ,2,726,1.12,Open Ended,27-Aug-18,NIFTY 50 Equity Savings Index,15.93,15.95,14.55,0.3,0.53,3.29,8.99,9.61,7.63,8.79,6.75,697.54,59,328937,58.74,6.75,1.18,Financials,3.69,2.52,7.29,3.43,1.86,2.95,0.43,2.52,Hybrid : Equity Oriented,Nil
Franklin India Feeder - Franklin U.S. Opportunities Fund(G),Sandeep Manam,FOF-OVR,4,3775.6,1.53,Open Ended,06-Feb-12,Russell 3000 Growth Index,72.37,75.88,54.93,-1.86,3.51,7.33,27.13,32.32,6.89,15.88,14.3,4.01,57,347436,98.74,15.82,19.84,Healthcare,2.91,2.79,7.43,22.2,1.28,2.09,0.25,17.91,FoFs : Overseas,1% on or before 1Y
Franklin India Feeder - Templeton European Opportunities Fund(G),Sandeep Manam,FOF-OVR,1,15.6,1.4,Open Ended,16-May-14,MSCI Europe Index (Total Return Net),10.04,11.18,9.45,-1.13,-9.24,-1.63,-0.61,5.28,1.74,-0.04,1.35,4.98,250,142998,74.91,31.55,37.25,FMCG,1.25,1.43,6.8,-7.11,-0.26,-0.42,1.16,14.58,FoFs : Overseas,1% on or before 1Y
Franklin India Flexi Cap Fund(G),R. Janakiraman,EQ-FLEX,4,17808.4,1.7,Open Ended,29-Sep-94,NIFTY 500 - TRI,1643.57,1713.01,1318.7,0.22,-4.18,2.94,22.1,27.17,19.52,22.38,14.47,26.79,57,239092,69.66,16.86,9.78,Financials,1.6,1.84,7.03,12.73,1.27,1.87,0.91,13.65,Equity : Flexi Cap,1% on or before 1Y
Franklin India Floating Rate Fund(G),Pallab Roy,DT-FL,2,301.8,0.96,Open Ended,23-Apr-01,Nifty Short Duration Debt Index,38.97,38.97,36.04,0.48,1.56,3.99,8.11,7.72,6.54,5.76,6.13,0,1,49657,98.27,22.67,17.45,Retail and Other Services,6,1.38,7.49,3.7,7.06,16.18,0.11,0.57,Debt : Floater,Nil
Franklin India Focused Equity Fund(G),Ajay Argal,EQ-MLC,3,12183.3,1.76,Open Ended,26-Jul-07,NIFTY 500 - TRI,106.86,115.08,87.43,-0.9,-6.81,-0.38,20.26,22.19,17.84,20.06,13.96,19.87,29,281586,76.03,14.54,5.1,Financials,4.82,3.33,14.04,11.14,1.17,1.77,0.9,13.41,Equity : Multi Cap,1% on or before 1Y
Franklin India G-Sec Fund(G),Anuj Tagra,DT-GILT,1,151.2,1.15,Open Ended,07-Dec-01,Nifty All Duration G-Sec Index,56.42,56.43,52.43,0.51,1.16,4.11,7.43,6.41,5.08,5.12,5.9,0,95,437035,38.66,33.9,6.98,Financials,6.27,3.37,6.84,1.69,2.94,5.54,0.52,1.1,Debt : Gilt,Nil
Franklin India Liquid Fund-Super Inst(G),Pallab Roy,DT-LIQ,4,2293,0.2,Open Ended,02-Sep-05,Nifty Liquid Fund Index,3798.23,3798.23,3537.7,0.6,1.76,3.58,7.38,7.17,6.4,5.34,6.39,0,69,89221,69.98,20.99,15.72,Technology,0.11,0.1,7.09,0.76,11.15,5.61,0.84,0.07,Debt : Liquid,0.007% for Day 1 0.0065% on Day 2 0.0060% on Day 3 0.0055% on Day 4 0.0050% on Day 5 0.0045% on Day 6 NIL after 7D
Franklin India Long Duration Fund-Reg(G),Chandni Gupta,DT-LD,1,17.8,1.99,Open Ended,11-Dec-24,CRISIL Long Duration Debt Index,10,10.01,9.98,0.51,-3.86,3.32,11.9,13.89,5.89,17.21,14.48,0,17,395939,98.38,7.54,13.96,Financials,6.27,3.9,7.23,1.71,1,1.03,1.07,13.92,Debt : Long Duration,NIL
Franklin India Medium to Long Duration Fund-Reg(G),Chandni Gupta,DT-M&LD,5,62.7,0.83,Open Ended,24-Sep-24,CRISIL Medium to Long Term Debt Index,10.15,10.15,9.99,0.46,1.12,3.45,9.03,11.47,10.46,4.75,5.89,0,50,201451,21.22,24.88,23.98,Financials,8.14,4.24,7.33,0.96,4.92,4.78,0.88,13.88,Debt : Medium to Long Duration,Nil
Franklin India Money Market Fund(G),Rohan Maru,DT-MM,4,2271.5,0.29,Open Ended,11-Feb-02,Nifty Money Market Index,48.24,48.24,44.84,0.64,1.78,3.68,7.62,7.45,6.44,5.77,6.83,0,63,437008,70.39,1.24,17.27,Financials,0.42,0.39,7.44,3.48,10.99,22.8,0.03,0.33,Debt : Money Market,Nil
Franklin India Multi Cap Fund-Reg(G),R. Janakiraman,EQ-MLC,2,4597.2,1.81,Open Ended,29-Jul-24,Nifty500 Multicap 50:25:25 - TRI,10.31,10.66,9.67,0.76,-3.13,3.11,17.89,6.78,5.85,17.67,6.41,9.63,66,83430,42.97,22.04,30.33,Financials,9.8,2.14,7.52,5.62,0.6,2.09,0.93,16.88,Equity : Multi Cap,1% before 1Y
Franklin India Multi-Asset Solution FoF(G),Rajasa Kakulavarapu,FOF-DOM,2,60.1,1.44,Open Ended,28-Nov-14,NIFTY 500 - TRI,18.95,19.43,16.75,-0.13,-1.86,2.47,11.89,13.39,10.11,7.59,6.56,40.13,500,14177,53.05,14.49,18.04,Capital Goods,0.94,0.34,7.26,5.64,1.35,2.21,0.71,5.76,FoFs : Domestic,1% on or before 3Y Nil after 3Y
Franklin India NSE Nifty 50 Index Fund(G),Shyam Sundar Sriram,EQ-INDX,2,698.4,0.63,Open Ended,04-Aug-00,NIFTY 50,193.93,209.98,169.29,-1.65,-7.92,-1.42,9.88,15.74,12.18,14.82,11.3,8.61,50,555830,98.38,1.24,19.07,Financials,3.67,0.78,6.93,1.49,0.47,0.71,0.99,13.92,Equity : Index Funds,NIL
Franklin India Opportunities Fund(G),R. Janakiraman,EQ-THEM,3,5904.9,1.8,Open Ended,21-Feb-00,NIFTY 500 - TRI,255.38,261.13,182.81,0.61,-2.4,2.7,37.41,46.28,28.05,27.96,16.7,63.97,63,71933,41.53,11.82,40.44,Healthcare,0.98,5.54,8.46,25.55,1.95,2.88,0.85,15.28,Equity : Thematic,1% on or before 1Y
Franklin India Overnight Fund(G),Pallab Roy,DT-ON,2,308.1,0.15,Open Ended,08-May-19,Nifty 1D Rate Index,1307.34,1307.34,1226.46,0.55,1.61,3.23,6.62,6.58,5.93,4.8,6.02,0,23,286477,58.11,12.79,26.63,Financials,0.01,0.01,6.63,0.28,32.37,1.98,1.15,0.01,Debt : Overnight,Nil
Franklin India Pension Plan(G),Anuj Tagra,HY-SOL,2,518.5,2.26,Open Ended,31-Mar-97,CRISIL Short Term Debt Hybrid 60+40 Index,213.91,214.55,188.15,0.52,-0.32,3.48,12.75,13.66,10.2,9.69,8.51,0,49,212748,26.59,5.05,6.84,Financials,2.38,2.07,7.58,5.62,1.46,2.14,0.93,5.73,Hybrid : Solution Oriented,3% on or beofre the 58Y of age Nil after age of 58Y
Franklin India Prima Fund(G),R. Janakiraman,EQ-MID,2,12441.5,1.76,Open Ended,01-Dec-93,Nifty Midcap 150 - TRI,2802.08,2856.59,2072.9,1.31,-2.57,4.95,31.91,34.81,23.1,23.52,15.87,23.91,78,58660,14.89,62.88,20.05,Financials,0.46,9.93,7.42,21.14,1.62,2.48,0.89,15.84,Equity : Mid Cap,1% on or before 1Y
Franklin India Smaller Cos Fund(G),R. Janakiraman,EQ-SML,1,14045.3,1.73,Open Ended,13-Jan-06,Nifty Smallcap 250 - TRI,181.9,188.14,139.74,0.52,-3.15,-0.91,23.55,37.41,25.2,29.06,17.25,27.73,93,19008,4.68,12.86,76.42,Financials,4.63,5.49,8.07,15.04,1.19,1.73,0.8,16.09,Equity : Small Cap,1% on or before 1Y
Franklin India ST Income Plan(G),Santosh Kamath,DT-SD,1,12.5,2.16,Open Ended,31-Jan-02,CRISIL Short Term Bond Index,5149.41,5149.41,5149.41,0,0,0,0,3.37,5.09,4.75,6.27,0,55,194171,56.11,35.25,32.4,Financials,1.17,1.05,10.88,-4.11,-133.56,-78.85,0.14,21.57,Debt : Short Duration,Nil
Franklin India Technology Fund(G),R. Janakiraman,EQ-TECH,3,1950.1,2.03,Open Ended,22-Aug-98,BSE TECk Index - TRI,547.91,570.03,417.35,1.03,0.02,9.22,28.81,39.37,14.78,26.74,17.42,67.58,29,275044,63.35,7.36,16.34,Technology,18.83,3.37,7.29,19.4,1.55,2.81,0.68,14.68,Equity : Sectoral - Technology,1% on or before 1Y
Franklin India Ultra Short Duration Fund-Reg(G),Rohan Maru,DT-USD,2,216.3,0.73,Open Ended,29-Aug-24,NIFTY Ultra Short Duration Debt Index,10.24,10.24,10,0.57,1.68,-2.6,33.61,18.52,26.17,45.15,6.96,0,501,178883,52.18,61.02,2.08,Financials,0.65,0.38,7.37,3.48,0.56,11.8,1.11,0.67,Debt : Ultra Short Duration,Nil
Groww Aggressive Hybrid Fund-Reg(G),Anupam Tiwari,HY-EQ,2,46,2.3,Open Ended,13-Dec-18,CRISIL Hybrid 35+65 - Aggressive Index,20.43,21.7,17.86,-1.74,-5.66,-2.16,12.41,15.65,11.75,12.87,7.47,158,30,371037,64.21,3.21,2.55,Financials,10.47,3.66,7.4,2.6,0.72,1.07,1.97,11.61,Hybrid : Equity Oriented,1% on or before 7D Nil after 7D
Groww Banking & Financial Services Fund-Reg(G),Anupam Tiwari,EQ-FIN,3,47.7,2.3,Open Ended,06-Feb-24,Nifty Financial Services - TRI,11.15,11.53,9.81,-0.3,-2.25,0.63,23.48,31.57,5.22,9.19,14.04,65,28,230740,68.07,9.51,18.87,Financials,6.9,0.01,7.27,17.74,0.77,1.75,1.4,2.9,Equity : Sectoral - Financial Services,1% on or before 30D Nil after 30D
Groww Dynamic Bond Fund-Reg(G),Kaustubh Sule,DT-DYN,4,52.4,1.45,Open Ended,04-Dec-18,CRISIL Dynamic Bond Index,1414.96,1417.2,1322.4,0.32,0.56,3.57,6.81,6.08,4.97,5.12,14.3,0,89,424695,74.65,11.89,35.66,Financials,17.07,6.77,6.99,0.55,1.89,3.33,0.71,1.41,Debt : Dynamic Bond,Nil
Groww ELSS Tax Saver Fund-Reg(G),Anupam Tiwari,EQ-ELSS,3,50,2.25,Open Ended,28-Dec-17,BSE 500 - TRI,20.52,21.68,16.97,-0.93,-4.87,0.74,18.49,22.4,15.51,15.01,6.03,134,46,86978,45.43,24.81,23.99,Financials,0.01,11.6,7.29,9.42,0.92,1.37,0.97,15.49,Equity : Tax Saving (ELSS),Nil
Groww Gold ETF,Wilfred Gonsalves,GOLD-ETF,3,55.6,0.51,Open Ended,22-Oct-24,Gold-India,76.69,79.3,73.44,-0.16,-5.01,3.83,7.66,-4.1,10.3,7.54,8.02,0,72,310645,79.17,88.24,36.66,Energy,0.01,2.42,7.31,19.03,1.03,-0.33,1.3,13.69,Gold : ETFs,1% on or before 60D Nil after 60D
Groww Gold ETF FOF-Reg(G),Wilfred Gonsalves,GOLD-MF,4,14.8,0.55,Open Ended,06-Nov-24,Gold-India,9.75,10,9.43,-0.31,1.67,3.51,24.27,7.5,18.12,23.97,6.24,0,55,120668,83.85,5.93,19.01,Financials,2.95,2.47,6.71,0.25,7.11,0.76,1.38,0.66,Gold : MFs,1% on or before 30D Nil after 30D
Groww Largecap Fund-Reg(G),Anupam Tiwari,EQ-LC,3,127.2,2.42,Open Ended,10-Feb-12,NIFTY 100 - TRI,42.02,45.73,36.24,-2.08,-8.09,-4.08,13.13,18.22,13.55,13.04,11.23,161,31,322282,86.18,3.62,3.16,Financials,5.25,2.4,6.91,4.26,0.63,0.94,1.02,15.05,Equity : Large Cap,1% on or before 7D Nil after 7D
Groww Liquid Fund-Reg(G),Kaustubh Sule,DT-LIQ,4,154.1,0.2,Open Ended,25-Oct-11,CRISIL Liquid Debt Index,2440.38,2440.38,2273.59,0.59,1.75,3.55,7.36,7.05,6.24,5.13,6.24,0,4,175857,69.09,31.59,10.08,Technology,0.06,0.07,7.1,1.74,10.68,13.31,0.05,0.16,Debt : Liquid,0.007% for Day 1 0.0065% on Day 2 0.0060% on Day 3 0.0055% on Day 4 0.0050% on Day 5 0.0045% on Day 6 NIL on or after 7D
Groww Multicap Fund-Reg(G),Anupam Tiwari,EQ-MLC,4,295.1,2.04,Open Ended,16-Dec-24,Nifty500 Multicap 50:25:25 - TRI,10.07,10.07,9.92,0.36,2.58,3.15,9.99,31.41,11.54,6.12,17.43,0,30,181324,51.85,15.81,1.34,Financials,10.44,0.91,7.33,16.23,0.5,2.1,1.4,12,Equity : Multi Cap,1% on or before 1Y Nil after 1Y
Groww Nifty 1D Rate Liquid ETF,Kaustubh Sule,DT-ETF,2,41.2,0.29,Open Ended,24-Sep-24,Nifty 1D Rate Index,101.82,101.82,100,0.56,1.6,3.88,8.38,20.7,15.42,9.24,14.18,0,55,538945,78.21,45.26,82.15,Financials,0.01,0.01,6.68,2.42,1.28,-0.93,2.24,14.33,Debt : ETFs,1% on or before 15D Nil after 15D
Groww Nifty EV & New Age Automotive ETF,Abhishek Jain,EQ-ETF,2,223.8,0.47,Open Ended,07-Aug-24,Nifty EV and New Age Automotive - TRI,30.51,35.3,29.41,-2,-14.43,-3.37,8.04,19.63,6.09,11.2,8.79,9,33,102156,51.52,34.29,14.09,Automobile and Ancillaries,3.09,2.81,7.54,2.92,1.57,0.83,1,14.48,Equity : ETFs,0.05% on or before 15D Nil after 15D
Groww Nifty EV & New Age Automotive ETF FOF-Reg(G),Abhishek Jain,FOF-DOM,5,109.8,0.62,Open Ended,12-Aug-24,Nifty EV and New Age Automotive - TRI,9.38,10.92,9.06,-1.96,-14.55,-3.12,7.79,6.85,6.36,28.56,15.59,132,50,76029,12.41,8.73,37.27,FMCG,0.01,3.07,7.58,11.82,1.89,1.17,1.33,17.03,FoFs : Domestic,1% on or before 30D Nil after 30D
Groww Nifty India Defence ETF,Abhishek Jain,EQ-ETF,3,76.2,0.43,Open Ended,08-Oct-24,Nifty India Defence - TRI,65.74,70.19,59.77,-2.52,0.29,-2.67,18.37,2.55,6.29,13.92,16.68,58,16,77368,41.53,35.53,22.81,Capital Goods,1.62,2.71,7.36,0.91,0.41,1.34,0.8,14.14,Equity : ETFs,Nil
Groww Nifty India Defence ETF FOF-Reg(G),Abhishek Jain,FOF-DOM,5,27,0.63,Open Ended,11-Oct-24,Nifty India Defence - TRI,9.72,10.39,8.87,-2.14,-0.05,3.91,15.52,31.18,16.82,19.83,12.22,88,115,64699,46.35,7.95,3.69,Healthcare,4.46,0.11,7.12,11.14,1.23,1.78,0.96,14.35,FoFs : Domestic,1% on or before 30D Nil after 30D
Groww Nifty Non-Cyclical Consumer Index Fund-Reg(G),Abhishek Jain,EQ-INDX,4,45.6,1,Open Ended,22-May-24,Nifty Non-Cyclical Consumer - TRI,11.07,12.38,9.73,-0.32,-10.19,3.58,6.84,31.11,5.22,14.86,6.06,6,30,233584,82.73,15.65,1.66,FMCG,0.94,2,8.52,14.84,1.03,3.56,0.68,17.2,Equity : Index Funds,1% on or before 30D Nil after 30D
Groww Nifty Smallcap 250 Index Fund-Reg(G),Abhishek Jain,EQ-INDX,2,95,1.05,Open Ended,29-Feb-24,Nifty Smallcap 250 - TRI,11.94,12.38,9,0.97,-3.55,2.78,25.07,22.19,9.04,29.37,13.96,32,250,19551,67.12,8.01,92.08,Financials,0.14,1.83,7.29,3.96,6.47,2.47,0.14,22.56,Equity : Index Funds,0.25% on or before 7D Nil after 7D
Groww Nifty Total Market Index Fund-Reg(G),Abhishek Jain,EQ-INDX,4,254.9,1.05,Open Ended,23-Oct-23,Nifty Total Market - TRI,13.5,14.48,11.36,-0.93,-7.31,-0.96,15.59,7.32,10.07,15.59,7.21,12,752,195010,67.97,17.92,14.07,Financials,5.63,9.6,7.21,6.96,0.8,1.15,1,15.04,Equity : Index Funds,0.25% on or before 7D Nil after 7D
Groww Overnight Fund-Reg(G),Kaustubh Sule,DT-ON,3,26.4,0.24,Open Ended,08-Jul-19,CRISIL Liquid Overnight Index,1290.53,1290.53,1211.15,0.54,1.59,3.21,6.57,6.44,5.79,4.71,6.01,0,68,261454,53.94,10.22,38.99,Financials,0.01,0.01,6.68,1.13,8.26,10.95,0.95,0.14,Debt : Overnight,Nil
Groww Short Duration Fund-Reg(G),Kaustubh Sule,DT-SD,1,58.8,1.6,Open Ended,13-Sep-13,CRISIL Short Duration Debt Index,1993.08,1993.17,1867.2,0.5,1.28,3.54,6.75,6.11,4.74,4.59,5.96,0,23,58754,65.38,5.33,17.05,Financials,3.38,2.74,7.18,1.86,4.31,8.98,0.28,0.62,Debt : Short Duration,Nil
Groww Value Fund-Reg(G),Anupam Tiwari,EQ-VAL,5,46.7,2.3,Open Ended,07-Sep-15,NIFTY 500 - TRI,25.87,27.68,22.56,-2.38,-6.7,-1.72,11.97,21.78,14.85,16.87,14.92,103,36,176329,64.9,12.79,15.81,Financials,5.45,0.79,7.47,3.58,0.57,0.83,0.96,14.84,Equity : Value / Contra,1% on or before 1Y Nil after 1Y
HDFC Arbitrage-WP(G),Arun Agarwal,HY-ARB,2,16790.6,0.93,Open Ended,23-Oct-07,Nifty 50 Arbitrage,29.66,29.66,27.57,0.69,1.86,3.54,7.65,7.45,6.35,5.25,5.75,304.88,156,234004,58.77,15.07,3.4,Financials,0.49,0.44,7.43,3.65,3.44,8.28,-0.07,1,Hybrid : Arbitrage,0.25% on or before 1M Nil after 1M
HDFC Asset Allocator FoF-Reg(G),Srinivasan Ramamurthy,FOF-DOM,4,3397.8,1.15,Open Ended,05-May-21,NIFTY 50 Hybrid Composite Debt 65:35 Index,17.12,17.46,14.87,-0.25,-2.05,2.81,14.12,17.71,14.91,5.38,11.53,65,92,108006,47.72,23.13,9.85,Financials,0.6,2.17,7.03,5.92,1.41,2.06,1.27,6.83,FoFs : Domestic,Nil upto 15% of units and 1% for remaining units on or before 1Y Nil after 1Y
HDFC Balanced Advantage Fund(G),Gopal Agrawal,HY-DYN,4,95569.9,1.35,Open Ended,11-Sep-00,NIFTY 50 Hybrid Composite Debt 50:50 Index,504.01,517.12,428.38,-0.46,-2.78,1.08,16.64,24.03,22.45,19.8,14.21,21.71,161,277334,53.13,6.64,6.82,Financials,7.82,4.21,7.27,6.8,1.15,1.58,1.96,10.89,Hybrid : Dynamic Asset Allocation,Nil upto 15% of Units For excess Units 1% on or before 1Y and Nil after 1Y
HDFC Banking & Financial Services Fund-Reg(G),Anand Laddha,EQ-FIN,5,3687.2,1.9,Open Ended,01-Jul-21,Nifty Financial Services - TRI,15.76,16.73,13.5,-0.52,-4.47,-1.62,10.35,16.21,16.04,5.66,10.55,20.07,33,220154,65.72,15.23,17.76,Financials,4.74,3.74,7.47,2.24,0.46,0.65,1.04,16.5,Equity : Sectoral - Financial Services,1% on or before 30D Nil after 30D
HDFC Banking and PSU Debt Fund-Reg(G),Anil Bamboli,DT-B&PSU,4,5881.5,0.79,Open Ended,26-Mar-14,NIFTY Banking and PSU Debt Index,22.02,22.02,20.42,0.54,1.46,3.95,7.82,7.32,5.96,6.38,7.48,0,55,538945,14.97,16.52,1.94,Financials,5.27,3.69,7.42,2.7,5.15,9.78,0.35,0.73,Debt : Banking & PSU,Nil
HDFC BSE 500 ETF,Abhishek Mor,EQ-ETF,3,15.1,0.3,Open Ended,15-Feb-23,BSE 500 - TRI,36.37,39.14,30.57,-1.07,-7.59,-1.23,15.64,8.05,14.5,10.83,11.4,62.81,501,224480,71.41,18.07,10.47,Financials,2.98,2.84,7.27,7.31,0.8,1.16,1,14.9,Equity : ETFs,Nil
HDFC BSE 500 Index Fund-Reg(G),Nirman Morakhia,EQ-INDX,3,195.6,0.81,Open Ended,21-Apr-23,BSE 500 - TRI,15.16,16.33,12.86,-1.11,-7.66,-1.56,14.56,7.04,13.9,19.26,18.35,27.76,501,224537,71.41,18.05,10.47,Financials,4.71,10.25,6.82,6.02,0.74,1.08,1,14.85,Equity : Index Funds,Nil
HDFC BSE Sensex ETF,Abhishek Mor,EQ-ETF,2,465.4,0.05,Open Ended,09-Dec-15,BSE SENSEX - TRI,88.99,807.26,78.33,-1.63,-6.69,-0.81,9.84,15.69,12.46,15.21,9.68,21.9,30,684545,99.27,0.72,3.41,Financials,1.95,0.27,6.93,1.79,0.46,0.72,0.99,13.84,Equity : ETFs,1% on or before 15D Nil after 15D
HDFC BSE Sensex Index Fund(G)(Post Addendum),Nirman Morakhia,EQ-INDX,2,7812.8,0.36,Open Ended,17-Jul-02,BSE SENSEX - TRI,735.66,789.41,642.5,-1.67,-6.77,-0.98,9.49,15.27,12.03,14.71,11.95,7.46,30,684545,99.28,0.72,37.09,Financials,6.9,0.44,9.01,1.08,0.44,0.68,1,13.9,Equity : Index Funds,0.25% on or before 3D Nil after 3D
HDFC Business Cycle Fund-Reg(G),Rahul Baijal,EQ-THEM,3,3011.5,1.95,Open Ended,30-Nov-22,NIFTY 500 - TRI,14.63,15.6,12.55,0.04,-5.59,1.09,14.08,21.41,22.8,7.09,12.89,32.36,62,158414,61.12,12.76,19.51,Financials,27.67,0.29,7.2,5.82,0.76,1.11,0.9,13.56,Equity : Thematic,1% on or before 1Y Nil after 1Y
HDFC Capital Builder Value Fund(G),Anand Laddha,EQ-VAL,2,7384.1,1.84,Open Ended,01-Feb-94,NIFTY 500 - TRI,723.08,772.62,585.68,-1.01,-6.53,0.86,21.09,25.75,18.12,20.01,13.76,19.27,89,159002,65.67,13.75,19.53,Financials,0.21,0.14,7.77,11.79,1.15,1.67,0.94,14.42,Equity : Value / Contra,1% on or before 1Y Nil after 1Y
HDFC Charity Fund for Cancer Cure-Reg(50% IDCW Donation Option),Anil Bamboli,DT-FMP,4,189.8,0.2,Closed Ended,14-Aug-23,NIFTY Medium Duration Debt Index,10.15,10.46,10.04,0.58,1.58,3.97,8.32,8.96,5.85,25.28,7.82,0,35,324462,36.72,8,16.18,FMCG,1.79,1.63,7.04,3.63,6.03,13.57,0.19,0.7,Debt : FTP/FMP,Nil
HDFC Childrens Fund,Chirag Setalvad,HY-SOL,4,9937.5,1.73,Open Ended,02-Mar-01,NIFTY 50 Hybrid Composite Debt 65:35 Index,294.42,299.86,249.47,-0.08,-2.07,2.47,16.3,21.8,16.66,18.52,13.55,13.27,46,126151,37.5,1.16,27.18,Financials,9.6,4.7,7.09,6.02,1.15,1.66,1.97,10.26,Hybrid : Solution Oriented,Nil
HDFC Corp Bond Fund(G),Anupam Joshi,DT-CORP,4,32841.1,0.61,Open Ended,29-Jun-10,NIFTY Corporate Bond Index,31.14,31.14,28.7,0.51,1.51,4.22,8.5,7.85,6.3,6.87,7.68,0,15,222957,6.44,0.72,29.61,Financials,6.12,3.95,7.44,3.43,6.26,11.42,0.33,0.7,Debt : Corporate Bond,Nil
HDFC Credit Risk Debt Fund-(G),Shobhit Mehrotra,DT-CR,5,7404.3,1.58,Open Ended,25-Mar-14,NIFTY Credit Risk Bond Index,23.05,23.05,21.32,0.48,1.44,4.11,8.16,7.42,6.18,7.24,7.66,0,50,222347,46.29,14.11,4.22,Financials,3.09,2.11,8.46,3.45,5.34,10.04,0.23,0.77,Debt : Credit Risk,Nil for 15% of Units For excess of limits 1% on or before 12M and 0.50% after 12M but on or before 18M Nil after 18M
HDFC Defence Fund-Reg(G),Abhishek Poddar,EQ-THEM,5,4609.6,1.86,Open Ended,02-Jun-23,Nifty India Defence - TRI,21.65,24.86,15,-3.11,-0.56,-8.99,40.74,10.06,8.59,5.34,6.76,22.13,21,51791,49.18,7.9,42.02,Capital Goods,0.01,2.74,7.26,29.11,1.23,1.78,1.27,28.96,Equity : Thematic,1% on or before 1Y Nil after 1Y
HDFC Developed World Indexes FoF-Reg(G),Nirman Morakhia,FOF-OVR,2,1286.7,0.63,Open Ended,06-Oct-21,MSCI World,14.5,14.71,11.62,0.31,3.34,9.3,22.04,22.58,10.64,5.3,6.93,41,68,146564,6.52,20.99,3.08,Financials,5.02,6.7,7.28,15.12,1.65,2.7,0.56,10.14,FoFs : Overseas,1% on or before 30D Nil after 30D
HDFC Dividend Yield Fund-Reg(G),Gopal Agrawal,EQ-DIV,4,6140.2,1.8,Open Ended,18-Dec-20,NIFTY 500 - TRI,24.96,26.9,20.98,-0.91,-7.89,-1.21,16.02,27.36,20.38,23.52,9.58,15.12,117,142612,64.44,10.11,23.76,Financials,3.99,3.6,7.64,7.86,0.83,1.18,1,15.53,Equity : Thematic - Dividend Yield,1% on or before 1Y Nil after 1Y
HDFC Dynamic Debt Fund(G),Anil Bamboli,DT-DYN,4,790.8,1.52,Open Ended,28-Apr-97,NIFTY Composite Debt Index,86.21,86.39,79.35,0.28,0.41,3.85,8.54,7.59,5.55,6.57,6.29,0,50,155749,14.27,19.43,84.63,Energy,15.84,7.59,7.1,1.54,2.43,3.96,0.95,1.79,Debt : Dynamic Bond,Nil
HDFC Dynamic PE Ratio FOF-Reg(G),Srinivasan Ramamurthy,FOF-DOM,3,49,1,Open Ended,06-Feb-12,NIFTY 50 Hybrid Composite Debt 65:35 Index,39.7,40.2,34.9,0.18,-1.58,3.05,12.96,17.9,14.4,15.62,11.17,0,56,86058,46.11,2.81,34.88,Energy,2.95,2.16,11.86,4.91,1.26,1.8,1.27,6.88,FoFs : Domestic,1% on or before 1Y Nil after 1Y
HDFC ELSS Tax saver(G),Roshi Jain,EQ-ELSS,2,15945,1.71,Open Ended,31-Mar-96,NIFTY 500 - TRI,1346.32,1434.89,1088.15,-1.05,-6.08,0.9,21.79,27.94,21.96,20.7,12.68,40.8,51,244307,74.91,6.66,10.66,Financials,20.19,3.83,7.66,12.5,1.34,2.04,0.84,12.51,Equity : Tax Saving (ELSS),Nil
HDFC Equity Savings Fund(G),Srinivasan Ramamurthy,HY-EQ,2,5516.2,1.89,Open Ended,17-Sep-04,NIFTY 50 Equity Savings Index - TRI,63.96,64.88,57.72,-0.1,-1.51,2.17,10.33,12.22,10.2,11.05,9.36,22.56,68,332765,58.03,3.56,4.31,Financials,4,2.82,7.19,3.48,1.27,1.84,0.91,4.84,Hybrid : Equity Oriented,NIL upto 15% of investment and 1% in excess of 15% of investment on or before 1M NIL after 1M
HDFC Flexi Cap Fund(G),Roshi Jain,EQ-FLEX,3,66304.2,1.42,Open Ended,01-Jan-95,NIFTY 500 - TRI,1891.42,1980.58,1503.01,-0.93,-4.43,3.01,23.83,27.65,24.65,22.59,14.77,37.16,53,262039,72.4,3.91,10.97,Financials,1.14,0.92,6.78,14.39,1.54,2.33,0.8,11.99,Equity : Flexi Cap,1% on or before 1Y Nil after 1Y
HDFC Floating Rate Debt Fund(G),Shobhit Mehrotra,DT-FL,3,15103.9,0.49,Open Ended,23-Oct-07,CRISIL Short Duration Debt Index,47.85,47.85,44.22,0.56,1.79,4.07,8.26,7.95,6.82,6.71,7.4,0,84,81254,11.51,23.31,0.5,Financials,4.33,1.36,7.71,3.91,9.32,20.11,0.09,0.45,Debt : Floater,Nil
HDFC FMP-Sr 46-1158D-July 2022-Reg(G),Anupam Joshi,DT-FMP,3,160.6,0.67,Closed Ended,26-Jul-22,CRISIL Medium Duration Debt Index,11.78,11.78,10.98,0.52,1.47,3.48,7.33,7.08,5.75,21.17,12.14,0,50,182563,69.88,15.4,91.99,Financials,0.65,0.62,6.86,2.97,7.49,17.19,0.1,0.44,Debt : FTP/FMP,Nil upto 10% of units within 12M In excess of limit - 1% on or before 12M and Nil after 12M
HDFC FMP-Sr 46-1162D-Mar 2022-Reg(G),Anupam Joshi,DT-FMP,1,32.2,0.63,Closed Ended,15-Mar-22,NIFTY Medium Duration Debt Index,11.71,11.71,10.9,0.56,1.58,3.52,7.41,7.19,6.54,4.93,10.01,0,12,248283,66.07,16.64,7.51,Financials,0.35,0.34,6.71,3.2,9.33,20.8,0.05,0.36,Debt : FTP/FMP,1% on or before 15D Nil after 15D
HDFC FMP-Sr 46-1359D-Sep 2022-Reg(G),Anupam Joshi,DT-FMP,5,314.9,1.91,Closed Ended,11-Oct-22,NIFTY Medium Duration Debt Index,11.76,11.76,10.93,0.61,1.57,3.79,7.58,7.35,8,12.29,12.32,0,30,196142,58.3,5.58,26.06,Financials,1.41,1.36,6.86,2.82,5.44,11.86,0.22,0.64,Debt : FTP/FMP,Nil
HDFC FMP-Sr 46-1406D-Aug 2022-Reg(G),Anupam Joshi,DT-FMP,2,245.1,1.9,Closed Ended,25-Aug-22,NIFTY Long Duration Debt Index,11.72,11.72,10.87,0.55,1.54,3.8,7.82,7.4,-3.78,14.82,6.36,0,62,94064,98.74,10.75,32.44,Financials,1.4,1.3,6.99,3.23,5.9,14.53,0.16,0.63,Debt : FTP/FMP,Nil
HDFC FMP-Sr 46-1861D-Mar 2022-Reg(G),Anupam Joshi,DT-FMP,5,451,2.15,Closed Ended,09-Mar-22,NIFTY Medium to Long Duration Debt Index,11.84,11.84,10.95,0.57,1.54,3.99,8.28,7.71,5.48,19.42,14.64,0,59,255989,21.14,0.72,4.6,Financials,2.22,2.03,7.01,3.2,5.55,12.65,0.29,0.73,Debt : FTP/FMP,Nil
HDFC FMP-Sr 46-1876D-Mar 2022-Reg(G),Anupam Joshi,DT-FMP,5,31.6,1.42,Closed Ended,29-Mar-22,NIFTY Medium to Long Duration Debt Index,11.81,11.81,10.92,0.53,1.51,3.99,8.14,7.79,15.1,6.4,4.46,0,63,7819,48.1,25.64,32.17,Infrastructure,2.26,2.06,7,3.07,5.73,13.62,0.3,0.69,Debt : FTP/FMP,Nil
HDFC FMP-Sr 47-1204D-Dec 2022-Reg(G),Anupam Joshi,DT-FMP,4,51.2,2.36,Closed Ended,27-Dec-22,NIFTY Medium Duration Debt Index,11.49,11.49,10.72,0.57,1.49,3.61,7.24,7.13,21.9,7.43,9.44,0,21,260069,15.48,9.17,15.7,Financials,1.32,1.24,6.82,2.6,5.53,12.81,0.2,0.58,Debt : FTP/FMP,Nil
HDFC FMP-Sr 47-1269D-March 2023-Reg(G),Anupam Joshi,DT-FMP,1,76,0.8,Closed Ended,21-Mar-23,NIFTY Medium Duration Debt Index,11.34,11.34,10.53,0.58,1.56,3.87,7.74,10.01,15.51,5.27,13.25,0,78,151513,46.65,16.14,7.33,Automobile and Ancillaries,1.75,1.69,6.87,2.8,4.76,10.35,0.28,0.77,Debt : FTP/FMP,Nil
HDFC FMP-Sr 47-2638D-Feb 2023-Reg(G),Anupam Joshi,DT-FMP,2,151,0.29,Closed Ended,23-Feb-23,NIFTY Long Duration Debt Index,11.75,11.77,10.75,0.51,1.24,4.71,9.15,36.34,8,18.6,9.93,0,50,136120,56.43,13.75,17.33,Financials,5.19,4.94,6.95,2.55,2.99,5.65,0.83,1.67,Debt : FTP/FMP,Nil
HDFC Focused 30 Fund(G),Roshi Jain,EQ-MLC,2,15520.7,1.67,Open Ended,17-Sep-04,NIFTY 500 - TRI,218.46,228.88,173.45,-1.31,-4.2,2.86,24.35,27.4,24.41,22.6,13.84,32.26,30,206010,63.45,4.15,15.68,Financials,0.01,7.96,7,15.02,1.66,2.52,0.74,11.33,Equity : Multi Cap,1% on or before 1Y Nil after 1Y
HDFC Gilt Fund(G),Anil Bamboli,DT-GILT,2,2857.2,0.89,Open Ended,25-Jul-01,Nifty All Duration G-Sec Index,53.11,53.21,48.82,0.36,0.53,4.13,8.67,7.85,5.77,5.95,6.78,0,31,538946,88.11,3.01,0.38,Technology,15.22,7.89,7.01,1.39,2.28,3.87,1.04,1.96,Debt : Gilt,Nil
HDFC Gold ETF,Bhagyesh Kagalkar,GOLD-ETF,1,6429.4,0.59,Open Ended,13-Aug-10,Gold-India,66.66,68.71,53.64,-0.72,0.7,5.42,19.31,16.88,15.85,13.48,9.83,0,30,170579,58.67,29.36,90.72,Financials,0.01,1.73,7.13,15.4,1.07,1.57,-0.07,14.24,Gold : ETFs,Nil
HDFC Gold ETF FoF(G),Nirman Morakhia,GOLD-MF,4,2714.5,0.49,Open Ended,01-Nov-11,Gold-India,23.33,24.18,18.88,0.04,1.18,5.81,19.31,16.52,15.48,13.14,9.68,11,70,259522,83.84,12.33,18.38,Financials,5.82,0.01,7.66,14.14,1.15,1.91,0.25,12.91,Gold : MFs,1% on or before 15D Nil after 15D
HDFC Housing Opp Fund-Reg(G),Srinivasan Ramamurthy,EQ-INFRA,1,1408.4,2.19,Open Ended,06-Dec-17,Nifty Housing - TRI,22.51,24.67,19.31,-0.96,-8.96,-7.47,13.55,25.79,21.73,18.82,14.18,6.3,36,113455,60.3,7.77,31.7,Financials,7.54,0.15,6.82,5.29,0.57,0.8,1.13,19.17,Equity : Sectoral - Infrastructure,1% on or before 30D Nil after 30D
HDFC Hybrid Debt Fund(G),Srinivasan Ramamurthy,HY-DT(CO),4,3322.3,1.76,Open Ended,26-Dec-03,NIFTY 50 Hybrid Composite Debt 15:85 Index,79.43,80.02,71.69,-0.02,-0.81,2.75,10.47,12.25,10.17,10.71,8.79,0,39,334329,17.97,1.98,1.92,Financials,9.1,5.08,7.4,3.43,1.57,2.25,0.99,4.07,Hybrid : Debt Oriented (Conservative),Nil for 15% of investment and 1% for remaining Investment on or before 1Y Nil after 1Y
HDFC Hybrid Equity Fund(G),Chirag Setalvad,HY-EQ,4,24184.8,1.68,Open Ended,06-Apr-05,NIFTY 50 Hybrid Composite Debt 65:35 Index,115.35,118.72,100.45,-0.52,-2.76,1.07,13.16,15.66,13.53,15.58,10.11,34.81,40,253687,48.35,3.23,16.06,Financials,10.44,5.53,7.48,3.91,0.9,1.31,1.75,9.99,Hybrid : Equity Oriented,Nil upto 15% of Units For excess Units 1% on or before 1Y and Nil after 1Y
HDFC Income Fund(G),Shobhit Mehrotra,DT-M&LD,2,860.8,1.39,Open Ended,11-Sep-00,CRISIL Medium to Long Term Debt Index,55.74,55.81,51.07,0.36,0.63,3.91,9.02,7.45,5.22,5.33,6,0,30,99450,42.55,22.04,13.79,Financials,11.35,6.7,7.09,1.66,2.5,4.32,1.04,1.9,Debt : Medium to Long Duration,Nil
HDFC Infrastructure Fund(G),Srinivasan Ramamurthy,EQ-INFRA,1,2496.2,2.06,Open Ended,10-Mar-08,BSE India Infrastructure Index - TRI,46.98,50.26,37.93,-0.91,-6.65,-3.66,22.61,38.12,32.01,24.38,10.99,13.52,62,71453,44.82,7.43,41.26,Infrastructure,0.1,0.41,7.18,14.21,1.05,1.47,1.03,18.45,Equity : Sectoral - Infrastructure,1% on or before 30D Nil after 30D
HDFC Large and Mid Cap Fund-Reg(G),Gopal Agrawal,EQ-L&M,4,23989,1.66,Open Ended,18-Feb-94,NIFTY LargeMidcap 250 - TRI,335.4,355.77,274.64,-0.13,-6.41,0.15,19.55,28.95,21.85,23.26,14.06,5.35,205,119282,46.86,36.37,15.33,Financials,1.19,2.06,6.97,10.74,1.02,1.46,0.96,15.35,Equity : Large & Mid Cap,1% on or before 1Y Nil after 1Y
HDFC Liquid Fund(G),Anupam Joshi,DT-LIQ,2,72653.3,0.29,Open Ended,17-Oct-00,CRISIL Liquid Debt Index,4952.9,4952.9,4615.66,0.58,1.73,3.52,7.33,7.13,6.35,5.26,6.24,0,151,216796,6.44,0.72,10.98,Capital Goods,0.12,0.11,7.06,0.73,9.73,5.46,1.31,0.07,Debt : Liquid,0.007% for Day 1 0.0065% on Day 2 0.0060% on Day 3 0.0055% on Day 4 0.0050% on Day 5 0.0045% on Day 6 NIL after 7D
HDFC Long Duration Debt Fund-Reg(G),Shobhit Mehrotra,DT-LD,1,5483.1,0.65,Open Ended,20-Jan-23,NIFTY Long Duration Debt Index,11.84,11.89,10.59,0.34,-0.36,3.66,11.44,15.31,5.91,27.56,3.95,0,161,147707,50.73,6.27,31.37,Technology,29.73,11.9,7.13,1.51,2.06,3.65,1.8,3.35,Debt : Long Duration,Nil
HDFC Low Duration Fund(G),Anupam Joshi,DT-LOWD,4,18497,1.04,Open Ended,18-Nov-99,NIFTY Low Duration Debt Index,55.54,55.54,51.74,0.56,1.69,3.57,7.36,7.2,6.16,6.04,6.73,0,51,429500,38.99,3.91,6.77,Financials,1.95,0.9,7.8,3.18,9.99,19.53,0.05,0.33,Debt : Low Duration,Nil
HDFC Manufacturing Fund-Reg(G),Rakesh Sethia,EQ-THEM,3,12755.4,1.68,Open Ended,16-May-24,Nifty India Manufacturing - TRI,10.59,11.48,9.86,-0.83,-8.62,-3.46,7.41,21.44,21.15,21.64,18.35,103,95,104208,60.6,17.5,19.08,Automobile and Ancillaries,3,2.61,6.67,-1.69,0.5,2.01,1.23,16.49,Equity : Thematic,1% on or before 1M Nil after 1M
HDFC Medium Term Debt Fund(G),Shobhit Mehrotra,DT-MD,4,3987.6,1.33,Open Ended,06-Feb-02,NIFTY Medium Duration Debt Index,53.86,53.86,49.86,0.44,1.2,4,8.02,7.37,5.86,6.46,7.15,0,83,203832,36.72,35.25,4.22,Financials,5.82,3.82,7.72,2.55,4.39,7.92,0.46,0.89,Debt : Medium Duration,Nil
HDFC Mid-Cap Opportunities Fund(G),Chirag Setalvad,EQ-MID,3,76060.9,1.39,Open Ended,25-Jun-07,Nifty Midcap 150 - TRI,192.44,195.31,148.3,1.69,-2.42,4.8,28.25,36.34,28.13,28.8,18.04,19.61,75,47588,6.05,62.22,23.47,Financials,2.39,0.9,7.1,18.42,1.44,2.14,0.87,15.83,Equity : Mid Cap,1% on or before 1Y Nil after 1Y
HDFC MNC Fund-Reg(G),Rahul Baijal,EQ-MNC,2,632.8,2.42,Open Ended,09-Mar-23,NIFTY MNC - TRI,13.82,15.4,12.02,-1.8,-11.19,-6.79,8.11,12.25,13.56,22.31,7.23,35.93,32,70069,47.41,17.7,27.77,FMCG,3.16,0.01,6.75,1.89,0.42,0.64,0.7,13.02,Equity : Thematic - MNC,1% on or before 1Y Nil after 1Y
HDFC Money Market Fund-Reg(G),Praveen Jain,DT-MM,4,26787.6,0.41,Open Ended,03-Jan-00,CRISIL Money Market Index,5499.51,5499.51,5110.1,0.62,1.77,3.66,7.64,7.46,6.55,5.98,6.75,0,50,205260,35,18.37,3.72,Energy,0.32,0.3,7.33,3.5,11.21,22.94,0.03,0.32,Debt : Money Market,Nil
HDFC Multi Cap Fund-Reg(G),Gopal Agrawal,EQ-MLC,5,17249.8,1.67,Open Ended,10-Dec-21,Nifty500 Multicap 50:25:25 - TRI,19.12,20.13,15.4,0.97,-5.67,0.36,21.25,30.95,23.68,17.07,11.93,5.42,217,91267,42.54,27.75,26.63,Financials,3.37,2.84,7.48,12.27,1.11,1.6,0.95,15.39,Equity : Multi Cap,1% on or before 1Y Nil after 1Y
HDFC Multi-Asset Fund(G),Srinivasan Ramamurthy,HY-MULTI,2,3817.8,1.91,Open Ended,17-Aug-05,NIFTY 50 - TRI,67.5,69.37,58.74,-0.44,-2.85,2.11,13.72,16.03,12.14,14.8,10.55,19.87,71,294689,56.42,3.24,7.5,Financials,4.24,2.84,7.15,6.07,1.33,1.97,1.12,7,Hybrid : Multi Asset Allocation,Nil upto 15% of units For remaining units 1% or or before 12M Nil after 12M
HDFC NIFTY 100 Equal Weight Index Fund-Reg(G),Nirman Morakhia,EQ-INDX,5,327.8,0.83,Open Ended,23-Feb-22,Nifty100 Equal Weight - TRI,15.89,17.77,13.25,-2.07,-11.21,-4.11,16.55,23.6,13.85,13.22,11.54,35.96,100,199920,88.91,10.95,5.7,Financials,1.71,2.32,7.02,7.94,0.81,1.17,1.01,16.09,Equity : Index Funds,Nil
HDFC Nifty 100 ETF,Abhishek Mor,EQ-ETF,1,23.7,0.3,Open Ended,05-Aug-22,NIFTY 100 - TRI,25.51,27.76,21.77,-1.84,-8.45,-1.98,12.93,17.63,16.31,4.57,18.35,21.28,100,437037,96.9,3.09,19.93,Financials,3.07,11.9,7.58,4.61,0.64,0.95,1.02,14.52,Equity : ETFs,1% on or before 15D Nil after 15D
HDFC NIFTY 100 Index Fund-Reg(G),Nirman Morakhia,EQ-INDX,5,280.9,0.75,Open Ended,23-Feb-22,NIFTY 100 - TRI,14.51,15.82,12.45,-1.89,-8.57,-2.25,12.37,16.95,5.82,18.72,15.95,6.71,100,437008,96.85,3.09,22.78,Financials,2.24,1.57,7.01,3.75,0.61,0.9,1.02,14.54,Equity : Index Funds,Nil
HDFC Nifty 1D Rate Liquid ETF,Swapnil Jangam,DT-ETF,3,75.2,0.5,Open Ended,24-Aug-23,Nifty 1D Rate Index,1000,1000,1000,0.48,1.41,2.84,5.9,27.09,6.56,11.26,10.51,0,30,610616,98.52,39.72,24.97,Financials,0.01,0.01,6.65,0.6,4.64,5.73,0.31,0.13,Debt : ETFs,Nil upto 10% of units and 1% for remaining units on or before 12M Nil after 12M
HDFC Nifty 50 ETF,Abhishek Mor,EQ-ETF,5,4019.7,0.05,Open Ended,09-Dec-15,NIFTY 50 - TRI,267.26,289.25,232.24,-1.61,-7.82,-1.24,10.39,16.48,12.91,15.68,12.28,11.79,50,555827,98.74,1.25,18.6,Financials,28.47,1.25,7.04,2.32,0.5,0.76,0.99,13.91,Equity : ETFs,1% on or before 1M Nil after 1M
HDFC Nifty 50 Index Fund(G)(Post Addendum),Nirman Morakhia,EQ-INDX,4,18412.1,0.36,Open Ended,17-Jul-02,NIFTY 50 - TRI,227.79,246.76,198.6,-1.64,-7.91,-1.43,10,16.05,12.48,15.2,11.92,10.8,50,555827,98.76,1.25,15.66,Financials,6.02,4.28,7.01,1.59,0.47,0.72,1,13.97,Equity : Index Funds,0.25% on or before 3D Nil after 3D
HDFC NIFTY Bank ETF,Abhishek Mor,EQ-ETF,3,2728,0.16,Open Ended,21-Aug-20,NIFTY BANK - TRI,52.61,488.02,45.44,-1.93,-3.55,-2.7,6.59,10.01,13.97,4.87,7.47,40.52,12,538945,86.42,13.58,18.6,Financials,8.38,8.15,6.67,-1.29,0.21,0.32,1.08,17.43,Equity : ETFs,0.25% on or before 1M Nil after 1M
HDFC NIFTY G-Sec Apr 2029 Index Fund-Reg(G),Anupam Joshi,DT-M&LD,1,163.8,0.37,Open Ended,10-Mar-23,NIFTY G- Sec Apr 2029 Index,11.59,11.59,10.7,0.45,1.27,4.29,8.32,7.59,14.38,15.71,14.3,0,63,114357,47.81,16.57,9.87,Financials,4.36,3.66,6.83,2.37,3.32,6.12,0.61,1.26,Debt : Medium to Long Duration,Nil
HDFC Nifty G-Sec Dec 2026 Index Fund-Reg(G),Anupam Joshi,DT-GILT,3,1312.2,0.36,Open Ended,10-Nov-22,Nifty G-sec Dec 2026 Index,11.66,11.66,10.85,0.54,1.46,3.72,7.47,7.36,19.1,15.54,14.91,0,50,684524,98.28,13.54,28.81,Financials,1.9,1.75,6.81,2.6,5.01,11.79,0.25,0.67,Debt : Gilt,Nil
HDFC Nifty G-Sec Jul 2031 Index Fund-Reg(G),Anupam Joshi,DT-GILT,4,666,0.37,Open Ended,10-Nov-22,Nifty G-Sec July 2031 Index,11.9,11.9,10.89,0.59,1.08,4.56,9.08,8.54,6.21,15.13,6.25,0,50,429503,86.29,11.42,0.77,Financials,6.51,5.12,6.93,2.04,2.8,5.4,0.92,1.7,Debt : Gilt,Nil
HDFC Nifty G-Sec Jun 2027 Index Fund-Reg(G),Anupam Joshi,DT-GILT,1,742.5,0.36,Open Ended,09-Dec-22,Nifty G-Sec Jun 2027 Index,11.6,11.6,10.77,0.5,1.46,3.9,7.71,7.56,12.1,6.84,13.64,0,71,244307,53.77,1.25,28.86,Financials,2.52,2.21,6.79,2.62,4.72,10,0.34,0.77,Debt : Gilt,Nil
HDFC NIFTY G-Sec Jun 2036 Index Fund-Reg(G),Anupam Joshi,DT-LD,4,786.4,0.38,Open Ended,15-Mar-23,Nifty G-Sec Jun 2036 Index,11.81,11.85,10.67,0.48,0.91,4.62,10.55,12.17,18.27,20.01,12.72,0,15,237958,43.19,42.09,41.53,Financials,11.4,7.64,6.99,2.17,2.35,3.97,1.33,2.61,Debt : Long Duration,Nil
HDFC Nifty G-Sec Sep 2032 Index Fund-Reg(G),Anupam Joshi,DT-GILT,2,600.9,0.38,Open Ended,09-Dec-22,Nifty G-Sec Sep 2032 Index,11.82,11.83,10.8,0.43,0.94,4.69,9.33,8.62,14.37,8.8,18.74,0,65,69935,83.76,18.49,3.98,Financials,7.69,5.74,6.92,2.12,2.71,4.94,0.99,1.87,Debt : Gilt,Nil
HDFC NIFTY Growth Sectors 15 ETF,Abhishek Mor,EQ-ETF,2,13.5,0.3,Open Ended,23-Sep-22,Nifty Growth Sectors 15 - TRI,125.14,132.75,107.17,0.02,-7.11,6.74,11.64,20.28,13.53,13.24,6.76,61.11,15,515081,98.9,1.1,34.59,Technology,0.23,9.46,7.04,5.22,0.65,1.24,0.64,12.65,Equity : ETFs,1% on or before 90D Nil after 90D
HDFC Nifty India Digital Index Fund-Reg(G),Nirman Morakhia,EQ-INDX,2,27,1.79,Open Ended,11-Dec-24,Nifty India Digital  - TRI,9.87,10.1,9.66,-2.42,1.61,3.28,16.84,7.17,5.43,21.16,10.91,0,64,240132,45.7,8.79,9.83,Financials,4.3,11.9,6.29,8.19,10.25,3.56,1.08,14.87,Equity : Index Funds,Nil
HDFC NIFTY IT ETF,Abhishek Mor,EQ-ETF,1,79.8,0.2,Open Ended,16-Nov-22,NIFTY IT - TRI,45.77,379.88,33.16,0.48,2.7,18.34,23.53,26.14,8.22,21.78,5.84,39.13,10,429493,83.85,16.15,36.32,Technology,2.25,0.83,4.12,16.28,1.01,1.85,0.74,19.46,Equity : ETFs,Nil
HDFC Nifty LargeMidcap 250 Index Fund-Reg(G),Nirman Morakhia,EQ-INDX,4,471.1,0.8,Open Ended,09-Oct-24,NIFTY LargeMidcap 250 - TRI,9.69,10.06,9.23,-0.16,-5.28,3.48,35.51,11.47,31.06,14.82,5.81,31,251,158806,51.29,45.32,3.42,Financials,1.85,6.76,7.09,10.66,2.7,1.3,0.94,0.57,Equity : Index Funds,NIL
HDFC NIFTY Midcap 150 ETF,Abhishek Mor,EQ-ETF,5,70.1,0.2,Open Ended,15-Feb-23,Nifty Midcap 150 - TRI,21.6,22.62,17.01,1.62,-5.04,1.2,24.09,11.51,15.74,5.55,7.42,38.46,151,58757,6.44,86.74,6.77,Financials,0.27,0.44,7.71,15.47,1.14,1.64,0.96,17.53,Equity : ETFs,NIL
HDFC NIFTY Midcap 150 Index Fund-Reg(G),Nirman Morakhia,EQ-INDX,2,261.3,0.83,Open Ended,21-Apr-23,Nifty Midcap 150 - TRI,18.09,18.99,14.35,1.53,-5.22,0.8,23.02,20.38,5.93,7.71,12.35,23.56,151,58754,6.44,86.73,6.77,Financials,35.07,4.27,7.04,14.29,1.09,1.57,0.95,17.48,Equity : Index Funds,Nil
HDFC NIFTY Next 50 ETF,Abhishek Mor,EQ-ETF,5,67.8,0.15,Open Ended,05-Aug-22,NIFTY NEXT 50 - TRI,69.83,78.51,53.58,-3.41,-11.55,-5.18,28.42,28.37,12.58,15.71,11.93,46.24,50,143041,88.22,11.76,19.51,Financials,4.3,0.12,7.14,18.17,1.16,1.69,1.14,20.15,Equity : ETFs,Nil upto 10% of units and 1% for remaining units on or before 3M Nil after 3M
HDFC NIFTY Next 50 Index Fund-Reg(G),Nirman Morakhia,EQ-INDX,4,1782.3,0.66,Open Ended,03-Nov-21,NIFTY NEXT 50 - TRI,15.97,18.02,12.36,-3.69,-11.86,-5.69,27.23,27.39,17.44,5.73,6.23,59.85,50,143043,88.22,11.76,2.64,Financials,9.21,0.35,7.66,16.86,1.12,1.62,1.14,20.17,Equity : Index Funds,Nil
HDFC NIFTY Private Bank ETF,Abhishek Mor,EQ-ETF,3,317.9,0.15,Open Ended,16-Nov-22,Nifty Private Bank - TRI,25.54,250.34,22.67,-1.72,-5.98,-4.82,0.71,7.73,5.94,5.98,8.9,42.28,10,417379,83.31,13.6,3.08,Financials,1.99,3.79,8.02,-6.88,-0.12,-0.18,1.04,17.11,Equity : ETFs,Nil
HDFC Nifty PSU Bank ETF,Abhishek Mor,EQ-ETF,2,28.5,0.35,Open Ended,31-Jan-24,NIFTY PSU BANK - TRI,66.3,80.41,62.75,-3.94,-3.26,-10.58,20.49,26.74,23.46,20.61,16.24,0,12,188009,62.22,37.78,42.02,Financials,0.2,4.88,7.32,10.91,0.67,10.83,0.42,18.68,Equity : ETFs,NIL
HDFC NIFTY Realty Index Fund-Reg(G),Nirman Morakhia,EQ-INDX,1,116.9,0.89,Open Ended,26-Mar-24,NIFTY REALTY - TRI,11.77,12.91,10,1.92,-5.32,-5.7,9.24,31.08,15.63,6.02,6.26,0,10,81254,37.38,48.81,13.79,Construction,4.97,2.1,7.39,4.49,1.06,0.56,0.82,33.86,Equity : Index Funds,Nil
HDFC Nifty SDL Oct 2026 Index Fund-Reg(G),Anupam Joshi,DT-MD,1,191.7,0.36,Open Ended,24-Feb-23,Nifty SDL Oct 2026 Index,11.49,11.49,10.65,0.56,1.51,3.81,7.95,10.57,20.08,11.22,11.65,0,54,36542,51.1,13.15,3.92,Financials,1.66,1.51,7.04,3.28,5.81,13.27,0.18,0.66,Debt : Medium Duration,Nil
HDFC NIFTY SDL Plus G-Sec Jun 2027 40:60 Index Fund-Reg(G),Anupam Joshi,DT-MD,1,48.4,0.35,Open Ended,23-Mar-23,NIFTY SDL Plus G-Sec Jun 2027 40:60 Index,11.39,11.39,10.56,0.53,1.48,3.91,7.95,7.8,33.69,18.13,6.77,0,1,148691,65.02,39.81,15.86,Financials,2.41,2.12,6.9,2.92,5.56,12.12,0.3,0.68,Debt : Medium Duration,Nil
HDFC NIFTY Smallcap 250 ETF,Abhishek Mor,EQ-ETF,4,727.3,0.2,Open Ended,15-Feb-23,Nifty Smallcap 250 - TRI,180.79,187.06,135.17,1.08,-3.35,3.21,26.91,8.62,5.76,17.12,12.15,71.36,250,19552,83.83,8.01,91.95,Financials,4.88,2.38,7.38,18.24,1.14,1.61,0.97,20.05,Equity : ETFs,Nil upto 10% of units on or before 2Y For remaining units - 3% on or before 1Y 2% after 1Y but on or before 2Y Nil after 2Y
HDFC NIFTY Smallcap 250 Index Fund-Reg(G),Nirman Morakhia,EQ-INDX,3,370.8,0.81,Open Ended,21-Apr-23,Nifty Smallcap 250 - TRI,19.38,20.1,14.6,0.94,-3.55,2.77,25.76,32.44,12.36,16.87,6,38.17,250,19549,98.78,8,91.96,Financials,1.23,6.39,6.96,17.04,1.1,1.55,0.96,19.99,Equity : Index Funds,Nil
HDFC NIFTY100 Low Volatility 30 ETF,Abhishek Mor,EQ-ETF,4,14.3,0.3,Open Ended,11-Oct-22,Nifty100 Low Volatility 30 - TRI,19.86,21.94,17.08,-0.48,-10.04,0.66,12.2,22.57,19.73,24.79,5.84,52.37,30,323072,96.55,3.45,9.33,FMCG,3.08,4.88,7.19,5.07,0.73,1.25,0.7,11.44,Equity : ETFs,Nil
HDFC NIFTY100 Low Volatility 30 Index Fund-Reg(G),Nirman Morakhia,EQ-INDX,2,358.2,0.84,Open Ended,10-Jul-24,Nifty100 Low Volatility 30 - TRI,10.04,11.11,9.65,-0.53,-10.19,-0.86,21.79,26.54,1.95,22.96,6.16,169,30,323009,96.57,3.45,32.62,FMCG,2.24,2.84,7.33,2.17,1.25,1.69,-0.05,0.55,Equity : Index Funds,Nil
HDFC NIFTY100 Quality 30 ETF,Abhishek Mor,EQ-ETF,1,16.7,0.3,Open Ended,23-Sep-22,NIFTY100 Quality 30 - TRI,57.73,64.26,49.36,-2.81,-11.26,-1.95,11.16,22.38,-3.39,6.22,6.83,29.27,30,277341,91.1,8.9,22.36,FMCG,5.81,0.35,7.75,4.13,0.6,0.99,0.76,12.75,Equity : ETFs,Nil upto 10% of investment and 1% for remaining investments on or before 1Y Nil after 1Y
HDFC NIFTY200 Momentum 30 ETF,Abhishek Mor,EQ-ETF,3,83.9,0.3,Open Ended,11-Oct-22,Nifty200 Momentum 30 - TRI,33.7,38.34,27.5,-3.95,-12.8,-7.46,20.59,31.42,25.39,28.07,18.35,115.14,30,199228,87.09,12.91,74.9,Automobile and Ancillaries,5.12,1.73,8.24,11.89,0.8,1.17,1.24,22.09,Equity : ETFs,Nil
HDFC NIFTY200 Momentum 30 Index Fund-Reg(G),Nirman Morakhia,EQ-INDX,5,794.9,0.89,Open Ended,28-Feb-24,Nifty200 Momentum 30 - TRI,11.18,12.76,9.78,-4.14,-13.04,-7.86,6.53,22.72,5.66,13.93,12.11,64,30,199229,87.08,12.91,91.81,Automobile and Ancillaries,11.74,2.13,7,9.12,4.68,4.18,0.81,12.16,Equity : Index Funds,Nil
HDFC NIFTY50 Equal Weight Index Fund-Reg(G),Nirman Morakhia,EQ-INDX,5,1391.4,0.86,Open Ended,20-Aug-21,NIFTY50 Equal Weight - TRI,16.6,18.59,14.5,-1.59,-11.7,-3.07,10.12,20.62,15.95,5.57,5.74,23.79,50,290186,96.33,3.66,18.04,Financials,13.09,2.14,7.11,1.99,0.48,0.74,0.96,14.34,Equity : Index Funds,NIL
HDFC NIFTY50 Value 20 ETF,Abhishek Mor,EQ-ETF,1,33.5,0.15,Open Ended,23-Sep-22,Nifty50 Value 20 - TRI,141.53,150.34,116.54,-1.85,-6.84,2.98,17.16,24.09,15.39,7.65,7.17,37.28,20,515697,98.33,1.63,4.91,Technology,3.72,0.46,6.82,9.05,0.94,1.53,0.94,14.34,Equity : ETFs,1% on or before 15D Nil after 15D
HDFC Nifty500 Multicap 50:25:25 Index Fund-Reg(G),Nirman Morakhia,EQ-INDX,2,417.2,0.8,Open Ended,23-Aug-24,Nifty500 Multicap 50:25:25 - TRI,9.79,10.39,9.3,-0.3,-6.47,3.63,26.29,15.53,20.87,15.8,16.7,31,501,121058,49.95,24.99,24.99,Financials,0.52,2.66,6.71,3.55,2.35,1.63,0.94,1.25,Equity : Index Funds,Nil
HDFC Non-Cyclical Consumer Fund-Reg(G),Amit Sinha,EQ-CONS,1,896,2.31,Open Ended,12-Jul-23,Nifty India Consumption - TRI,14.55,15.88,11.26,0.97,-7.71,7.91,22.86,7.17,6.68,5.54,6.31,64.63,46,106738,64.97,4.48,25.14,FMCG,0.1,6.91,6.85,14.97,1.42,2.4,0.58,12.65,Equity : Thematic - Consumption,1% on or before 30D Nil after 30D
HDFC Overnight Fund(G),Anil Bamboli,DT-ON,3,12133.2,0.19,Open Ended,06-Feb-02,CRISIL Liquid Overnight Index,3695.48,3695.48,3467.66,0.54,1.59,3.2,6.59,6.56,5.89,4.79,5.51,0,30,19549,24.66,22.36,10.66,Financials,0.01,0.01,6.65,0.25,22.48,1.86,1.14,0.01,Debt : Overnight,Nil
HDFC Pharma and Healthcare Fund-Reg(G),Nikhil Mathur,EQ-PHRM,4,1459.6,2.15,Open Ended,04-Oct-23,BSE Health Care - TRI,17.16,17.16,11.51,3.77,5.78,29.11,50.48,37.69,6.31,6.57,11.54,56.44,29,58051,36.92,23.21,38.09,Healthcare,8.38,5.49,7.25,36.54,3.01,5.65,0.43,12.85,Equity : Sectoral - Pharma,1% on or before 30D Nil after 30D
HDFC Retirement Savings Fund-Equity Plan-Reg(G),Srinivasan Ramamurthy,HY-SOL,5,6009.4,1.78,Open Ended,25-Feb-16,NIFTY 500 - TRI,50.13,53.02,41.72,-0.17,-5.39,0.98,18.5,25.72,19.96,23.53,13.41,14.55,70,170579,59.34,9.37,22.7,Financials,0.32,2.47,6.29,8.32,1.11,1.61,1.97,12.68,Hybrid : Solution Oriented,NIL - Upon completion of Lock-in Period
HDFC Retirement Savings Fund-Hybrid-Debt Plan-Reg(G),Srinivasan Ramamurthy,HY-SOL,2,161.4,2.14,Open Ended,25-Feb-16,NIFTY 50 Hybrid Composite Debt 15:85 Index,20.97,21.16,18.98,0.04,-0.87,2.77,9.98,10.66,8.33,8.75,20.27,0,43,346177,30.15,1.05,7.52,Technology,8.02,4.73,7.23,3.2,1.57,2.31,0.88,3.71,Hybrid : Solution Oriented,NIL - Upon completion of Lock-in Period
HDFC Retirement Savings Fund-Hybrid-Equity Plan-Reg(G),Srinivasan Ramamurthy,HY-SOL,4,1582.9,2.08,Open Ended,25-Feb-16,NIFTY 50 Hybrid Composite Debt 65:35 Index,38,39.67,32.86,-0.75,-4.04,1.42,14.25,19.79,14.72,16.99,6.29,12.51,68,154044,45.26,4.29,21.19,Financials,4.74,3.18,7.01,5.22,1.03,1.51,1.66,9.79,Hybrid : Solution Oriented,NIL - Upon completion of Lock-in Period
HDFC Short Term Debt Fund(G),Anil Bamboli,DT-SD,5,14975.8,0.71,Open Ended,25-Jun-10,CRISIL Short Duration Debt Index,30.63,30.63,28.29,0.56,1.6,4.12,8.27,7.69,6.29,6.69,7.47,0,46,246567,6.94,10.53,3.17,Financials,4.08,2.83,7.57,3.23,6.47,12.83,0.31,0.64,Debt : Short Duration,Nil
HDFC Silver ETF,Bhagyesh Kagalkar,GOLD-ETF,4,418.6,0.4,Open Ended,02-Sep-22,Silver,84.94,96.5,67.91,-4.22,-5.3,-0.58,17.32,9.68,13.56,4.71,7.23,10,29,190366,9.74,3.09,12.03,Financials,2.03,0.41,6.82,16.18,0.59,1,-0.01,27.55,Gold : ETFs,Nil upto 10% of investment and 1% for remaining investment on or before 365D Nil after 365D
HDFC Silver ETF FoF-Reg(G),Nirman Morakhia,GOLD-MF,1,180.4,0.6,Open Ended,28-Oct-22,Silver,14.7,16.65,11.82,-3.83,-4.75,-3.01,14.76,11.51,15.24,6.31,13.15,34,58,188391,55.89,11.52,15.53,Financials,0.01,0.59,7.31,11.24,0.57,0.98,0.69,23.44,Gold : MFs,1% on or before 15D Nil after 15D
HDFC Small Cap Fund-Reg(G),Chirag Setalvad,EQ-SML,2,33841.9,1.57,Open Ended,03-Apr-08,BSE 250 Small Cap - TRI,141.4,146.29,111.67,0.23,-1.67,4.33,20.97,32.45,22.77,29.1,18.43,14.2,85,14406,4.07,8.16,81.49,Technology,0.12,4.7,7.03,13.08,1.05,1.53,0.76,16.18,Equity : Small Cap,1% on or before 1Y Nil after 1Y
HDFC Technology Fund-Reg(G),Balakumar B,EQ-TECH,2,1427.2,2.16,Open Ended,08-Sep-23,BSE TECk Index - TRI,14.94,15.27,10.73,0.81,1.95,19.23,33.27,9.14,21.6,9.28,11.51,4.12,28,224308,62.42,11.72,19.46,Technology,4.49,5.54,7.2,22.81,1.63,3.14,0.76,16.33,Equity : Sectoral - Technology,1% on or before 30D Nil after 30D
HDFC Large Cap Fund(G),Rahul Baijal,EQ-LC,1,36587.2,1.6,Open Ended,03-Sep-96,NIFTY 100 - TRI,1115.15,1216.71,973.54,-1.68,-8.32,-1.22,11.97,21.23,17.82,17.07,12.25,15.06,45,465971,92.71,5.41,13.57,Financials,2.86,0.11,7.1,3.45,0.59,0.86,1,14.43,Equity : Large Cap,1% on or before 1Y Nil after 1Y
HDFC Transportation and Logistics Fund-Reg(G),Priya Ranjan,EQ-AUTO,1,1325.4,2.18,Open Ended,17-Aug-23,Nifty Transportation & Logistics - TRI,15.44,17.14,11.64,-0.76,-11.12,-5.67,29.19,6.37,19.63,7.54,7.48,43.51,28,83323,59.29,15.47,22.84,Automobile and Ancillaries,1.23,6.62,7.85,19.33,1.44,2.26,0.87,16.47,Equity : Sectoral - Auto,1% on or before 30D Nil after 30D
HDFC Ultra Short Term Fund-Reg(G),Anil Bamboli,DT-USD,4,14890.3,0.69,Open Ended,24-Sep-18,CRISIL Ultra Short Term Debt Index,14.61,14.61,13.6,0.63,1.74,3.57,7.43,7.18,6.29,5.75,14.47,0,30,200082,83.76,7.86,27.13,Financials,0.53,0.47,7.52,3.3,11.1,22.55,0.03,0.3,Debt : Ultra Short Duration,Nil
Helios Balanced Advantage Fund-Reg(G),Alok Bahl,HY-DYN,5,263.9,2.38,Open Ended,27-Mar-24,CRISIL Hybrid 50+50 - Moderate Index,11.26,11.44,10,0.36,-0.36,2.29,16.98,6.96,13.59,5.53,9.15,302,59,223609,62.33,15.07,8.62,Financials,1.6,0.44,7.64,1.18,0.95,1.03,0.03,26.18,Hybrid : Dynamic Asset Allocation,Nil upto 10% of units and 1% for remaining units on or before 3M Nil after 3M
Helios Financial Services Fund-Reg(G),Alok Bahl,EQ-FIN,4,135.4,2.39,Open Ended,24-Jun-24,Nifty Financial Services - TRI,10.99,11.39,9.78,-0.73,-1.01,5.56,24.49,7.4,6.36,5.34,11.51,27,22,186883,57.64,20.76,19.37,Financials,16.31,6.51,8.67,14.79,7.75,2.55,1.68,0.01,Equity : Sectoral - Financial Services,Nil upto 10% of  units and 1% for remaining units or before 3M Nil after 3M
Helios Flexi Cap Fund-Reg(G),Alok Bahl,EQ-FLEX,3,2321.6,1.97,Open Ended,13-Nov-23,NIFTY 500 - TRI,14.47,14.78,11.16,0.78,-0.7,5.78,28.21,9.99,6.62,14.53,9.85,62,59,134660,54.23,21.71,22.17,Financials,28.66,0.12,7.24,17.56,1.35,1.89,1.02,16.8,Equity : Flexi Cap,Nil upto 10% of units and 1% for remaining units on or before 3M Nil after 3M
Helios Large & Mid Cap Fund-Reg(G),Alok Bahl,EQ-L&M,1,213.9,2.38,Open Ended,30-Oct-24,NIFTY LargeMidcap 250 - TRI,10.38,10.67,9.75,0.49,1.59,3.8,10.31,7.12,19.43,25.28,7.17,1,38,197077,59.91,33.39,2.01,Financials,0.39,6.05,7.25,2.82,10.04,0.31,0.18,13.93,Equity : Large & Mid Cap,Nil upto 10% of units and 1% for remaining units on or before 3M Nil after 3M
Helios Overnight Fund-Reg(G),Alok Bahl,DT-ON,1,131.5,0.18,Open Ended,25-Oct-23,CRISIL Liquid Overnight Index,1080.03,1080.03,1013.42,0.54,1.61,3.22,6.59,6.6,5.58,5.29,6.25,0,24,213701,22.94,17.03,14.04,Healthcare,3.03,0.43,6.66,1.16,8.36,10.95,-0.05,0.14,Debt : Overnight,Nil
HSBC Aggressive Hybrid Fund-Reg(G),Cheenu Gupta,HY-EQ,3,5719.9,1.85,Open Ended,07-Feb-11,NIFTY 50 Hybrid Composite Debt 65:35 Index,56.52,57.88,44.93,1.54,-0.3,3.74,23.67,24.21,14.15,15.61,11.93,76,72,87128,35.88,22.9,17.64,Capital Goods,2.03,1.73,7,10.61,1.24,1.76,2.65,14.76,Hybrid : Equity Oriented,Nil for 10% of units and 1% for remaining units on or before 1Y Nil after 1Y
HSBC Arbitrage Fund-Reg(G),Praveen Ayathan,HY-ARB,5,2447.6,0.93,Open Ended,30-Jun-14,Nifty 50 Arbitrage,18.39,18.39,17.15,0.66,1.77,3.36,7.29,7.2,6.1,5.32,5.86,1404,127,135029,45.89,19.24,12.76,Financials,0.25,0.24,6.25,3.38,3,6.39,-0.08,1.04,Hybrid : Arbitrage,0.25% on or before 1M Nil after 1M
HSBC Asia Pacific (Ex Japan) DYF-Reg(G),Sonal Gupta,FOF-OVR,4,7.7,2.06,Open Ended,24-Feb-14,MSCI Asia (ex-Japan) Standard Index,21.41,23.41,17.29,-0.1,-6.92,2.15,13.28,11.32,4.26,6.34,7.52,23,251,195442,98.65,18.55,41.53,Financials,8.64,0.48,7,6.07,0.68,1.11,1.31,15.49,FoFs : Overseas,1% on or before 1Y Nil after 1Y
HSBC Balanced Advantage Fund-Reg(G),Neelotpal Sahai,HY-DYN,2,1523.2,2.1,Open Ended,07-Feb-11,CRISIL Short Term Bond Index,43.35,43.8,37.11,0.71,0.59,4.86,15.79,17.07,11.83,11.23,8.37,336,57,111913,34.16,14.98,18.6,Financials,2.36,2.1,7.21,7.66,1.5,2.17,1.2,7.45,Hybrid : Dynamic Asset Allocation,Nil for 10% of units and 1% for remaining units on or before 1Y Nil after 1Y
HSBC Banking and PSU Debt Fund-Reg(G),Mahesh Chhabria,DT-B&PSU,3,4390.9,0.61,Open Ended,20-Sep-07,NIFTY Banking and PSU Debt Index,23.21,23.21,21.65,0.6,1.66,3.63,7.23,6.88,5.07,5.68,6.76,0,30,264492,57.5,6.75,27.4,Financials,1.3,1.16,7.47,2.67,6.88,14.98,0.16,0.46,Debt : Banking & PSU,Nil
HSBC Brazil Fund(G),Sonal Gupta,FOF-OVR,3,42.3,2.42,Open Ended,06-May-11,MSCI Brazil 10/40 Index,5.75,7.91,5.75,-6.97,-19.09,-11.75,-29.09,-5.93,0.46,-10.62,-2.37,3,32,278194,54.75,12.76,27.18,Capital Goods,3.59,0.9,7.31,-39.44,-1.96,-3.17,0.09,19.94,FoFs : Overseas,1% on or before 1Y Nil after 1Y
HSBC Business Cycles Fund-Reg(G),Gautam Bhupal,EQ-THEM,2,1016.3,2.27,Open Ended,20-Aug-14,NIFTY 500 - TRI,43.94,45.44,31.54,0.08,-2.54,4.5,37.26,34.46,24.22,22.71,14.18,25,57,64474,39.78,10.91,45.89,Financials,1.73,1.81,6.82,24.77,1.6,2.3,1.07,18.82,Equity : Thematic,Nil upto 10% of units and 1% for above the limits on or before 1Y Nil after 1Y
HSBC Conservative Hybrid Fund(G),Mahesh Chhabria,HY-DT(CO),3,144.2,2.17,Open Ended,24-Feb-04,NIFTY 50 Hybrid Composite Debt 15:85 Index,60.39,60.6,51.8,1.39,1.65,5.23,16.21,13.8,9.26,9.27,7.78,0,31,55833,8.9,6.91,7.47,Capital Goods,13.66,7.47,6.98,7.46,2.27,3.58,1.38,5.08,Hybrid : Debt Oriented (Conservative),Nil
HSBC Consumption Fund-Reg(G),Gautam Bhupal,EQ-CONS,5,1601.5,2.08,Open Ended,31-Aug-23,Nifty India Consumption - TRI,15.23,15.81,11.2,1.93,-1.85,10.28,33.54,34.04,6.39,5.34,8.69,5,49,64463,38.16,18.86,39.36,FMCG,0.15,0.11,7.39,22.78,1.89,3.02,0.71,13.98,Equity : Thematic - Consumption,Nil upto 10% of units and 1% for remaining units on or before 1% Nil after 1Y
HSBC Corporate Bond Fund-Reg(G),Kapil Punjabi,DT-CORP,5,6116.7,0.64,Open Ended,31-Mar-97,NIFTY Corporate Bond Index,69.82,69.82,64.62,0.47,1.43,4.12,8.04,7.27,5.54,6.5,6.93,0,45,200446,34.37,24.06,8.75,Financials,3.99,3.26,7.27,2.72,4.28,8.05,0.41,0.92,Debt : Corporate Bond,Nil
HSBC Credit Risk Fund-Reg(G),Shriram Ramanathan,DT-CR,3,581.7,1.68,Open Ended,08-Oct-09,NIFTY Credit Risk Bond Index,27.6,27.6,25.77,0.51,1.4,3.6,7.1,6.79,5.58,5.46,6.16,0,45,92479,69.88,39.6,14.04,Technology,3.3,2.47,8.08,2.14,4.99,9.83,0.3,0.6,Debt : Credit Risk,Nil upto 10% of units on or before 2Y For remaining units - 3% on or before 1Y 2% after 1Y but on or before 2Y Nil after 2Y
HSBC CRISIL IBX 50:50 Gilt Plus SDL Apr 2028 Index Fund-Reg(G),Kapil Punjabi,DT-M&LD,1,1889.3,0.43,Open Ended,31-Mar-22,CRISIL IBX 50:50 Gilt Plus SDL Index - April 2028,11.86,11.86,10.97,0.48,1.39,4.05,8.04,7.68,12.13,5.38,14.24,0,72,555827,93.64,2.81,2.79,Financials,3.16,2.74,6.97,2.65,4.2,9.07,0.4,0.92,Debt : Medium to Long Duration,Nil
HSBC CRISIL IBX Gilt June 2027 Index Fund-Reg(G),Kapil Punjabi,DT-MD,2,194.6,0.45,Open Ended,23-Mar-23,CRISIL IBX Gilt Index - June 2027,11.37,11.37,10.57,0.5,1.43,3.83,7.57,7.39,4.62,28.44,6.61,0,11,141178,50.36,28.65,17.17,Financials,2.46,2.16,6.79,2.47,4.59,9.66,0.34,0.75,Debt : Medium Duration,Nil
HSBC Dynamic Bond Fund-Reg(G),Mahesh Chhabria,DT-DYN,3,158.9,0.78,Open Ended,30-Aug-06,CRISIL Dynamic Bond Index,28.34,28.42,26.06,0.26,0.4,3.95,8.59,7.54,5.86,5.8,6.96,0,51,93226,96.56,3.24,7.47,Financials,15.45,7.96,7.08,1.18,2.13,3.61,1.08,2.07,Debt : Dynamic Bond,Nil
HSBC ELSS Tax saver Fund-Reg(G),Abhishek Gupta,EQ-ELSS,2,4303,1.89,Open Ended,27-Feb-06,NIFTY 500 - TRI,138.23,140.84,101.21,1.46,-1.82,5.2,34.47,31.77,19.06,19.76,14.12,52,84,104992,49.04,23.45,25.81,Financials,4.33,3.2,6.24,22.08,1.57,2.29,1.05,17.39,Equity : Tax Saving (ELSS),Nil
HSBC Equity Savings Fund-Reg(G),Cheenu Gupta,HY-EQ,2,583.3,1.51,Open Ended,18-Oct-11,NIFTY 50 Equity Savings Index,34.4,34.4,27.4,3.51,4.05,8.23,24.83,21.04,14.36,13.86,9.47,508,67,94064,31.55,27.78,15.89,Financials,2.05,1.86,7.2,14.46,2.31,3.56,1.46,8.1,Hybrid : Equity Oriented,Nil upto 10% of units and 0.50% for remaining units on or before 1M Nil after 1M
HSBC Flexi Cap Fund-Reg(G),Abhishek Gupta,EQ-FLEX,3,5048.5,1.93,Open Ended,24-Feb-04,NIFTY 500 - TRI,224.03,229.69,170.24,0.35,-2.72,4.28,29.21,31.11,18.14,20.46,13.25,57,83,120505,51.94,22.55,22.84,Financials,5.26,2.27,7.03,18.52,1.49,2.19,0.99,15.77,Equity : Flexi Cap,Nil upto 10% of investment and 1% for remaining investment on or before 1Y Nil after 1Y
HSBC Focused Fund-Reg(G),Neelotpal Sahai,EQ-MLC,5,1773.8,2.09,Open Ended,22-Jul-20,NIFTY 500 - TRI,26.19,26.44,20.59,1.25,-1.82,8.14,23.72,27.4,16.88,4.8,11.03,47,29,71161,34.96,22.39,34.85,Financials,0.01,2.74,7.71,14.06,1.24,1.83,0.92,15.03,Equity : Multi Cap,Nil upto 10% of units and 1% for remaining units on before 1Y
HSBC Gilt Fund-Reg(G),Shriram Ramanathan,DT-GILT,2,258.9,1.7,Open Ended,29-Mar-00,CRISIL Dynamic Gilt Index,63.71,63.99,58.82,0.16,-0.22,3.27,8.12,6.81,5.14,5.38,6.61,0,36,83430,43.19,12.31,28.15,FMCG,22.1,9.93,7.04,-0.03,1.55,2.56,1.3,2.5,Debt : Gilt,Nil
HSBC Global Emerging Markets Fund(G),Sonal Gupta,FOF-OVR,3,34.1,2.36,Open Ended,17-Mar-08,MSCI Emerging Market Index,18.54,20.16,15.81,0.52,-6.58,-2.17,9.31,6.99,-0.94,3.36,4.89,4,54,345701,33,3.46,5.47,Financials,3.59,5.08,6.91,3.3,0.48,0.81,1.19,14.59,FoFs : Overseas,1% on or before 1Y Nil after 1Y
HSBC Global Equity Climate Change FoF-Reg(G),Sonal Gupta,FOF-OVR,5,74.2,2.09,Open Ended,22-Mar-21,MSCI AC World Index,9.95,10.79,9.14,-3.84,-7.32,-0.3,2.42,7.01,-2.92,10.03,6.11,0,30,36051,69.88,7.65,91.96,Financials,0.01,1.11,7.04,-3.75,-0.05,-0.08,1.22,13.21,FoFs : Overseas,1% on or before 1Y Nil after 1Y
HSBC India Export Opportunities Fund-Reg(G),Abhishek Gupta,EQ-THEM,2,1850,2.05,Open Ended,25-Sep-24,NIFTY 500 - TRI,10.19,10.37,9.58,0.34,0.68,1.31,7.97,7.05,5.18,19.73,16.24,106.44,50,78492,42.96,18.99,32.23,Technology,0.49,2.17,6.68,-13.05,2.11,0.75,0.29,18.41,Equity : Thematic,Nil upto 10% of units and 1% for remaining units on or before 1Y Nil after 1Y
HSBC Infrastructure Fund-Reg(G),Venugopal Manghat,EQ-INFRA,2,2585.3,2.01,Open Ended,27-Sep-07,Nifty Infrastructure - TRI,48.93,51.93,37.19,-2.32,-6.26,-4.85,28.63,39.24,26.3,25.77,16.8,24,53,83631,46.94,14.17,36.22,Capital Goods,9.41,2.5,7.04,18.07,1.11,1.56,1.19,21.74,Equity : Sectoral - Infrastructure,Nil upto 10% of units and 1% for above the limits on or before 1Y Nil after 1Y
HSBC Large & Mid Cap Fund-Reg(G),Cheenu Gupta,EQ-L&M,2,3978.9,1.92,Open Ended,28-Mar-19,NIFTY LargeMidcap 250 - TRI,28.9,29.42,20.28,3.72,1.29,7.85,39.88,35.57,21.02,22.31,13.48,94,81,97871,42.42,41.65,13.91,Capital Goods,0.13,0.44,6.5,26.49,1.63,2.33,1.06,19.53,Equity : Large & Mid Cap,Nil upto 10% of investment and 1% for remaining investment on or before 1Y Nil after 1Y
HSBC Large Cap Fund(G),Neelotpal Sahai,EQ-LC,2,1946.2,2.13,Open Ended,10-Dec-02,NIFTY 100 - TRI,481.98,507.52,396.28,-0.64,-5.36,2.53,18.82,21.97,14.47,16.09,12.29,47,38,324361,81.05,9.76,5.7,Financials,3.18,1.85,7.2,9.37,0.95,1.39,1.04,15.39,Equity : Large Cap,Nil upto 10% of investment and 1% for remaining investment on or before 1Y Nil after 1Y
HSBC Liquid Fund(G),Kapil Punjabi,DT-LIQ,2,18790.2,0.22,Open Ended,01-Jun-04,Nifty Liquid Fund Index,2516.77,2516.77,2345.09,0.59,1.74,3.54,7.34,7.17,6.4,5.28,6.29,0,20,149604,11.09,18.46,23.6,Financials,0.11,0.11,7.07,0.73,9.79,5.53,0.53,0.08,Debt : Liquid,0.007% for Day 1 0.0065% on Day 2 0.0060% on Day 3 0.0055% on Day 4 0.0050% on Day 5 0.0045% on Day 6 NIL on or after 7D
HSBC Low Duration Fund-Reg(G),Shriram Ramanathan,DT-LOWD,2,481.9,0.63,Open Ended,04-Dec-10,NIFTY Low Duration Debt Index,27.25,27.25,25.37,0.58,1.69,3.59,7.44,7.28,6.16,5.74,6.72,0,30,143043,44.97,58.06,13.98,Financials,1.36,0.9,7.64,3.15,9.78,19.49,0.07,0.34,Debt : Low Duration,Nil
HSBC Managed Solutions India-Conservative(G),Gautam Bhupal,FOF-DOM,2,22.4,1.29,Open Ended,30-Apr-14,CRISIL Composite Bond Index,20.84,20.93,19.14,0.28,0.27,3.68,8.82,8.3,6.11,6.31,6.41,12,23,209088,53.1,15.73,29.5,Financials,28.47,3.64,7.45,2.14,2.13,3.29,0.86,2.21,FoFs : Domestic,1% on or before 1Y Nil after 1Y
HSBC Managed Solutions India-Growth(G),Gautam Bhupal,FOF-DOM,1,42.2,1.9,Open Ended,30-Apr-14,BSE 200 - TRI,39.91,41.49,33.56,-0.04,-3.09,3.08,18.44,21.17,13.34,16.67,12.22,18,37,141441,57.28,15.69,19.98,Energy,0.44,0.1,7.33,8.04,1.14,1.66,1.93,12.09,FoFs : Domestic,1% on or before 1Y Nil after 1Y
HSBC Managed Solutions India-Moderate(G),Gautam Bhupal,FOF-DOM,5,59.1,1.92,Open Ended,30-Apr-14,CRISIL Hybrid 35+65 - Aggressive Index,34.71,35.72,29.74,0.05,-2.32,3.21,16.3,18.28,11.69,14.53,11.12,18,45,197811,24.1,12.41,6.1,Financials,2.56,6.95,7.76,6.7,1.19,1.73,1.69,9.9,FoFs : Domestic,1% on or before 1Y Nil after 1Y
HSBC Medium Duration Fund-Reg(G),Shriram Ramanathan,DT-MD,3,841.4,1.1,Open Ended,02-Feb-15,NIFTY Medium Duration Debt Index,19.49,19.49,18.01,0.52,1.33,3.95,8.21,7.58,5.88,6.31,14.45,0,31,144249,81.42,16.14,28.81,Financials,5.74,3.81,7.75,2.44,4.04,8.06,0.54,1,Debt : Medium Duration,Nil
HSBC Medium to Long Duration Fund Fund(G),Kapil Punjabi,DT-M&LD,1,49.7,1.9,Open Ended,10-Dec-02,NIFTY Medium to Long Duration Debt Index,40.4,40.49,37.47,0.26,0.41,3.54,7.61,6.6,4.52,4.8,5.7,0,24,24499,88.91,6.75,13.98,Financials,10.51,6.44,6.96,0.4,1.79,3.02,1,1.89,Debt : Medium to Long Duration,Nil
HSBC Midcap Fund-Reg(G),Cheenu Gupta,EQ-MID,1,11912.4,1.72,Open Ended,09-Aug-04,Nifty Midcap 150 - TRI,415.62,422.18,290.17,5.07,1,9.79,40.75,40.87,26.21,25.28,17.43,88,72,76029,25.09,62.44,10.79,Capital Goods,2.03,2.06,7.46,27.52,1.68,2.46,1.03,19.41,Equity : Mid Cap,Nil upto 10% of units and 1% for above the limits on or before 1Y Nil after 1Y
HSBC Money Market Fund-Reg(G),Kapil Punjabi,DT-MM,2,2654,0.4,Open Ended,10-Aug-05,Nifty Money Market Index,25.41,25.41,23.65,0.62,1.76,3.62,7.46,7.21,6.15,5.32,6.71,0,50,684650,83.72,19.92,5.18,Financials,0.37,0.35,7.31,3.3,10.54,21.82,0.03,0.32,Debt : Money Market,Nil
HSBC Multi Asset Allocation Fund-Reg(G),Cheenu Gupta,HY-MULTI,4,2133.3,1.88,Open Ended,28-Feb-24,BSE 200 - TRI,12.35,12.54,9.71,3,1.9,6.92,22.64,19.67,6.24,4.82,12.72,36,50,71814,25.34,24.87,17.17,Capital Goods,0.15,3.87,6.78,6.33,2.42,0.75,0.82,22.05,Hybrid : Multi Asset Allocation,Nil upto 10% of units and 1% for remaining units on or before 1Y Nil after 1Y
HSBC Multi Cap Fund-Reg(G),Venugopal Manghat,EQ-MLC,4,4361.9,1.86,Open Ended,30-Jan-23,Nifty500 Multicap 50:25:25 - TRI,19.17,19.53,14.58,1.12,-2.5,3.19,29.37,7.36,18.5,5.57,17.46,25,98,95296,42.97,29.5,26.44,Financials,7.82,1.7,7.25,18.57,1.38,1.99,0.98,17.1,Equity : Multi Cap,Nil upto 10% of units and 1% for remaining units on or before 1Y Nil after 1Y
HSBC Nifty 50 Index Fund-Reg(G),Praveen Ayathan,EQ-INDX,5,292.5,0.45,Open Ended,15-Apr-20,NIFTY 50 - TRI,27.7,30.02,24.18,-1.65,-7.93,-1.47,9.89,15.99,12.38,23.05,6.11,8,50,555837,98.51,1.24,14.72,Financials,22.22,2.91,6.96,1.49,0.47,0.71,0.99,13.95,Equity : Index Funds,Nil upto 10% of units and 1% for remaining units on or before 1M Nil after 1M
HSBC Nifty Next 50 Index Fund-Reg(G),Praveen Ayathan,EQ-INDX,3,134.8,0.8,Open Ended,15-Apr-20,NIFTY NEXT 50 - TRI,29.53,33.3,22.87,-3.59,-11.79,-5.63,27.21,27.4,17.44,13.39,6.34,41,50,143043,88.16,11.75,23.27,Financials,13.01,1.42,7.05,16.83,1.12,1.62,1.14,20.17,Equity : Index Funds,Nil upto 10% of units and 1% for remaining units on or before 1M Nil after 1M
HSBC Overnight Fund-Reg(G),Kapil Punjabi,DT-ON,3,2275.8,0.16,Open Ended,22-May-19,Nifty 1D Rate Index,1306.06,1306.06,1225.16,0.55,1.61,3.23,6.62,6.61,5.93,4.83,12.26,0,68,38781,50.79,11.24,12.54,Financials,0.01,0.01,6.65,0.28,30.45,2.03,1.3,0.01,Debt : Overnight,Nil
HSBC Short Duration Fund-Reg(G),Shriram Ramanathan,DT-SD,3,3844.6,0.75,Open Ended,27-Dec-11,Nifty Short Duration Debt Index,25.29,25.29,23.53,0.49,1.43,3.91,7.48,7.03,5.58,5.84,6.77,0,36,104208,86.39,10.92,20.52,Financials,3.56,2.8,7.37,2.42,4.97,9.89,0.33,0.68,Debt : Short Duration,NIL
HSBC Small Cap Fund-Reg(G),Venugopal Manghat,EQ-SML,3,17237.3,1.68,Open Ended,12-May-14,Nifty Smallcap 250 - TRI,89.93,92.06,64.98,1.26,-0.81,4.04,29.81,37.41,24.31,31.06,20.27,30,100,23198,3.13,21.44,73.38,Financials,35.07,1.51,6.68,19.73,1.36,1.99,0.84,17.65,Equity : Small Cap,Nil upto 10% of units and 1% for above the limits on or before 1Y Nil after 1Y
HSBC Tax Saver Equity Fund(G),Gautam Bhupal,EQ-ELSS,3,260.2,2.47,Open Ended,05-Jan-07,NIFTY 500 - TRI,96.72,98.42,71.13,1.52,1.74,11.07,34.06,30.08,19.25,20.17,13.74,18,51,101969,43.4,20.47,34.16,Financials,0.02,0.17,7.04,22.13,1.77,2.57,0.92,15.12,Equity : Tax Saving (ELSS),Nil
HSBC Ultra Short Duration Fund-Reg(G),Mahesh Chhabria,DT-USD,2,2741.7,0.47,Open Ended,29-Jan-20,NIFTY Ultra Short Duration Debt Index,1304.86,1304.86,1215.41,0.62,1.74,3.57,7.38,7.18,6.31,13.23,12.46,0,65,195057,47.96,8,39.14,Financials,0.47,0.41,7.33,3.23,11.04,21.93,0.03,0.3,Debt : Ultra Short Duration,Nil
HSBC Value Fund-Reg(G),Venugopal Manghat,EQ-VAL,4,13674.9,1.72,Open Ended,08-Jan-10,NIFTY 500 - TRI,109.07,113.44,85.12,-0.58,-4.74,0.03,26.04,32.94,23.24,24.36,16.81,26,74,87768,42.71,16.98,39.56,Financials,0.12,0.12,7.4,16.03,1.21,1.71,1.05,17.66,Equity : Value / Contra,Nil upto 10% of units and 1% for above the limits on or before 1Y Nil after 1Y
ICICI Pru All Seasons Bond Fund(G),Manish Banthia,DT-DYN,4,13409.9,1.29,Open Ended,20-Jan-10,NIFTY Composite Debt Index,35.31,35.33,32.65,0.47,1.5,4.23,8.17,7.85,6.74,7.17,7.99,0,38,120668,24.94,6.91,44.13,Financials,5.54,3.51,7.64,2.37,3.56,6.22,0.57,1.14,Debt : Dynamic Bond,0.25% on or before 1M Nil after 1M
ICICI Pru Asset Allocator Fund(FOF)(G),Sankaran Naren,FOF-DOM,5,23352.9,1.26,Open Ended,18-Dec-03,CRISIL Hybrid 50+50 - Moderate Index,113.18,115.21,99.41,-0.11,-1.48,3.4,13.56,15.88,13.28,13.92,11.76,0,24,19126,99.27,13.57,5.47,Financials,4.42,2.42,7.59,6.73,1.99,3.23,0.81,4.61,FoFs : Domestic,Nil on 30% of units within 1Y and 1% for more than 30% of units within 1Y Nil after 1Y
ICICI Pru Balanced Advantage Fund(G),Manish Banthia,HY-DYN,3,60534.1,1.46,Open Ended,30-Dec-06,CRISIL Hybrid 50+50 - Moderate Index,70.04,71.85,61.41,-0.07,-2.86,2.76,12.58,14.94,12.62,12.84,10.91,31,88,310924,60.81,6.57,1.37,Financials,2.39,1.08,7.46,5.32,1.42,2.27,0.97,5.74,Hybrid : Dynamic Asset Allocation,Nil upto 30% of units and 1% for remaining units on or before 1Y Nil after 1Y
ICICI Pru Banking & Fin Serv Fund(G),Roshan Chutkey,EQ-FIN,3,9025.7,1.82,Open Ended,22-Aug-08,Nifty Financial Services - TRI,121.74,130.66,102.74,-1.38,-5.54,0.09,12.24,15.31,14.38,11.38,12.29,52,36,302810,70.14,15.26,9.38,Financials,0.37,3.72,7.09,4.18,0.62,0.95,0.86,13.71,Equity : Sectoral - Financial Services,1% on or before 15D NIL after 15D
ICICI Pru Banking & PSU Debt Fund(G),Manish Banthia,DT-B&PSU,3,9126.6,0.74,Open Ended,01-Jan-10,NIFTY Banking and PSU Debt Index,31.36,31.36,29.08,0.62,1.83,3.91,7.85,7.57,6.47,6.54,7.53,0,65,344859,70.78,1.16,14.15,Financials,4.44,2.82,7.58,2.92,5.48,10.09,0.29,0.69,Debt : Banking & PSU,Nil
ICICI Pru Bharat 22 FOF-(G),Nishit Patel,FOF-DOM,5,2266.7,0.13,Open Ended,29-Jun-18,BSE Bharat 22 Index,32.1,35.44,26.82,-4.63,-10.3,-3.03,17.71,37.4,34.7,25.62,12.46,42.54,22,278123,98.76,15.4,13.79,Financials,1.23,0.01,7.09,7.03,0.73,1.04,2.92,21.37,FoFs : Domestic,Nil
ICICI Pru Bharat Consumption Fund(G),Sankaran Naren,EQ-CONS,4,3225.4,1.99,Open Ended,12-Apr-19,Nifty India Consumption - TRI,25.26,27.85,21.27,-0.92,-10.07,2.26,16.51,26,20.46,18.99,5.76,105,59,143894,67.23,7.79,17.72,FMCG,0.01,1.43,6.82,9.05,1.12,1.93,0.58,10.68,Equity : Thematic - Consumption,1% on or before 3M Nil after 3M
ICICI Pru Bluechip Fund(G),Anish Tawakley,EQ-LC,4,63938,1.44,Open Ended,23-May-08,NIFTY 100 - TRI,105.86,113.98,88.07,-1.52,-7.05,0.28,17.4,22.88,17.47,18.72,13.78,21,68,394642,84.81,5.95,0.67,Financials,1.53,5.43,7.68,8.59,1,1.51,0.91,13.16,Equity : Large Cap,1% on or before 1Y NIL after 1Y
ICICI Pru Bond Fund(G),Manish Banthia,DT-M&LD,4,2968.5,1.03,Open Ended,18-Aug-08,CRISIL Medium to Long Term Debt Index,38.41,38.43,35.32,0.4,1.33,4.42,8.62,8.09,6.4,6.66,7.37,0,101,322998,3.13,37.65,6.93,Financials,7.63,5,7.24,1.94,2.76,4.68,0.84,1.61,Debt : Medium to Long Duration,Nil
ICICI Pru BSE 500 ETF,Nishit Patel,EQ-ETF,1,350.3,0.32,Open Ended,09-May-18,BSE 500 - TRI,38.3,41.19,32.18,-1.07,-7.53,-1.18,15.69,21.51,15.69,18.84,9.76,8,501,224481,71.44,18.06,10.48,Financials,0.32,11.99,14.04,7.36,0.8,1.17,1,14.91,Equity : ETFs,1% on or before 1Y Nil after 1Y
ICICI Pru BSE 500 ETF FOF-Reg(G),Nishit Patel,FOF-DOM,2,122,0.59,Open Ended,01-Dec-21,BSE 500 - TRI,15.22,16.58,12.99,-1.6,-8.08,-1.6,14.38,19.99,14.46,13.45,18.02,0,57,394118,46.9,5.84,53.55,Financials,2.63,3.08,7.41,3.81,0.83,1.24,2.38,12.96,FoFs : Domestic,Nil
ICICI Pru BSE Liquid Rate ETF,Darshil Dedhia,DT-ETF,3,2545.1,0.25,Open Ended,25-Sep-18,BSE Liquid Rate Index,1000,1000,1000,0.54,1.57,3.15,6.46,6.47,5.81,4.53,6.13,0,30,27568,59.79,33.84,24.45,Financials,0.01,0.44,6.64,1.06,7.9,10.24,0.78,0.13,Debt : ETFs,1% on or before 12M Nil after 12M
ICICI Pru BSE Midcap Select ETF,Nishit Patel,EQ-ETF,1,80,0.15,Open Ended,04-Jul-16,BSE MidCap Select Index - TRI,18.69,159.15,15.24,3.81,-2.56,5.52,32.85,36.6,21.65,22.96,15.88,75,30,73449,7.48,92.5,36.95,Financials,3.59,0.34,7.3,21.75,1.41,2.16,1.03,18.85,Equity : ETFs,Nil for 10% of investment and 1% for remaining investment on or before 12M Nil after 12M
ICICI Pru BSE Sensex ETF,Nishit Patel,EQ-ETF,1,13895.5,0.03,Open Ended,10-Jan-03,BSE SENSEX - TRI,901.68,966.58,784.86,-1.63,-6.68,-0.79,9.88,15.73,12.49,15.25,12.33,3,30,684546,99.27,0.72,10.93,Financials,0.1,0.11,7.48,1.81,0.47,0.72,0.99,13.84,Equity : ETFs,Nil
ICICI Pru BSE Sensex Index Fund(G),Nishit Patel,EQ-INDX,3,1747.2,0.27,Open Ended,21-Sep-17,BSE SENSEX - TRI,25.95,27.84,22.63,-1.65,-6.75,-0.93,9.65,15.33,12.1,14.91,5.88,12,30,684574,99.21,0.72,67.59,Financials,0.49,3.32,7.67,1.23,0.45,0.7,0.99,13.88,Equity : Index Funds,Nil
ICICI Pru Business Cycle Fund(G),Anish Tawakley,EQ-THEM,3,11880.5,1.71,Open Ended,18-Jan-21,NIFTY 500 - TRI,22.36,24.35,18.44,-1.97,-7.18,-0.93,20.47,26.48,20.87,24.38,5.91,36,72,305019,73.82,9.77,4.61,Financials,1.41,0.83,7.22,11.77,1.28,1.92,0.81,12.36,Equity : Thematic,1% on or before 1M Nil after 1M
ICICI Pru Child Care Fund-Gift Plan,Lalit Kumar,HY-SOL,3,1319.8,2.2,Open Ended,31-Aug-01,NIFTY 50 Hybrid Composite Debt 65:35 Index,310.6,329.44,259.59,-0.84,-6.22,-1.1,17.06,23.4,16.23,16.17,11.6,48,60,130263,58.3,15.41,9.43,Construction,2.86,0.88,6.25,6.88,0.9,1.31,2.15,14.61,Hybrid : Solution Oriented,Nil
ICICI Pru Commodities Fund(G),Lalit Kumar,EQ-THEM,1,2399.1,2.03,Open Ended,15-Oct-19,NIFTY COMMODITIES - TRI,38.68,43.45,33.99,-2.51,-11.62,-11.19,8.05,16.82,16.76,29.61,7.34,31,44,65240,41.46,35.81,19.52,Metals,0.12,0.09,7.37,0.88,0.31,0.46,1.12,21.12,Equity : Thematic,1% on or before 3M Nil after 3M
ICICI Pru Constant Maturity Gilt Fund(G),Manish Banthia,DT-GL10Y,4,2636.8,0.39,Open Ended,12-Sep-14,Crisil 10 Yr Gilt Index,23.42,23.45,21.41,0.37,1.04,4.71,9.26,8.41,5.95,6.69,8.13,0,86,183889,20.46,89.09,4.78,Capital Goods,9.55,6.8,6.9,1.59,2.29,4.02,1.15,2.19,Debt : Gilt (10 Yr Constant Duration),Nil
ICICI Pru Corp Bond Fund(G),Manish Banthia,DT-CORP,3,28992.6,0.58,Open Ended,11-Aug-09,NIFTY Corporate Bond Index,28.54,28.54,26.43,0.55,1.75,4,7.98,7.78,6.67,6.88,7.56,0,74,100891,62.63,13.48,7.27,Financials,3.88,2.4,7.61,3.15,6.52,12.59,0.26,0.6,Debt : Corporate Bond,Nil
ICICI Pru Credit Risk Fund(G),Manish Banthia,DT-CR,5,6418.7,1.41,Open Ended,03-Dec-10,CRISIL Credit Risk Debt Index,30.34,30.34,28,0.51,1.58,4.28,8.44,7.86,6.92,7.33,7.8,0,48,14049,42.27,14.17,6.1,Financials,2.36,1.84,8.52,3.65,3.89,7.15,0.25,1.13,Debt : Credit Risk,Nil upto 10% of units and 1% on remaining units on or before 1Y Nil after 1Y
ICICI Pru Debt Mgmt Fund(FOF)(G),Manish Banthia,FOF-DOM,1,116.1,0.66,Open Ended,18-Dec-03,CRISIL Composite Bond Index,42.95,42.95,39.73,0.48,1.55,4.01,8.09,7.76,6.51,6.65,7.68,0,89,436985,53.94,16.86,88.53,Financials,0.01,0.35,7.58,2.67,4.39,7.72,0.44,0.91,FoFs : Domestic,0.25% on or before 15D Nil after 15D
ICICI Pru Dividend Yield Equity Fund(G),Mittul Kalawadia,EQ-DIV,2,4783.4,1.85,Open Ended,16-May-14,NIFTY 500 - TRI,50.12,54.69,40.49,-1.68,-9.03,-0.06,21.44,30.59,23.24,25.34,14.45,32,64,276342,79.68,6.28,8.2,Financials,5.82,0.1,7.03,12.2,1.2,1.75,0.92,14.03,Equity : Thematic - Dividend Yield,1% on or before 1Y Nil after 1Y
ICICI Pru ELSS Tax Saver Fund(G),Mittul Kalawadia,EQ-ELSS,3,14210.2,1.72,Open Ended,19-Aug-99,NIFTY 500 - TRI,895.02,978.31,745.07,-1.49,-8.28,1.71,17.33,20.89,14.47,17.67,12.84,28,78,215645,70.83,11.39,16.32,Financials,5.45,0.39,7.46,8.77,1.04,1.6,0.82,12.37,Equity : Tax Saving (ELSS),Nil
ICICI Pru Energy Opportunities Fund-Reg(G),Sankaran Naren,EQ-POWER,3,9855.2,1.71,Open Ended,22-Jul-24,NIFTY ENERGY - TRI,9.64,10.43,9.43,-2.05,-8,-2.31,9.89,8.71,15.33,4.05,14.3,23,43,200082,62.62,14.24,11.32,Energy,3.64,1.21,7.29,6.3,1.48,1.22,0.81,15.75,Equity : Sectoral - Energy / Power,1% on or before 3M Nil after 3M
ICICI Pru Equity & Debt Fund(G),Sankaran Naren,HY-EQ,5,40089,1.58,Open Ended,03-Nov-99,CRISIL Hybrid 35+65 - Aggressive Index,368.98,392.33,308.63,-0.92,-6.09,1.37,17.79,23.17,19.46,21.17,14.95,27,87,311311,61.77,3.52,5.04,Financials,2.59,1.28,7.64,7.99,1.25,1.86,1.74,10.47,Hybrid : Equity Oriented,Nil upto 30% of units and 1% for remaining units on or before 1Y Nil after 1Y
ICICI Pru Equity Minimum Variance Fund-Reg(G),Vaibhav Dusad,EQ-THEM,5,74,0.76,Open Ended,06-Dec-24,NIFTY 50 - TRI,9.96,10.04,9.81,4.95,-9.07,2.77,12.88,13.22,7.99,5.31,9.85,31,251,684545,53.46,33.93,30.7,Automobile and Ancillaries,3.4,0.01,7.13,3.55,0.6,21.66,-0.05,16.88,Equity : Thematic,1% on or before 12M Nil after 12M
ICICI Pru Equity Savings Fund(G),Dharmesh Kakkad,HY-EQ,1,12436.9,0.97,Open Ended,05-Dec-14,NIFTY 50 Equity Savings Index,21.62,21.62,19.88,0.23,0.14,3.6,8.45,9.28,8.6,7.94,7.97,62,58,411936,71.23,1.82,0.7,Financials,1.99,1.25,7.05,3.7,1.98,4,0.21,2.18,Hybrid : Equity Oriented,Nil upto 10% of units and 0.25% for remaining units on or before 7D Nil after 7D
ICICI Pru Equity-Arbitrage Fund(G),Archana Nair,HY-ARB,3,24759.6,0.89,Open Ended,30-Dec-06,Nifty 50 Arbitrage,33.18,33.18,30.87,0.65,1.85,3.54,7.56,7.36,6.3,5.38,5.89,0,164,223116,54.06,13.25,3,Financials,0.15,0.14,6.84,3.58,3.36,7.76,-0.07,1,Hybrid : Arbitrage,0.25% on or before 1M Nil after 1M
ICICI Pru ESG Exclusionary Strategy Fund(G),Mittul Kalawadia,EQ-THEM,4,1528.7,2.14,Open Ended,09-Oct-20,NIFTY100 ESG - TRI,21.55,23.5,17.66,-0.32,-7.23,6,22.1,27.02,15.9,15.58,13.92,20,47,155574,62.81,6.07,23.79,Financials,2.46,7.16,7.3,13.56,1.37,2.11,0.77,12.75,Equity : Thematic,1% on or before 12M Nil after 12M
ICICI Pru Exports & Services Fund(G),Sankaran Naren,EQ-THEM,3,1450.5,2.26,Open Ended,30-Nov-05,BSE 500 - TRI,155.52,168.92,125.44,-0.61,-6.99,2.98,23.48,25.16,18.85,21.6,14.15,125,57,259641,73.27,9.73,9.88,Financials,4.3,0.98,7.29,14.11,1.52,2.3,0.79,11.91,Equity : Thematic,1% on or before 15D Nil after 15D
ICICI Pru Flexicap Fund(G),Rajat Chandak,EQ-FLEX,1,16857,1.7,Open Ended,19-Jul-21,BSE 500 - TRI,18.56,19.88,14.77,-0.6,-7.23,2.07,22.2,25.96,20.05,18.87,5.28,42,63,131687,66.26,10.37,21.98,Automobile and Ancillaries,5.12,0.9,7.27,13.08,1.3,2.05,0.83,13.24,Equity : Flexi Cap,1% on or before 12M Nil after 12M
ICICI Pru Floating Interest Fund(G),Ritesh Lunawat,DT-FL,4,8330.1,1.19,Open Ended,17-Nov-05,NIFTY Low Duration Debt Index,407.5,407.5,377.43,0.49,1.75,3.92,7.97,7.85,6.65,6.61,7.18,0,54,162708,56.42,19.15,33.29,Financials,5.63,1.11,7.94,3.75,6.88,16.97,0.05,0.57,Debt : Floater,Nil
ICICI Pru FMCG Fund(G),Priyanka Khandelwal,EQ-CONS,1,1728.5,2.17,Open Ended,31-Mar-99,NIFTY FMCG - TRI,477.53,554.32,440.95,-2.26,-12.73,-1.78,0.58,11.51,13.74,14,11.93,49,22,203387,76.27,7.49,10.37,FMCG,3.91,2.52,6.92,-4.51,-0.19,-0.33,0.42,12.54,Equity : Thematic - Consumption,1% on or before 15D NIL after 15D
ICICI Pru FMP-85-10Y-I(G),Darshil Dedhia,DT-FMP,4,440.6,2.36,Closed Ended,15-Mar-19,CRISIL Composite Bond Index,15.92,15.97,14.59,0.31,1.22,4.32,9.3,8.18,6.52,7.02,6.44,48,58,19551,85.44,6.93,9.43,Financials,5.19,0.11,7.36,4.13,3.66,7.01,0.29,1.36,Debt : FTP/FMP,Nil
ICICI Pru FMP-88-1226D-F(G),Darshil Dedhia,DT-FMP,2,128.8,0.4,Closed Ended,08-Dec-22,CRISIL Medium Duration Debt Index,11.53,11.53,10.71,0.63,1.6,3.83,7.66,7.21,6.29,6.61,7.47,30,50,211944,19.38,19.22,3.41,Financials,3.06,2.41,7.6,2.9,5.25,11.48,0.23,0.68,Debt : FTP/FMP,0.50% on or before 90D Nil after 90D
ICICI Pru FMP-88-1303D-S(G),Darshil Dedhia,DT-FMP,3,62,1.66,Closed Ended,14-Mar-23,CRISIL Medium Duration Debt Index,11.43,11.43,10.6,0.55,1.52,3.8,7.97,7.71,11.76,21.13,14.48,0,100,538945,67.23,7.86,27.3,Construction,9.28,4.24,7.91,3.3,5.78,13.07,0.18,0.67,Debt : FTP/FMP,Nil
ICICI Pru Focused Equity Fund(G),Vaibhav Dusad,EQ-LC,5,9944.7,1.74,Open Ended,28-May-09,BSE 500 - TRI,85.99,92.97,66.82,-0.94,-7.43,1.92,26.72,27.88,20.32,23.97,13.96,89,29,240132,77.6,14.37,1.78,Financials,0.48,0.2,7.03,16.68,1.62,2.58,0.83,12.92,Equity : Large Cap,1% on or before 1Y Nil after 1Y
ICICI Pru Gilt Fund(G),Manish Banthia,DT-GILT,4,6780.6,1.09,Open Ended,19-Aug-99,Nifty All Duration G-Sec Index,98.07,98.13,90.73,0.4,1.33,4.09,8.11,8.16,6.64,7.12,7.89,0,50,555837,6.43,10.91,13.91,Financials,6.55,3.72,6.9,1.86,2.67,4.39,0.72,1.5,Debt : Gilt,Nil
ICICI Pru Global Advantage Fund(FOF)(G),Sankaran Naren,FOF-OVR,4,326.5,1.34,Open Ended,07-Oct-19,S&P Global 1200,15.73,16.87,12.59,-0.14,-4.33,8.15,18.01,14.11,5.33,6.7,7.27,30,1,143043,49.09,15.53,14.17,Financials,1.19,3.21,7.06,12.75,1.03,1.64,0.6,14.01,FoFs : Overseas,1% on or before 1M Nil after 1M
ICICI Pru Global Stable Equity Fund(FOF)(G),Ritesh Lunawat,FOF-OVR,4,120.4,1.51,Open Ended,13-Sep-13,MSCI World,25.5,26.73,23.66,-2.89,-4.39,5.85,5.68,8.63,6.8,8.46,8.24,0,10,181706,34.16,60.57,22.84,Financials,0.01,3.63,7.38,0.1,0.24,0.39,0.77,9.62,FoFs : Overseas,1% on or before 1M Nil after 1M
ICICI Pru Gold ETF,Gaurav Chikane,GOLD-ETF,2,5724.6,0.5,Open Ended,24-Aug-10,Gold-India,66.56,68.89,53.59,-0.17,1.3,6.33,19.91,16.84,15.86,13.35,9.76,0,12,191813,35.72,17.92,8.72,Financials,0.11,3.81,7.58,16.03,1.22,1.83,-0.05,13,Gold : ETFs,Nil
ICICI Pru Housing Opp Fund-Reg(G),Anand Sharma,EQ-THEM,4,2482.1,2.04,Open Ended,18-Apr-22,Nifty Housing - TRI,16.6,17.79,14.06,-1.79,-6.59,-2.66,15.2,22.92,6.09,5.57,7.78,74,44,131154,58.66,9.33,21.55,Financials,4.24,3.83,7.23,6.83,0.78,1.11,0.95,14.93,Equity : Thematic,1% on or before 1M Nil after 1M
ICICI Pru Income Optimizer Fund(FOF)(G),Dharmesh Kakkad,FOF-DOM,2,270.8,1.09,Open Ended,18-Dec-03,CRISIL Composite Bond Index,60.32,60.48,53.61,0.24,-0.01,4.71,12.37,13.37,11.11,10.64,8.61,0,11,323008,46.35,27.2,15.33,Financials,0.23,1.63,7.27,6.83,2.39,4.14,0.42,3.38,FoFs : Domestic,1% on or before 12M Nil after 12M
ICICI Pru India Equity (FOF)(G),Dharmesh Kakkad,FOF-DOM,2,150,1.18,Open Ended,25-Feb-20,BSE 500 - TRI,29.43,31.52,23.72,-0.83,-5.88,2.57,23.66,28.72,20.81,16.08,9.76,0,64,190809,47.42,23.08,73.07,Financials,0.13,0.11,7.07,12.98,1.49,2.25,1.91,12.54,FoFs : Domestic,1% on or before 12M Nil after 12M
ICICI Pru India Opp Fund(G),Sankaran Naren,EQ-THEM,3,24786,1.62,Open Ended,15-Jan-19,NIFTY 500 - TRI,34.01,36.4,27.36,-1.09,-6.49,3.29,21.98,29.23,26.17,26.04,18.02,77,68,201451,60.69,16.4,13.77,Financials,15.45,3.68,6.96,13.18,1.52,2.38,0.72,11.08,Equity : Thematic,1% on or before 12M Nil after 12M
ICICI Pru Infrastructure Fund(G),Ihab Dalwai,EQ-INFRA,4,6989.6,1.87,Open Ended,31-Aug-05,BSE India Infrastructure Index - TRI,188.23,202.73,145.87,-1.44,-8.19,-2.28,27.42,35.85,33.96,29.69,16.24,58,61,99385,50.26,15.13,29.49,Infrastructure,1.75,0.4,8.03,17.29,1.27,1.77,1.05,17.85,Equity : Sectoral - Infrastructure,1% on or before 15D NIL after 15D
ICICI Pru Innovation Fund-Reg(G),Anish Tawakley,EQ-THEM,5,6408.1,1.81,Open Ended,28-Apr-23,NIFTY 500 - TRI,17.49,18.81,13.52,-0.34,-6.27,1.27,28.98,10.25,17.43,5.7,12.32,87,64,122404,64.99,13.27,8.97,Healthcare,3.98,2.91,7.6,19.1,1.87,2.91,0.73,12.19,Equity : Thematic,1% on or before 12M Nil after 12M
ICICI Pru Large & Mid Cap Fund(G),Ihab Dalwai,EQ-L&M,3,17694.5,1.7,Open Ended,09-Jul-98,NIFTY LargeMidcap 250 - TRI,943.23,1024.17,764.47,-1.58,-8.82,0.18,20.79,26.11,21.38,22.87,14.64,63,89,123789,46.9,37.26,10.94,Financials,0.11,2,7.07,12.2,1.27,1.87,0.82,12.89,Equity : Large & Mid Cap,1% on or before 1M Nil after 1M
ICICI Pru Liquid Fund(G),Darshil Dedhia,DT-LIQ,3,50756.3,0.29,Open Ended,17-Nov-05,CRISIL Liquid Debt Index,373.73,373.73,348.19,0.59,1.74,3.54,7.36,7.16,6.37,5.31,6.31,0,54,314088,1.16,9.81,30.56,Financials,0.11,0.1,7.08,0.76,9.6,5.59,1.24,0.08,Debt : Liquid,0.007% for Day 1 0.0065% on Day 2 0.0060% on Day 3 0.0055% on Day 4 0.0050% on Day 5 0.0045% on Day 6 NIL on or after 7D
ICICI Pru Long Term Bond Fund(G),Manish Banthia,DT-LD,1,1013.2,0.97,Open Ended,09-Jul-98,CRISIL Long Duration Debt Index,85.99,86.09,77.93,0.34,1.05,4.56,10.17,8.38,5.94,5.72,7.24,0,50,63999,37.72,27.2,1.53,Financials,10.08,6.83,7.1,2.87,3.13,5.57,0.99,1.86,Debt : Long Duration,Nil
ICICI Pru LT Wealth Enhancement Fund(G),Rajat Chandak,EQ-ELSS,5,42,1.39,Closed Ended,23-Mar-18,NIFTY 500 - TRI,28.74,30.65,22.14,-0.98,-6.6,4.01,27.32,26.74,22.7,19.83,6.27,13,24,219483,76.92,4.96,16.53,Retail and Other Services,4.01,9.57,6.88,17.46,1.68,2.79,0.8,12.78,Equity : Tax Saving (ELSS),1% on or before 365D Nil after 365D
ICICI Pru Manufacturing Fund(G),Anish Tawakley,EQ-THEM,3,6699.1,1.81,Open Ended,11-Oct-18,Nifty India Manufacturing - TRI,33.46,36.78,27.05,-2.77,-10.28,-8.34,21.6,34.61,25.1,26.05,3.05,36,87,101938,57.95,17.91,21.78,Automobile and Ancillaries,3.54,3.72,7.51,12.57,1.05,1.54,0.99,16.79,Equity : Thematic,1% on or before 1Y Nil after 1Y
ICICI Pru Medium Term Bond Fund(G),Manish Banthia,DT-MD,4,5928.5,1.35,Open Ended,15-Sep-04,NIFTY Medium Duration Debt Index,42.75,42.75,39.56,0.51,1.61,4.14,8.03,7.51,6.38,6.97,7.42,0,63,200663,9.83,15.41,45.11,Financials,4.38,3.28,8.16,2.52,4.39,8.25,0.46,0.89,Debt : Medium Duration,Nil upto 10% of units and 1% for Excess units on or before 1Y Nil after 1Y
ICICI Pru Midcap Fund(G),Lalit Kumar,EQ-MID,3,6368.5,1.88,Open Ended,28-Oct-04,Nifty Midcap 150 - TRI,287.36,303.96,224.27,-0.15,-6.12,-1.57,26.91,30.17,20.67,24.46,15.4,67,92,59072,19.73,61.82,15.92,Construction,6.12,0.94,7.62,17.29,1.26,1.84,0.97,17.58,Equity : Mid Cap,1% on or before 1Y Nil after 1Y
ICICI Pru MNC Fund(G),Roshan Chutkey,EQ-MNC,5,1743.6,2.12,Open Ended,17-Jun-19,NIFTY MNC - TRI,28.18,30.76,23.96,-0.39,-8.15,0.21,16.93,21.69,13.85,21.8,6.28,61,46,84802,46.65,21.38,23.7,FMCG,2.85,1.1,7,9.75,1.19,1.88,0.58,10.66,Equity : Thematic - MNC,1% on or before 12M Nil after 12M
ICICI Pru Money Market Fund(G),Manish Banthia,DT-MM,4,28736.3,0.32,Open Ended,08-Mar-06,Nifty Money Market Index,365.03,365.03,339.01,0.63,1.79,3.7,7.69,7.53,6.6,5.93,6.78,0,50,345701,62.52,13.35,24.65,Financials,0.3,0.28,7.27,3.55,11.1,23.08,0.03,0.33,Debt : Money Market,Nil
ICICI Pru Multi-Asset Fund(G),Sankaran Naren,HY-MULTI,4,50987.9,1.45,Open Ended,31-Oct-02,NIFTY 200 - TRI,694.53,730.56,593.98,-0.86,-4.38,1.83,16.42,20.22,19.1,20.08,14.06,30,86,248283,50.93,11.89,3.72,Financials,1.23,0.75,7.15,8.49,1.56,2.42,1.12,7.56,Hybrid : Multi Asset Allocation,Nil upto 30% of units and 1% for remaining units on or before 1Y Nil after 1Y
ICICI Pru Multicap Fund(G),Sankaran Naren,EQ-MLC,3,14193.2,1.74,Open Ended,01-Oct-94,Nifty500 Multicap 50:25:25 - TRI,774.4,833.72,632.57,-1.83,-7.61,1.25,20.59,28.42,20.14,20.63,14.69,86,128,97299,41.2,24.04,27.4,Financials,5.56,0.35,6.81,12.3,1.28,1.91,0.8,12.7,Equity : Multi Cap,1% on or before 12M Nil after 12M
ICICI Pru NASDAQ 100 Index Fund(G),Sharmila Dmello,EQ-INTL,3,1730,0.98,Open Ended,18-Oct-21,Nasdaq-100,15.45,16.06,11.66,1.94,7.18,9.6,28.51,40.41,13.63,5.76,12.38,13,101,146564,42.42,13.6,3.67,Financials,0.01,0.11,7.1,23.13,1.31,2.11,0.22,18.41,Equity : International,Nil
ICICI Pru Nifty 10 yr Benchmark G-Sec ETF,Darshil Dedhia,DT-GL10Y,1,559.9,0.14,Open Ended,13-Dec-22,Nifty 10 yr Benchmark G-Sec,242.39,243.02,221.49,0.41,1,4.66,9.27,8.32,8.78,34.89,18.43,0,77,71453,83.17,11.42,73.38,Financials,9.83,7.02,6.87,1.54,2.3,4.13,1.17,2.18,Debt : Gilt (10 Yr Constant Duration),1% on or before 15D Nil after 15D
ICICI Pru Nifty 100 ETF,Nishit Patel,EQ-ETF,3,105.2,0.48,Open Ended,20-Aug-13,NIFTY 100 - TRI,27.61,258.33,25.03,-1.86,-8.48,-2.05,12.76,17.44,13.06,15.8,12.31,10,100,437035,96.91,3.09,16.81,Financials,6.9,2.36,6.66,4.46,0.63,0.94,1.02,14.53,Equity : ETFs,Nil
ICICI Pru Nifty 100 Low Volatility 30 ETF,Nishit Patel,EQ-ETF,3,3419.1,0.41,Open Ended,04-Jul-17,Nifty100 Low Volatility 30 - TRI,21.37,196.79,19.02,-0.49,-10.07,0.61,12.09,22.45,15.02,18.22,15.19,43,30,323008,96.55,3.45,13.5,FMCG,4.61,1.28,7.12,4.96,0.72,1.24,0.7,11.44,Equity : ETFs,Nil
ICICI Pru Nifty 100 Low Volatility 30 ETF FOF(G),Nishit Patel,EQ-ETF,2,1370.7,0.54,Open Ended,12-Apr-21,Nifty100 Low Volatility 30 - TRI,17.59,19.5,15.19,-0.49,-10.32,0.47,11.55,21.72,14.27,17.93,5.28,483,100,555827,79.68,21.72,2.55,Financials,3.15,4.73,7.17,3.98,0.7,1.16,1.25,10.92,Equity : ETFs,Nil
ICICI Pru Nifty 200 Momentum 30 ETF,Nishit Patel,EQ-ETF,2,400.4,0.3,Open Ended,04-Aug-22,Nifty200 Momentum 30 - TRI,34.03,38.81,27.79,-4.19,-12.99,-7.66,20.51,31.37,1.95,16.61,7.43,92,30,199237,87.08,12.91,39.56,Automobile and Ancillaries,1.62,9.95,7.37,11.82,0.8,1.17,1.25,22.11,Equity : ETFs,0.25% on or before 15D Nil after 15D
ICICI Pru Nifty 200 Momentum 30 Index Fund-Reg(G),Nishit Patel,EQ-INDX,2,505.9,0.99,Open Ended,05-Aug-22,Nifty200 Momentum 30 - TRI,17.96,20.48,14.76,-4.02,-12.97,-7.87,19.7,30.19,22.4,13.35,5.96,89,30,199226,87.5,12.97,10.77,Automobile and Ancillaries,0.09,9.38,4.12,10.71,0.77,1.14,1.23,21.91,Equity : Index Funds,Nil
ICICI Pru Nifty 200 Quality 30 ETF,Nishit Patel,EQ-ETF,1,126.5,0.3,Open Ended,07-Aug-23,NIFTY200 Quality 30 - TRI,21.49,190.5,18.97,-2.08,-10.68,-0.01,13.9,26.25,5.83,5.8,18.19,54,30,210987,75.3,23.75,0.94,Technology,4.74,4.88,7.39,6.7,0.77,1.28,0.76,13.28,Equity : ETFs,Nil
ICICI Pru Nifty 5 yr Benchmark G-SEC ETF,Darshil Dedhia,DT-M&LD,4,80.9,0.2,Open Ended,07-Mar-22,Nifty 5 yr Benchmark G-Sec Index TRI,58.89,58.89,54.34,0.5,1.23,4.55,8.3,7.92,19.29,23.32,9.49,0,77,135296,54.23,1.25,19.9,Capital Goods,4.5,3.68,6.82,2.27,3.23,5.98,0.64,1.29,Debt : Medium to Long Duration,Nil
ICICI Pru Nifty 50 ETF,Nishit Patel,EQ-ETF,1,21527.6,0.03,Open Ended,20-Mar-13,NIFTY 50 - TRI,268.68,290.77,233.42,-1.61,-7.82,-1.23,10.42,16.52,12.94,15.71,12.37,13,50,555827,98.74,1.25,7.05,Financials,5.54,2.34,7.41,2.34,0.5,0.76,0.99,13.91,Equity : ETFs,Nil
ICICI Pru Nifty 50 Index Fund(G),Nishit Patel,EQ-INDX,4,11919.1,0.36,Open Ended,26-Feb-02,NIFTY 50 - TRI,241.67,261.8,210.63,-1.64,-7.91,-1.43,10.04,16.05,12.46,15.19,11.65,11,50,555842,98.65,1.24,15.85,Financials,0.45,0.01,7.36,1.61,0.47,0.73,1,13.97,Equity : Index Funds,Nil
ICICI Pru Nifty 500 Index Fund-Reg(G),Nishit Patel,EQ-INDX,2,5904.9,0.47,Open Ended,20-Dec-24,NIFTY 500 - TRI,10.21,10.21,10,0.25,1.28,1.25,20.59,7.41,25.81,6.85,7.52,54,1,556030,7.55,17.75,64.78,Technology,1.36,1.96,6.66,2.75,0.5,5.46,0.92,20.83,Equity : Index Funds,Nil
ICICI Pru Nifty Alpha Low - Volatility 30 ETF,Nishit Patel,EQ-ETF,1,1667.3,0.4,Open Ended,12-Aug-20,NIFTY Alpha Low-Volatility 30 - TRI,28.49,273.29,26.56,-1.84,-12.33,-2.78,17.32,28.16,16.58,4.81,6.77,46,30,256538,87,13,16.33,Automobile and Ancillaries,0.01,5.06,7.85,9,0.94,1.48,0.87,13.91,Equity : ETFs,Nil
ICICI Pru Nifty Alpha Low - Volatility 30 ETF FOF(G),Nishit Patel,FOF-DOM,5,864.6,0.53,Open Ended,20-Sep-21,NIFTY Alpha Low-Volatility 30 - TRI,15.34,17.47,12.97,-1.92,-12.38,-2.92,16.78,27.56,15.75,25.64,20.27,83,51,433477,62.8,22.47,11.56,Financials,5,11.99,7.41,8.67,0.99,1.63,1.38,12.86,FoFs : Domestic,Nil
ICICI Pru Nifty Auto ETF,Nishit Patel,EQ-ETF,5,114.4,0.2,Open Ended,12-Jan-22,NIFTY AUTO - TRI,24.52,211.83,20.49,-1,-14.58,-8.2,25.19,38.41,8.93,9.45,6.59,36,15,195419,86.02,12.41,1.55,Automobile and Ancillaries,9.88,5.69,7.09,15.72,1.09,1.8,0.98,18.61,Equity : ETFs,Nil for 10% of investment and 1% for remaining investment on or before 1Y Nil after 1Y
ICICI Pru Nifty Auto Index Fund-Reg(G),Nishit Patel,EQ-AUTO,4,134.8,0.91,Open Ended,11-Oct-22,NIFTY AUTO - TRI,18.96,21.84,14.51,-1.06,-14.7,-8.48,24.05,37.01,8.75,9.07,7.37,57,15,195442,86.23,12.44,1.56,Automobile and Ancillaries,20.87,2.77,7.03,14.49,1.04,1.72,0.98,18.62,Equity : Sectoral - Auto,Nil
ICICI Pru Nifty Bank ETF,Nishit Patel,EQ-ETF,5,2796.3,0.15,Open Ended,10-Jul-19,NIFTY BANK - TRI,52.46,55.3,45.28,-1.93,-3.56,-2.69,6.62,10.06,14.03,10.03,5.51,30,12,538946,86.42,13.58,32.05,Financials,5.55,1.73,5.27,-1.26,0.22,0.32,1.08,17.43,Equity : ETFs,Nil upto 10% of units and 1% for above the limits on or before 1Y Nil after 1Y
ICICI Pru Nifty Bank Index Fund-Reg(G),Nishit Patel,EQ-INDX,5,514.7,0.82,Open Ended,02-Mar-22,NIFTY BANK - TRI,14.47,15.28,12.55,-2,-3.75,-3.08,6.02,9.2,10.64,7.94,15.24,42,12,538950,86.28,13.55,14.72,Financials,0.01,3.33,7.36,-2.24,0.19,0.27,1.08,17.32,Equity : Index Funds,Nil
ICICI Pru Nifty Commodities ETF,Nishit Patel,EQ-THEM,2,41.4,0.3,Open Ended,15-Dec-22,NIFTY COMMODITIES - TRI,83.05,98.94,75.46,-4.85,-17.14,-12.37,5.73,17.43,5.89,6.76,12.36,117,31,212279,83.5,16.44,41.26,Energy,2.22,3.68,7.48,-1.99,0.18,0.26,1.27,21.57,Equity : Thematic,1% on or before 12M Nil after 12M
ICICI Pru Nifty Financial Services Ex-Bank ETF,Nishit Patel,EQ-ETF,1,90.3,0.2,Open Ended,25-Nov-22,Nifty Financial Services Ex-Bank - TRI,26.52,28.59,21.86,-0.05,-9.33,1.93,14.51,24.97,12.96,22.34,18.02,51,30,126945,67.26,27.2,5.52,Financials,1.62,0.47,7.18,6.73,0.6,0.9,1.1,19.73,Equity : ETFs,1% on or before 90D Nil after 90D
ICICI Pru Nifty FMCG ETF,Nishit Patel,EQ-ETF,1,436.2,0.2,Open Ended,05-Aug-21,NIFTY FMCG - TRI,60.58,596.17,56.23,-1.58,-12.66,0.12,1.19,15.82,17.11,24.79,6.44,20,15,276719,88.8,8.93,2.27,FMCG,6.02,1.06,6.93,-3.65,-0.1,-0.18,0.48,13.85,Equity : ETFs,Nil
ICICI Pru Nifty G-Sec Dec 2030 Index Fund-Reg(G),Darshil Dedhia,DT-M&LD,3,967.6,0.39,Open Ended,11-Oct-22,Nifty G-Sec Dec 2030 Index,11.97,11.98,10.99,0.63,1.38,4.5,8.73,8.23,21.02,19.48,10.11,0,32,31548,32.67,7.49,68.91,Technology,5.81,4.47,6.91,2.39,3.09,5.58,0.73,1.48,Debt : Medium to Long Duration,Nil
ICICI Pru Nifty Healthcare ETF,Nishit Patel,EQ-ETF,1,152,0.15,Open Ended,18-May-21,Nifty Healthcare Index - TRI,153.45,153.45,109.73,6.16,1.71,19.41,41.26,38.19,19.51,21.26,8.63,10,20,120190,55.01,39.6,5.39,Healthcare,2.36,1.08,7.52,30.09,2.23,4.16,0.46,14.44,Equity : ETFs,NIL
ICICI Pru Nifty India Consumption ETF,Nishit Patel,EQ-ETF,1,57.7,0.2,Open Ended,28-Oct-21,Nifty India Consumption - TRI,119.67,133.52,96.36,-0.19,-10.75,2.39,20.49,25.19,19.23,8.75,15.12,59,30,277644,92.14,7.86,5.1,FMCG,7.04,2.48,7.08,11.92,1.18,2.16,0.74,13,Equity : ETFs,Nil
ICICI Pru Nifty Infrastructure ETF,Nishit Patel,EQ-ETF,5,116.2,0.5,Open Ended,17-Aug-22,Nifty Infrastructure - TRI,88.21,99.15,74.36,-2.73,-11.06,-6.74,16.68,27.87,10.88,23.26,10.83,77,30,396688,87.99,11.95,5.65,Energy,0.12,2.27,7.04,7.71,0.68,0.96,1.26,20.05,Equity : ETFs,1% on or before 1M Nil after 1M
ICICI Pru Nifty IT ETF,Nishit Patel,EQ-ETF,4,505.3,0.2,Open Ended,17-Aug-20,NIFTY IT - TRI,47.59,49.37,34.46,0.5,2.73,18.37,23.61,26.24,6.45,5.81,7.48,64,10,429501,83.85,16.15,7.05,Technology,1.71,3.79,6.99,16.35,1.02,1.86,0.74,19.47,Equity : ETFs,1% on or before 1M Nil after 1M
ICICI Pru Nifty IT Index Fund-Reg(G),Nishit Patel,EQ-INDX,3,546.3,0.89,Open Ended,18-Aug-22,NIFTY IT - TRI,15.06,15.62,10.96,0.44,2.53,17.82,22.64,25.21,4.62,29.97,16.45,28,10,429500,83.75,16.13,19.51,Technology,3.06,4.8,6.78,15.3,0.98,1.78,0.75,19.52,Equity : Index Funds,Nil
ICICI Pru Nifty LargeMidcap 250 Index Fund-Reg(G),Nishit Patel,EQ-INDX,5,175.6,0.83,Open Ended,13-Mar-24,NIFTY LargeMidcap 250 - TRI,11.87,12.65,9.98,-0.17,-6.89,-0.7,19.26,23.88,17.75,4.71,14.95,14,251,158874,51.22,45.23,3.41,Financials,7.24,2.4,7.16,6.96,5.16,5.56,0.82,13.91,Equity : Index Funds,Nil
ICICI Pru Nifty Metal ETF,Nishit Patel,EQ-ETF,3,112.3,0.4,Open Ended,14-Aug-24,NIFTY METAL - TRI,8.74,10.22,8.62,-4.17,-15.31,-1.56,14.76,7.13,9.7,16.59,2.69,18,15,133461,72.06,23.47,4.41,Metals,1.66,2.23,7.61,0.68,0.61,1.51,0.86,0.62,Equity : ETFs,0.25% on or before 15D Nil after 15D
ICICI Pru Nifty Midcap 150 ETF,Nishit Patel,EQ-ETF,2,424.9,0.15,Open Ended,24-Jan-20,Nifty Midcap 150 - TRI,22.03,194.12,18.91,1.61,-5.02,1.22,24.18,34.39,23.48,4.75,7.54,31,151,58754,6.44,86.73,6.77,Financials,1.85,8.48,7.02,15.55,1.14,1.64,0.96,17.54,Equity : ETFs,1% on or before 3M Nil after 3M
ICICI Pru Nifty Midcap 150 Index Fund-Reg(G),Nishit Patel,EQ-INDX,4,585,0.95,Open Ended,22-Dec-21,Nifty Midcap 150 - TRI,18.71,19.65,14.83,1.52,-5.26,0.72,22.99,33,22.15,12.29,11.23,31,151,58761,6.41,86.31,6.74,Financials,23.46,12.13,7.38,14.26,1.09,1.57,0.95,17.49,Equity : Index Funds,Nil
ICICI Pru Nifty Next 50 ETF,Nishit Patel,EQ-ETF,1,1188.3,0.1,Open Ended,23-Aug-18,NIFTY NEXT 50 - TRI,71.95,80.86,55.16,-3.41,-11.52,-5.14,28.54,28.53,18.56,20.08,14.2,45,50,143042,88.22,11.76,1.37,Financials,0.01,2.88,6.99,18.24,1.17,1.69,1.14,20.15,Equity : ETFs,Nil
ICICI Pru Nifty Next 50 Index Fund(G),Nishit Patel,EQ-INDX,4,7010.4,0.66,Open Ended,25-Jun-10,NIFTY NEXT 50 - TRI,60.63,68.42,46.84,-3.69,-11.88,-5.68,27.51,27.65,17.74,19.1,13.77,40,50,143044,88.15,11.75,14.1,Financials,4.71,2.5,8.16,17.09,1.13,1.64,1.14,20.16,Equity : Index Funds,Nil
ICICI Pru Nifty Oil & Gas ETF,Nishit Patel,EQ-ETF,3,144.5,0.4,Open Ended,19-Jul-24,NIFTY OIL & GAS - TRI,10.96,13.54,10.5,-3.02,-16.84,2.47,25.36,21.69,6.38,5.18,14.92,3,15,282620,73.76,20.32,5.92,Energy,1.19,2.77,7.42,8.32,11.57,0.32,0.87,1.89,Equity : ETFs,Nil
ICICI Pru Nifty Pharma Index Fund-Reg(G),Nishit Patel,EQ-PHRM,3,81.3,0.93,Open Ended,14-Dec-22,NIFTY PHARMA - TRI,17.89,18.11,13.13,5.38,0.39,18.44,38.04,35.52,13.28,6.18,9.15,118,20,120906,62.24,29.09,8.94,Healthcare,4.7,4.86,7.12,27.67,2.05,3.85,0.46,14.64,Equity : Sectoral - Pharma,Nil
ICICI Pru Nifty Private Bank ETF,Nishit Patel,EQ-ETF,3,3125.9,0.15,Open Ended,09-Aug-19,Nifty Private Bank - TRI,25.32,248.18,23.09,-1.74,-5.99,-4.83,0.71,7.72,12.41,7.12,7.77,64,10,417377,83.31,13.6,3.08,Financials,2.36,3.56,3.14,-6.88,-0.12,-0.18,1.04,17.12,Equity : ETFs,Nil for 10% of investment and 1% for remaining investments on or before 3M Nil after 3M
ICICI Pru Nifty PSU Bank ETF,Nishit Patel,EQ-ETF,2,85.1,0.4,Open Ended,15-Mar-23,NIFTY PSU BANK - TRI,66.54,80.73,56.93,-3.96,-3.29,-10.6,14.14,7.28,13.02,24.29,11.34,111,12,188008,62.22,37.78,25.56,Financials,0.5,3.64,7.34,7.76,0.49,0.72,1.49,29.97,Equity : ETFs,3% on or before 1Y 2% after 1Y but on or before 2Y 1% after 2Y but on or before 3Y Nil after 3Y
ICICI Pru Nifty PSU Bond Plus SDL Sep 2027 40:60 Index Fund-Reg(G),Darshil Dedhia,DT-M&LD,2,8651.7,0.39,Open Ended,28-Sep-21,Nifty PSU Bond Plus SDL Sep 2027 40:60 Index,11.84,11.84,10.95,0.57,1.51,3.93,8.15,7.34,5.5,15.52,13.78,0,30,140082,64.97,6.91,70.97,Financials,2.63,2.29,7.21,3.18,5.41,12.17,0.27,0.74,Debt : Medium to Long Duration,Nil
ICICI Pru Nifty SDL Dec 2028 Index Fund-Reg(G),Darshil Dedhia,DT-M&LD,5,973.8,0.37,Open Ended,12-Oct-22,Nifty SDL Dec 2028 Index,11.93,11.95,10.97,0.42,1.35,4.31,8.61,7.92,20.3,4.89,18.03,0,12,179687,65.59,11.46,10.21,Financials,3.91,3.21,7.12,3.07,3.31,6.79,0.43,1.32,Debt : Medium to Long Duration,Nil
ICICI Pru Nifty SDL Sep 2026 Index Fund-Reg(G),Darshil Dedhia,DT-M&LD,2,266.6,0.39,Open Ended,21-Dec-22,Nifty SDL Sep 2026 Index,11.53,11.53,10.7,0.54,1.51,3.75,7.83,7.32,21.96,26.36,15.19,0,30,242567,57.5,14.74,73.87,Financials,1.6,1.45,7.03,3.2,5.85,13.81,0.17,0.63,Debt : Medium to Long Duration,Nil
ICICI Pru Nifty SDL Sep 2027 Index Fund-Reg(G),Darshil Dedhia,DT-M&LD,3,1790.7,0.35,Open Ended,24-Mar-22,Nifty SDL Sep 2027 Index,11.76,11.77,10.86,0.57,1.47,3.93,8.41,7.63,19.37,5.74,5.04,0,33,49317,87.08,18.96,32.91,Automobile and Ancillaries,2.66,2.34,7.08,3.3,4.6,10.02,0.29,0.91,Debt : Medium to Long Duration,Nil
ICICI Pru Nifty Smallcap 250 Index Fund(G),Nishit Patel,EQ-INDX,4,438.1,0.89,Open Ended,02-Nov-21,Nifty Smallcap 250 - TRI,18.1,18.77,13.62,0.99,-3.53,2.76,25.91,36.25,21.57,6.16,13.65,50,250,19549,98.61,7.99,91.81,Financials,1.61,10.79,7.02,17.16,1.1,1.56,0.96,20.01,Equity : Index Funds,Nil
ICICI Pru Nifty200 Value 30 ETF,Nishit Patel,EQ-ETF,5,6.7,0.3,Open Ended,17-Oct-24,Nifty200 Value 30 - TRI,12.63,13.79,12.35,-4.22,-6.67,8.54,22.82,18.54,13.61,9.85,7.16,0,31,144226,76.05,19.77,3.95,Energy,29.05,0.92,6.96,2.6,8.97,-0.08,0.48,18.35,Equity : ETFs,1% on or before 12M Nil after 12M
ICICI Pru Nifty200 Value 30 Index Fund-Reg(G),Nishit Patel,EQ-INDX,5,75,1,Open Ended,18-Oct-24,Nifty200 Value 30 - TRI,9.15,10,8.94,-4.28,1.51,-5.35,7.44,20.96,6.09,12.71,5.9,17.34,31,144249,76.23,19.81,3.96,Energy,11.74,2.81,7.01,15.3,1.21,1.54,0.7,11.84,Equity : Index Funds,Nil
ICICI Pru Nifty50 Equal Weight Index Fund-Reg(G),Nishit Patel,EQ-INDX,2,94.8,1,Open Ended,03-Oct-22,NIFTY50 Equal Weight - TRI,15.33,17.18,13.44,-1.63,-11.77,-3.2,9.75,20.3,5.91,11.02,20.24,45,50,290196,95.95,3.65,10.72,Financials,0.39,2.66,7.19,1.66,0.46,0.7,0.96,14.28,Equity : Index Funds,Nil
ICICI Pru Nifty50 Value 20 ETF,Nishit Patel,EQ-ETF,4,175.7,0.25,Open Ended,17-Jun-16,Nifty50 Value 20 - TRI,15.35,138,13.24,-1.86,-6.86,2.91,17.03,23.96,16.19,21.65,7.07,31,20,515690,98.32,1.63,91.94,Technology,3.07,1.3,7.3,8.92,0.93,1.51,0.94,14.34,Equity : ETFs,Nil
ICICI Pru Nifty50 Value 20 Index Fund-Reg(G),Nishit Patel,EQ-INDX,3,85.3,0.75,Open Ended,02-Feb-24,Nifty50 Value 20 - TRI,11.38,12.11,9.86,-1.89,-6.98,2.65,20.22,21.7,19.33,13.22,15.71,16,20,515766,98.15,1.63,1.53,Technology,0.14,7.02,7.08,9.17,7.38,1.08,1.04,13.94,Equity : Index Funds,Nil
ICICI Pru Overnight Fund(G),Nikhil Kabra,DT-ON,3,9891.5,0.16,Open Ended,15-Nov-18,CRISIL Liquid Overnight Index,1347.85,1347.85,1263.94,0.55,1.61,3.23,6.66,6.62,5.95,4.82,7.32,0,64,163053,51.29,7.99,3.08,Financials,0.01,0.09,6.69,0.3,10.96,2.19,0.99,0.03,Debt : Overnight,Nil
ICICI Pru Passive Multi-Asset FoF(G),Sankaran Naren,FOF-DOM,1,1111.5,0.62,Open Ended,14-Jan-22,CRISIL Hybrid 50+50 - Moderate Index,13.69,14.16,12.22,-1.03,-3.12,3.07,10.65,13.83,19.25,6.31,6.2,98,1,73172,35.81,1.24,14.16,Financials,0.61,0.83,10.88,4.54,1.2,2.06,0.81,5.63,FoFs : Domestic,1% on or before 12M Nil after 12M
ICICI Pru Passive Strategy Fund(FOF)(G),Sankaran Naren,FOF-DOM,2,174.6,0.42,Open Ended,18-Dec-03,NIFTY 200 - TRI,157.14,167.28,132.35,-0.38,-6.05,2.27,16.15,23.25,16.56,17.8,12.9,8,49,429503,65.15,3.21,15.25,Financials,1.78,0.27,7.08,6.58,1.1,1.75,1.83,10.89,FoFs : Domestic,1% on or before 15D Nil after 15D
ICICI Pru Pharma Healthcare & Diagnostics (P.H.D) Fund-(G),Dharmesh Kakkad,EQ-PHRM,4,5044.6,1.92,Open Ended,13-Jul-18,BSE Health Care - TRI,40.39,40.39,27.75,4.6,3.12,24.41,47.94,45.27,24.39,31.14,6.27,91,44,50940,36.72,23.31,37.25,Healthcare,7.12,0.05,7.2,34.78,2.95,5.52,0.46,12.56,Equity : Sectoral - Pharma,1% on or before 15D Nil after 15D
ICICI Pru PSU Equity Fund-Reg(G),Mittul Kalawadia,EQ-INDX,4,2296.8,2.01,Open Ended,12-Sep-22,BSE PSU - TRI,20.13,22.88,16.14,-4.69,-9.95,-5.42,23.66,38.14,20.69,5.6,5.51,76,35,200731,68.65,19.92,4.41,Energy,4.01,0.35,7.25,14.79,0.91,1.27,1.22,23.12,Equity : Index Funds,1% on or before 1M Nil after 1M
ICICI Pru Quant Fund(G),Roshan Chutkey,EQ-THEM,5,96.5,1.39,Open Ended,11-Dec-20,BSE 200 - TRI,22.04,23.55,18.26,-1.41,-7.43,1.07,18.4,22.96,15.23,5.2,11.93,102,55,184511,64.4,28.27,3.1,Financials,3,0.39,7.54,10.23,1.17,1.8,0.78,12.1,Equity : Thematic,1% on or before 3M Nil after 3M
ICICI Pru Regular Gold Savings Fund(FOF)(G),Manish Banthia,GOLD-MF,1,1359.6,0.39,Open Ended,11-Oct-11,Gold-India,24.16,25.05,19.54,0.01,1.24,6.02,19.66,16.68,15.51,13.06,9.78,0,30,83430,86.29,11.76,31.7,Financials,0.02,0.02,7.58,15.3,1.18,1.88,0.2,13.47,Gold : MFs,1% on or before 15D Nil after 15D
ICICI Pru Regular Savings Fund(G),Manish Banthia,HY-DT(CO),3,3201,1.66,Open Ended,30-Mar-04,NIFTY 50 Hybrid Composite Debt 15:85 Index,72.48,72.48,64.8,0.47,0,4.07,11.47,11.49,9.38,9.76,9.35,26,56,85863,11.51,3.21,7.51,Financials,3.5,2.14,7.89,5.47,2.47,3.93,0.62,2.96,Hybrid : Debt Oriented (Conservative),Nil on 30% of units within 1Y and 1% for more than 30% of units within 1Y Nil after 1Y
ICICI Pru Retirement Fund-Hybrid Aggressive Plan(G),Lalit Kumar,HY-SOL,3,720.4,2.3,Open Ended,27-Feb-19,CRISIL Hybrid 35+65 - Aggressive Index,24.61,25.79,20,-0.33,-5.1,-0.41,21.17,26.54,17.4,18.13,11.84,42,70,92479,48.33,19.21,15.35,Technology,3.62,2.29,7.58,10.08,1.11,1.59,2.27,15.07,Hybrid : Solution Oriented,Nil
ICICI Pru Retirement Fund-Hybrid Cons Plan(G),Lalit Kumar,HY-SOL,5,78,2.14,Open Ended,27-Feb-19,NIFTY 50 Hybrid Composite Debt 15:85 Index,16.58,16.66,15,0.31,-0.66,2.45,10.06,12.58,8.93,9.07,6.35,20,23,134205,17.2,5.61,1.9,Metals,4.24,2.4,7.61,4.03,1.32,1.98,0.66,4.56,Hybrid : Solution Oriented,Nil
ICICI Pru Retirement Fund-Pure Debt Plan(G),Darshil Dedhia,HY-SOL,1,112.7,2.17,Open Ended,27-Feb-19,NIFTY Composite Debt Index,14.48,14.48,13.51,0.39,1.33,3.69,7.21,6.62,5.34,5.76,9.83,0,67,182616,73.76,30.68,13.57,Financials,5.07,2.71,7.62,2.12,3.9,7.48,0.34,0.8,Hybrid : Solution Oriented,Nil
ICICI Pru Retirement Fund-Pure Equity Plan(G),Lalit Kumar,HY-SOL,4,1049.7,2.14,Open Ended,27-Feb-19,NIFTY 500 - TRI,30.48,32.06,24.25,-0.82,-5.79,0.4,23.7,31.18,20.9,23.38,6.48,43,75,92443,58.11,18.25,19.07,Technology,0.01,0.01,5.27,11.29,1.09,1.54,2.79,17.83,Hybrid : Solution Oriented,Nil
ICICI Pru Rural Opportunities Fund-Reg(G),Sankaran Naren,EQ-THEM,4,464,1.9,Open Ended,29-Jun-10,Nifty Rural - TRI,407.5,10.15,26.63,1.61,1.74,8.14,16.89,7.03,19.09,7.21,11.51,37.98,44,211944,41.19,10.95,8.97,Construction,6.75,2.8,7.11,2.24,5.81,1.22,0.86,0.81,Equity : Thematic,1% on or before 12M Nil after 12M
ICICI Pru Savings Fund(G),Nikhil Kabra,DT-LOWD,5,22970.7,0.53,Open Ended,27-Sep-02,NIFTY Low Duration Debt Index,522.35,522.35,484.05,0.59,1.83,3.84,7.93,7.78,6.68,6.46,7.32,0,45,684545,67.12,1.25,15.66,Financials,1.61,0.76,7.64,3.7,11.17,21.69,0.06,0.35,Debt : Low Duration,Nil
ICICI Pru Short Term Fund(G),Manish Banthia,DT-SD,5,19991.7,1.02,Open Ended,25-Oct-01,Nifty Short Duration Debt Index,57.55,57.55,53.4,0.5,1.64,3.91,7.79,7.58,6.6,6.82,7.46,0,195,556030,62.22,1.25,4.3,Healthcare,3.95,2.27,7.74,2.8,5.72,11.29,0.31,0.65,Debt : Short Duration,Nil
ICICI Pru Silver ETF,Gaurav Chikane,GOLD-ETF,2,4035.2,0.4,Open Ended,24-Jan-22,Silver,88.17,99.8,70.46,-3.79,-4.51,-2.12,15.99,9.81,17.88,27.84,6.68,51,251,38781,55.28,36.3,22.78,Financials,0.32,0.12,7.42,13.13,0.63,1.08,0.53,23.45,Gold : ETFs,Nil
ICICI Pru Silver ETF FOF(G),Manish Banthia,FOF-DOM,1,904.1,0.6,Open Ended,01-Feb-22,Silver,13.53,15.32,10.88,-3.51,-4.56,-2.25,15.35,11.32,6.17,5.3,7.66,0,60,99333,63.46,11.69,33.04,Financials,1.19,4.73,6.83,11.44,0.59,1.04,0.76,23.11,FoFs : Domestic,1% on or before 15D Nil after 15D
ICICI Pru Smallcap Fund(G),Anish Tawakley,EQ-SML,3,8374.5,1.79,Open Ended,18-Oct-07,Nifty Smallcap 250 - TRI,87.25,93.01,71.53,-1.32,-6.97,-2.62,15.42,26.66,19.42,27.13,15.81,71,107,18501,11.67,5.12,68.22,Automobile and Ancillaries,14.35,6.51,6.98,8.32,0.82,1.19,0.75,14.78,Equity : Small Cap,1% on or before 1Y NIL after 1Y
ICICI Pru Strategic Metal and Energy Equity FoF-Reg(G),Sharmila Dmello,FOF-OVR,4,100.8,1.54,Open Ended,02-Feb-22,NYSE Arca Gold Miners Index,14.03,15.98,12.24,-7.04,-5.88,-1.96,4.05,3.74,8.6,27.87,7.75,82,29,49620,0.86,1.24,13.5,Financials,23.48,0.01,7.26,-1.21,0.11,0.17,1.19,20.26,FoFs : Overseas,1% on or before 1Y Nil after 1Y
ICICI Pru Technology Fund(G),Vaibhav Dusad,EQ-TECH,4,13989.7,1.75,Open Ended,03-Mar-00,BSE TECk Index - TRI,214.05,225.87,163.44,0.2,0.01,14.88,25.63,26.54,7.18,29.62,18.19,41,74,141075,66.71,8.14,15.95,Technology,6.85,0.87,4.16,16.81,1.29,2.44,0.75,16.01,Equity : Sectoral - Technology,1% on or before 15D NIL after 15D
ICICI Pru Thematic Advantage Fund(FOF)(G),Sankaran Naren,FOF-DOM,3,2104.2,1.59,Open Ended,18-Dec-03,NIFTY 200 - TRI,213.97,221.67,173.34,0.39,-2.88,8.39,23.56,24.95,18.1,24.31,15.71,43,74,278194,44.3,17.7,28.86,Financials,0.13,1.06,7.57,14.19,1.85,2.99,1.32,9.83,FoFs : Domestic,1% on or before 1Y NIL After 1Y
ICICI Pru Transportation and Logistics Fund-Reg(G),Rajat Chandak,EQ-AUTO,3,3115.3,1.95,Open Ended,28-Oct-22,Nifty Transportation & Logistics - TRI,18.5,20.27,14.06,-0.39,-10.19,-2.55,26.82,37.34,13.72,12.26,7.68,50,38,103666,69.87,5.6,18.81,Automobile and Ancillaries,6.9,0.27,7.3,17.19,1.34,2.16,0.88,16.18,Equity : Sectoral - Auto,1% on or before 1M Nil after 1M
ICICI Pru Ultra Short Term Fund Fund(G),Manish Banthia,DT-USD,5,14550.9,0.8,Open Ended,03-May-11,NIFTY Ultra Short Duration Debt Index,26.69,26.69,24.85,0.62,1.75,3.55,7.44,7.18,6.31,5.88,7.1,0,9,120818,47.17,15.81,18.47,Financials,0.46,0.41,7.6,3.33,10.96,22.62,0.02,0.31,Debt : Ultra Short Duration,Nil
ICICI Pru US Bluechip Equity Fund(G),Ritesh Lunawat,EQ-INTL,5,3348.6,1.99,Open Ended,06-Jul-12,S&P 500 ,62.38,64.99,55.02,-3.53,-2.64,8.52,10.45,20.04,10.24,14.22,13.41,62,62,555826,59.45,20.08,6.5,Financials,4.99,2.48,6.92,6.7,0.59,0.97,0.09,11.94,Equity : International,1% on or before 1M Nil after 1M
ICICI Pru Value Discovery Fund(G),Sankaran Naren,EQ-VAL,4,48987.8,1.54,Open Ended,16-Aug-04,NIFTY 500 - TRI,440.01,479.11,365.55,-1.57,-6.95,2.47,20.34,25.69,22.04,25.23,15,57,59,376688,73.77,5.84,4.72,Financials,3.15,2.27,6.93,11.54,1.35,2.08,0.79,11.47,Equity : Value / Contra,1% on or before 12M Nil after 12M
Invesco India - Invesco EQQQ NASDAQ-100 ETF FoF-Reg(G),Herin Shah,FOF-OVR,1,426,0.4,Open Ended,21-Apr-22,Nasdaq-100 - TRI,16.86,17.41,12.68,2.49,8.04,9.42,29.98,41.22,24.41,4.63,14.47,54.12,44,277659,37.72,11.8,14.96,Financials,15.18,0.35,7.18,23.66,1.55,2.53,1.25,17.61,FoFs : Overseas,Nil
Invesco India - Invesco Global Consumer Trends FoF-Reg(G),Herin Shah,FOF-OVR,2,305.9,1.54,Open Ended,24-Dec-20,MSCI World Consumer Discretionary Index - Net Dividend,9.32,9.72,6.84,2.08,14.04,20.55,28.26,26.67,-0.4,4.88,5.78,0,1,155574,63.03,16.47,4.37,Financials,28.49,2.4,7.39,22.68,1.19,1.95,1.27,22.05,FoFs : Overseas,Nil upto 10% of units and 1% for above the limits on or before 1Y Nil after 1Y
Invesco India - Invesco Global Equity Income FoF-Reg(G),Herin Shah,FOF-OVR,2,25.6,1.4,Open Ended,05-May-14,MSCI World Index-Net Dividend,26.05,26.82,21.88,-2.07,-1.91,7.32,13.72,20.1,12.24,12.84,9.85,110,1,61761,98.83,16.45,3.17,Technology,35.07,2.32,7.39,5.44,0.88,1.46,1.99,12.65,FoFs : Overseas,Nil upto 10% of units and 1% for above the limits on or before 1Y Nil after 1Y
Invesco India - Invesco Pan European Equity FoF-Reg(G),Herin Shah,FOF-OVR,5,34.3,0.95,Open Ended,31-Jan-14,MSCI Europe Index (Total Return Net),15.49,17.52,15.12,-1.16,-10.1,-4.01,-5.08,6.51,4.85,6.25,5.13,61,1,19688,65.59,17.72,36.22,Metals,3.15,2.82,8.3,-13.78,-0.62,-0.97,1.68,14.38,FoFs : Overseas,Nil upto 10% of units and 1% for above the limits on or before 1Y Nil after 1Y
Invesco India Aggressive Hybrid Fund-Reg(G),Dhimant Kothari,HY-EQ,3,574,2.38,Open Ended,30-Jun-18,CRISIL Hybrid 35+65 - Aggressive Index,23,23.28,17.85,1.15,-1.12,6.13,26.39,25.47,16.11,15.57,7.17,68,58,91447,33.55,19.41,11.11,Financials,10.72,5.69,7.21,14.21,1.77,2.71,2.09,11.47,Hybrid : Equity Oriented,Nil upto 10% of units and 1% for above the limits on or before 1Y Nil after 1Y
Invesco India Arbitrage Fund(G),Deepak Gupta,HY-ARB,3,18251.9,1.06,Open Ended,30-Apr-07,Nifty 50 Arbitrage,30.87,30.87,28.72,0.66,1.85,3.51,7.56,7.47,6.69,5.54,5.92,1740,195,171606,46.16,20.4,7.05,Financials,0.51,0.43,7.02,3.6,3.35,7.81,-0.08,1.01,Hybrid : Arbitrage,0.50% on or before 15D Nil after 15D
Invesco India Balanced Advantage Fund(G),Dhimant Kothari,HY-DYN,2,926,2.16,Open Ended,04-Oct-07,NIFTY 50 Hybrid Composite Debt 50:50 Index,53.86,54.39,45.63,0.55,-0.69,4.77,16.26,18.54,13.57,12.26,10.02,248,44,209088,55.02,9.98,4.15,Financials,1.6,1.3,6.88,7.16,1.36,2,1.48,8.48,Hybrid : Dynamic Asset Allocation,Nil upto 10% of units and 0.25% for above the limits on or before 3M Nil after 3M
Invesco India Banking and PSU Fund(G),Vikas Garg,DT-B&PSU,3,99.9,0.63,Open Ended,29-Dec-12,NIFTY Banking and PSU Debt Index,2169.34,2169.34,2003.26,0.53,1.33,4.01,8.18,7.32,5.07,5.59,6.38,0,16,203178,41.58,19.42,19.08,FMCG,5.56,3.9,7.24,2.72,4.3,8.31,0.46,0.95,Debt : Banking & PSU,NIL
Invesco India Contra Fund(G),Taher Badshah,EQ-VAL,3,18018.8,1.64,Open Ended,11-Apr-07,BSE 500 - TRI,136.45,142.97,102.35,0.24,-4.7,6.81,30.51,30.28,20.93,22.34,16.32,74,69,120818,55,23.67,16.29,Financials,0.47,0.83,6.69,19.5,1.57,2.3,0.98,15.57,Equity : Value / Contra,Nil upto 10% of units and 1% for above the limits on or before 1Y Nil after 1Y
Invesco India Corporate Bond Fund(G),Vikas Garg,DT-CORP,3,5720.9,0.68,Open Ended,02-Aug-07,NIFTY Corporate Bond Index,3036.75,3036.78,2809.98,0.49,1.35,4.08,8.04,7.35,5.84,6.16,6.67,0,84,19551,49.09,58.28,8.75,Financials,5.25,3.83,7.38,2.72,4.82,9.23,0.41,0.82,Debt : Corporate Bond,Nil
Invesco India Credit Risk Fund(G),Vikas Garg,DT-CR,3,142,1.45,Open Ended,04-Sep-14,NIFTY Credit Risk Bond Index,1815.24,1815.81,1693.14,0.45,1.17,3.53,7.21,9.38,6.95,6.29,5.74,0,1,132,6.44,3.96,1.53,Textile,4.85,3.41,7.57,1.92,3.75,7.28,0.41,0.84,Debt : Credit Risk,4% on or before 1Y Nil after 1Y
Invesco India ELSS Tax Saver Fund(G),Amit Nigam,EQ-ELSS,3,2954.4,1.91,Open Ended,29-Dec-06,BSE 500 - TRI,130.88,133.18,101.66,1.19,-2.26,5.73,26.18,28.98,15.58,19.37,14.47,101,60,92429,45.35,28.46,24.09,Financials,5.2,2.03,6.58,16.23,1.43,2.09,0.88,14.44,Equity : Tax Saving (ELSS),Nil
Invesco India Equity Savings Fund-Reg(G),Dhimant Kothari,HY-EQ,1,353.9,2.3,Open Ended,07-Mar-19,NIFTY 50 Equity Savings Index,16.89,16.89,14.41,1.19,0.19,4.69,16.65,16.34,10.07,9.66,12.37,483,74,183222,47.79,10.13,9.03,Financials,3.02,2.27,7.09,9.55,2.24,3.5,0.77,5.28,Hybrid : Equity Oriented,0.25% on or before 1M Nil after 1M
Invesco India ESG Integration Strategy Fund-Reg(G),Taher Badshah,EQ-THEM,3,519.9,2.42,Open Ended,20-Mar-21,NIFTY100 ESG - TRI,18.3,18.89,14.53,-0.33,-3.37,5.07,21.16,23.71,11.11,29.71,14.59,56,37,162708,63.44,18.02,17.45,Financials,8.16,2.81,7.28,12.4,1.18,1.8,0.9,14.4,Equity : Thematic,Nil upto 10% of units and 1% for remaining units on or before 1Y Nil after 1Y
Invesco India Financial Services Fund(G),Hiten Jain,EQ-FIN,2,1110.4,2.2,Open Ended,14-Jul-08,Nifty Financial Services - TRI,129.02,134.12,104.29,-0.83,-2.03,3.82,20.36,23.74,20.12,14.89,14.24,23,31,183889,56.28,20.88,21.43,Financials,0.01,2.55,6.92,11.29,0.98,1.4,1.01,16.79,Equity : Sectoral - Financial Services,Nil upto 10% of units and 1% for above the limits on or before 1Y Nil after 1Y
Invesco India Flexi Cap Fund-Reg(G),Amit Ganatra,EQ-FLEX,5,2415.3,1.97,Open Ended,14-Feb-22,BSE 500 - TRI,19.24,19.5,14,2.15,-0.42,9.07,35.42,34.86,10.03,5.94,14.95,80,65,91730,47.33,28.46,19.92,Financials,9.88,3.66,7.23,23.21,1.87,2.84,0.9,14.83,Equity : Flexi Cap,Nil upto 10% of units and 1% for remaining units on or before 1Y Nil after 1Y
Invesco India Focused Fund-Reg(G),Taher Badshah,EQ-FLEX,1,3443.2,1.9,Open Ended,29-Sep-20,BSE 500 - TRI,29.24,29.65,20.14,2.83,0.59,10.79,44.51,39.51,21.27,7.12,4.89,47,20,173831,52.09,24.51,17.05,Financials,9.19,4.72,7.59,30.32,2.11,3.26,0.91,16.53,Equity : Flexi Cap,Nil upto 10% of units and 1% for remaining units on or before 1Y Nil after 1Y
Invesco India Gilt Fund(G),Vikas Garg,DT-GILT,4,1354.7,1.25,Open Ended,09-Feb-08,Nifty All Duration G-Sec Index,2731.04,2744.54,2478.32,0.19,-0.31,3.46,9.95,8.14,6.18,5.38,6.46,0,62,79259,46.16,6.42,68.22,Financials,28.45,11.05,7.09,0.81,1.84,3.21,1.6,3.03,Debt : Gilt,Nil
Invesco India Gold ETF,Herin Shah,GOLD-ETF,2,144.4,0.55,Open Ended,19-Mar-10,Gold-India,6785.26,7003.46,5457.02,-0.57,0.55,5.91,19.49,17.07,16.03,13.62,9.93,2,20,127193,69.09,20.3,14.04,Energy,1.44,0.9,7.62,15.88,1.11,1.69,-0.21,13.69,Gold : ETFs,Nil
Invesco India Gold ETF FoF(G),Herin Shah,GOLD-MF,4,99.8,0.45,Open Ended,05-Dec-11,Gold-India,22.11,22.98,17.87,-0.06,1.03,5.36,19.14,16.56,15.62,13.07,9.69,129,64,538968,55.35,63.41,5.47,Financials,0.01,0.9,6.64,13.63,1.06,1.76,0.46,14.2,Gold : MFs,Nil
Invesco India Infrastructure Fund(G),Amit Nigam,EQ-INFRA,4,1609.3,2.08,Open Ended,24-Oct-07,BSE India Infrastructure Index - TRI,65.82,69.53,48.6,0.03,-5.02,-3.45,33.45,42.05,27.73,29.97,17.07,49,44,61761,32.9,30.45,34.59,Capital Goods,3.15,0.01,7.35,22.43,1.31,1.82,1.11,21.41,Equity : Sectoral - Infrastructure,Nil upto 10% of units and 1% for above the limits on or before 1Y Nil after 1Y
Invesco India Large & Mid Cap Fund(G),Aditya Khemani,EQ-L&M,2,6340.1,1.81,Open Ended,09-Aug-07,NIFTY LargeMidcap 250 - TRI,97.68,99.95,69.69,2.65,-1.71,8.1,37.98,35.24,22.28,21.67,15.94,83,47,62881,32.93,45.57,18.07,Financials,22.09,2.73,7.06,25.3,1.9,2.95,0.91,15.69,Equity : Large & Mid Cap,Nil upto 10% of units and 1% for above the limits on or before 1Y Nil after 1Y
Invesco India Largecap Fund(G),Amit Nigam,EQ-LC,3,1316.6,2.09,Open Ended,21-Aug-09,NIFTY 100 - TRI,68.63,72.12,55.35,-0.72,-5.3,1.46,20.57,24.81,14.91,17.86,13.11,83,49,255989,78.21,11.33,8.8,Financials,1.35,0.02,7.55,11.14,1.09,1.6,0.96,14.64,Equity : Large Cap,Nil 
Invesco India Liquid Fund(G),Krishna Cheemalapati,DT-LIQ,2,14857.6,0.22,Open Ended,17-Nov-06,Nifty Liquid Fund Index,3469.47,3469.47,3231.87,0.59,1.75,3.56,7.37,7.17,6.4,5.29,6.3,0,63,304534,57.64,15.43,9.52,Financials,0.14,0.14,7.07,0.76,10.57,5.62,0.9,0.07,Debt : Liquid,0.007% for Day 1 0.0065% on Day 2 0.0060% on Day 3 0.0055% on Day 4 0.0050% on Day 5 0.0045% on Day 6 NIL on or after 7D
Invesco India Low Duration Fund(G),Krishna Cheemalapati,DT-LOWD,4,1493.1,0.6,Open Ended,18-Jan-07,NIFTY Low Duration Debt Index,3640.88,3640.88,3385.89,0.62,1.75,3.66,7.56,7.19,6.13,5.77,6.79,0,29,29955,2.98,16.75,22.76,Financials,0.99,0.87,7.51,3.25,9.98,20.11,0.09,0.35,Debt : Low Duration,Nil
Invesco India Manufacturing Fund-Reg(G),Amit Ganatra,EQ-THEM,4,827.5,2.26,Open Ended,14-Aug-24,Nifty India Manufacturing - TRI,10.79,10.79,9.86,3.68,0.56,3.78,7.82,27.97,21.8,18.81,6.26,43.19,60,52458,28.05,38.99,30.61,Healthcare,5.26,0.02,7.46,29.48,5.18,21.47,0.75,0.57,Equity : Thematic,0.50% on or before 3M Nil after 3M
Invesco India Medium Duration Fund-Reg(G),Vikas Garg,DT-MD,5,229.4,1.15,Open Ended,16-Jul-21,NIFTY Medium Duration Debt Index,1185.21,1185.32,1098.27,0.43,1.16,3.8,7.84,6.96,5.16,5.31,7.21,0,31,112834,74.6,30.76,3.92,Technology,5.24,3.76,7.25,2.07,3.56,7.03,0.54,1.04,Debt : Medium Duration,NIL
Invesco India Midcap Fund(G),Aditya Khemani,EQ-MID,3,5862.7,1.81,Open Ended,19-Apr-07,BSE 150 MidCap - TRI,175.23,177.14,120.72,3.51,0.35,10.91,43.76,39.09,25.08,28.17,18.03,63,53,48446,14.92,57.6,26.44,Financials,6.87,3.84,6.77,29.86,2.06,3.24,0.85,16.59,Equity : Mid Cap,Nil upto 10% of units and 1% for above the limits on or before 1Y Nil after 1Y
Invesco India Money Market Fund(G),Krishna Cheemalapati,DT-MM,2,5747.9,0.48,Open Ended,28-Aug-09,Nifty Money Market Index,2934.19,2934.19,2731.35,0.61,1.71,3.55,7.45,7.22,6.11,5.52,6.52,0,70,122627,49.09,0.72,33.04,Financials,0.5,0.5,7.33,3.33,10.04,21.71,0.03,0.34,Debt : Money Market,Nil
Invesco India Multi Asset Allocation Fund-Reg(G),Taher Badshah,HY-MULTI,4,3062,0.29,Open Ended,17-Dec-24,NIFTY 200 - TRI,9.94,10,9.82,-0.34,-5.86,9.7,7.93,40.23,16.88,6.03,11.18,69.46,36,71717,73.76,19.05,37.97,Capital Goods,4.22,0.52,6.66,6,0.4,1.42,0.52,29.97,Hybrid : Multi Asset Allocation,Nil upto 10% of units and 1% for remaining units on or before 1Y Nil after 1Y
Invesco India Multicap Fund(G),Dhimant Kothari,EQ-MLC,4,3897.1,1.89,Open Ended,17-Mar-08,Nifty500 Multicap 50:25:25 - TRI,138.12,141.66,103.66,1.92,-1.67,8.71,30.58,31.4,19.37,23.07,14.97,119,65,50205,31.88,30.76,32.05,Financials,2.3,3.68,7.3,19.76,1.55,2.31,0.89,15.68,Equity : Multi Cap,Nil upto 10% of units and 1% for above the limits on or before 1Y Nil after 1Y
Invesco India Nifty 50 ETF,Kuber Mannadi,EQ-ETF,5,90.1,0.1,Open Ended,16-Jun-11,NIFTY 50 - TRI,2721.7,2946.04,2366.47,-1.62,-7.84,-1.28,10.32,16.42,12.85,15.62,12.28,1,50,555827,98.72,1.25,66.15,Financials,10.46,1.28,7.01,1.89,0.5,0.75,1,13.96,Equity : ETFs,Nil
Invesco India Nifty G-sec Jul 2027 Index Fund-Reg(G),Krishna Cheemalapati,DT-MD,1,68.5,0.29,Open Ended,20-Mar-23,Nifty G-sec Jul 2027 Index,1138.95,1139.14,1057.31,0.51,1.47,3.91,7.74,7.15,5.84,15.59,14.17,0,120,256524,36.07,19.26,74.9,Financials,2.48,2.17,6.79,2.65,4.81,10.12,0.34,0.76,Debt : Medium Duration,0.25% on or before 30D Nil after 30D
Invesco India Nifty G-sec Sep 2032 Index Fund-Reg(G),Krishna Cheemalapati,DT-LD,1,45.6,0.29,Open Ended,29-Mar-23,Nifty G-Sec Sep 2032 Index,1157.78,1157.78,1056.95,0.57,1,4.76,9.36,15.8,6.21,21.4,6.55,0,59,61343,86.42,13.62,1.37,Financials,7.23,5.49,6.93,2.27,2.87,5.14,0.96,1.79,Debt : Long Duration,0.25% on or before 30D Nil after 30D
Invesco India Overnight Fund-Reg(G),Krishna Cheemalapati,DT-ON,1,686,0.12,Open Ended,08-Jan-20,Nifty 1D Rate Index,1266.99,1266.99,1187.89,0.55,1.61,3.26,6.68,6.64,5.97,22.31,7.46,0,22,210993,70.97,6.28,32.02,Financials,0.01,0.01,6.73,0.3,20.6,2.28,0.99,0.02,Debt : Overnight,Nil
Invesco India PSU Equity Fund(G),Dhimant Kothari,EQ-THEM,1,1344.9,2.13,Open Ended,18-Nov-09,BSE PSU - TRI,60.73,70.92,48.15,-4.36,-10.37,-10.99,25,39.47,33.16,26.36,16.13,58,24,125647,59.73,27.77,8.28,Energy,5.26,9.57,7.83,16.15,0.85,1.18,1.38,27.12,Equity : Thematic,Nil upto 10% of units and 1% for above the limits on or before 1Y Nil after 1Y
Invesco India Short Duration Fund(G),Vikas Garg,DT-SD,3,485.3,1.05,Open Ended,24-Mar-07,Nifty Short Duration Debt Index,3411.68,3411.68,3162.07,0.5,1.39,3.81,7.87,7.04,5.53,5.69,6.46,0,68,142998,85.1,23.89,32.7,Technology,3.4,2.68,7.41,2.72,4.58,10.76,0.36,0.83,Debt : Short Duration,Nil
Invesco India Smallcap Fund-Reg(G),Taher Badshah,EQ-SML,2,5842.2,1.79,Open Ended,30-Oct-18,BSE 250 Small Cap - TRI,43.59,44.26,30.1,2.92,1.5,11.77,38.39,41.02,25.81,31.66,9.8,32,81,24607,2.67,27.46,64.78,Financials,0.01,2.4,6.8,26.64,1.74,2.55,0.84,17.71,Equity : Small Cap,Nil upto 10% of units and 1% for above the limits on or before 1Y Nil after 1Y
Invesco India Technology Fund-Reg(G),Hiten Jain,EQ-TECH,1,322.8,2.4,Open Ended,23-Sep-24,NIFTY IT - TRI,10.73,10.88,9.59,4.44,5.38,-2.72,8.15,7.79,12.5,21.8,13.93,0,22,148691,44.28,39.81,13.39,Technology,0.69,0.04,7.78,11.29,1.64,1.53,1.13,13.96,Equity : Sectoral - Technology,0.50% on or before 3M Nil after 3M
Invesco India Ultra Short Duration Fund(G),Krishna Cheemalapati,DT-USD,2,1763.8,0.79,Open Ended,30-Dec-10,NIFTY Ultra Short Duration Debt Index,2600.38,2600.38,2420.75,0.61,1.72,3.49,7.45,7.03,6.06,5.25,6.55,0,62,555814,45.8,12.22,16.29,Financials,0.45,0.42,7.37,3.3,9.21,23.21,0.03,0.37,Debt : Ultra Short Duration,Nil
ITI Arbitrage Fund-Reg(G),Rajesh Bhatia,HY-ARB,1,37.5,0.93,Open Ended,09-Sep-19,Nifty 50 Arbitrage,12.52,12.52,11.68,0.63,1.66,3.23,7.22,6.82,5.33,4.27,9.81,25,31,249725,61.89,9.67,1.62,Financials,3.54,1.38,4.99,3.33,2.79,6.13,-0.09,1.09,Hybrid : Arbitrage,0.25% on or before 30D NIL after 30D
ITI Balanced Advantage Fund-Reg(G),Rajesh Bhatia,HY-DYN,3,388.4,2.37,Open Ended,31-Dec-19,NIFTY 50 Hybrid Composite Debt 50:50 Index,14.34,14.62,12.51,-0.07,-2.45,2.98,13.67,15.78,9.19,7.46,12.39,711,37,321584,56.66,4.38,4.38,Financials,0.05,0.04,6.73,3.55,0.9,1.19,2.07,10.72,Hybrid : Dynamic Asset Allocation,Nil upto 10% of units and 1% for remaining units on or before 3M Nil after 3M
ITI Banking & Financial Services Fund-Reg(G),Nilay Dalal,EQ-FIN,5,271.8,2.34,Open Ended,06-Dec-21,Nifty Financial Services - TRI,13.7,14.5,12.17,-1.25,-5.03,-2.27,7.25,11.47,10.88,12.22,15.83,150,32,284050,71.01,13.95,10.09,Financials,0.2,0.19,3.51,-1.01,0.26,0.37,1.08,17,Equity : Sectoral - Financial Services,1% on or before 12M Nil after 12M
ITI Banking & PSU Debt Fund-Reg(G),Rajesh Bhatia,DT-B&PSU,1,30.2,0.7,Open Ended,22-Oct-20,CRISIL Banking and PSU Debt Index,12.51,12.51,11.62,0.53,1.47,3.65,7.62,6.92,6.03,15.88,6.35,0,101,64423,44.3,11.89,10.98,FMCG,1.98,1.47,7.09,2.34,4.44,8.9,0.39,0.79,Debt : Banking & PSU,Nil
ITI Dynamic Bond Fund-Reg(G),Rajesh Bhatia,DT-DYN,5,44.5,1.2,Open Ended,14-Jul-21,CRISIL Dynamic Bond Index,12.11,12.13,11.14,0.39,0.88,4.14,8.67,7.06,5.94,10.71,6.34,0,50,290199,14.27,2.75,22.84,Financials,6.76,4.82,6.71,1.08,2.04,3.49,1.12,2.17,Debt : Dynamic Bond,Nil
ITI ELSS Tax Saver Fund-Reg(G),Alok Ranjan,EQ-ELSS,2,398.6,2.31,Open Ended,18-Oct-19,NIFTY 500 - TRI,24.3,26.27,19.48,-0.95,-7.61,-1.01,23.15,29.87,20.19,17.91,12.25,126,61,70050,50.34,8.73,36.47,Financials,4.84,0.2,9.01,13.13,1.06,1.54,1.01,17.21,Equity : Tax Saving (ELSS),Nil
ITI Flexi Cap Fund-Reg(G),Dhimant Shah,EQ-FLEX,2,1287.6,2.05,Open Ended,17-Feb-23,NIFTY 500 - TRI,18.1,18.93,14.16,-0.66,-4.76,0.83,26.41,19.9,14.22,5.8,7.1,103,78,80542,43.19,15.39,37.97,Financials,3.88,2.81,7.04,16.28,1.21,1.71,1.03,17.68,Equity : Flexi Cap,1% on or before 12M Nil after 12M
ITI Focused Equity Fund-Reg(G),Dhimant Shah,EQ-FLEX,4,509,2.35,Open Ended,19-Jun-23,NIFTY 500 - TRI,14.89,15.54,11.77,-0.67,-4.27,1.9,24.62,19.15,20.59,15.6,5.89,96,30,145504,51.84,19.96,24.27,Financials,17.07,0.92,7.29,14.84,1.15,1.64,1.05,17.54,Equity : Flexi Cap,1% on or before 12M Nil after 12M
ITI Large & Mid Cap Fund-Reg(G),Alok Ranjan,EQ-L&M,3,828.8,2.2,Open Ended,11-Sep-24,NIFTY LargeMidcap 250 - TRI,9.91,10.29,9.38,-1.04,-3.86,3.02,8.32,7.15,6.14,4.88,11.93,28.1,62,95560,39.47,24.29,26.11,Financials,1.4,0.01,7.41,14.49,1.36,1.4,0.95,3.62,Equity : Large & Mid Cap,0.50% on or before 3M Nil after 3M
ITI Large Cap Fund-Reg(G),Alok Ranjan,EQ-LC,5,376.9,2.36,Open Ended,24-Dec-20,NIFTY 100 - TRI,17.7,18.8,15.1,-0.8,-5.96,-3.21,14.64,19.85,12.88,13.04,6.35,89,63,260069,79.57,4.29,15.59,Financials,5.54,3.2,7.74,5.95,0.68,0.94,1.09,16.8,Equity : Large Cap,1% on or before 3M Nil after 3M
ITI Liquid Fund-Reg(G),Rajesh Bhatia,DT-LIQ,3,51.5,0.25,Open Ended,24-Apr-19,CRISIL Liquid Debt Index,1316.18,1316.18,1230.94,0.57,1.69,3.4,6.94,6.78,6.07,4.88,15.81,0,98,87128,56.42,8.9,15.89,Financials,0.06,0.06,6.94,0.48,11.17,3.59,0.68,0.04,Debt : Liquid,0.007% for Day 1 0.0065% on Day 2 0.0060% on Day 3 0.0055% on Day 4 0.0050% on Day 5 0.0045% on Day 6 NIL on or after 7D
ITI Mid Cap Fund-Reg(G),Rohan Korde,EQ-MID,1,1133.4,2.09,Open Ended,05-Mar-21,Nifty Midcap 150 - TRI,21.49,22.79,16.33,0.78,-6.12,-1.59,30.17,36.07,23.64,17.8,12.13,132,77,52177,5.81,74.59,15.66,Financials,5.54,2.17,7.2,19.96,1.28,1.79,1.05,19.68,Equity : Mid Cap,1% on or before 12M Nil after 12M
ITI Multi-Cap Fund-Reg(G),Dhimant Shah,EQ-MLC,4,1381.8,2.02,Open Ended,15-May-19,Nifty500 Multicap 50:25:25 - TRI,23.92,25.39,19.57,0.35,-6.3,-1.69,20.57,29.84,20.28,15.91,6.58,99,82,80032,38.66,25.09,32.44,Financials,1.44,1.32,4.12,11.69,0.97,1.36,1.01,17.33,Equity : Multi Cap,1% on or before 3M Nil after 3M
ITI Overnight Fund-Reg(G),Rajesh Bhatia,DT-ON,4,17.4,0.18,Open Ended,24-Oct-19,CRISIL Liquid Overnight Index,1269.39,1269.39,1193.45,0.52,1.55,3.13,6.38,6.37,5.74,4.69,6.68,0,27,77293,14.85,8.36,0.37,Financials,0.01,0.01,6.69,0.13,8.2,0.92,1.2,0.01,Debt : Overnight,Nil
ITI Pharma & Healthcare Fund-Reg(G),Rohan Korde,EQ-PHRM,3,217.9,2.35,Open Ended,08-Nov-21,Nifty Healthcare Index - TRI,17.6,17.6,12.6,2.54,3.13,23.55,41.76,37.23,19.63,8.46,13.58,66,35,63266,28.86,31.46,34.94,Healthcare,4.61,0.29,7.33,30.21,2.51,4.52,0.47,12.99,Equity : Sectoral - Pharma,1% on or before 12M Nil after 12M
ITI Small Cap Fund-Reg(G),Dhimant Shah,EQ-SML,2,2438.9,1.94,Open Ended,17-Feb-20,Nifty Smallcap 250 - TRI,29.63,30.4,21.22,1.41,-0.09,4.38,34.52,43.09,25.39,7.94,5.78,143,83,26209,5.91,24.88,66.15,Financials,0.11,1.36,7.09,23.59,1.45,2.02,0.99,19.76,Equity : Small Cap,1% on or before 12M Nil after 12M
ITI Ultra Short Duration Fund-Reg(G),Rajesh Bhatia,DT-USD,1,199.7,0.96,Open Ended,05-May-21,CRISIL Ultra Short Term Debt Index,1196.39,1196.39,1122.86,0.55,1.58,3.21,6.56,6.42,5.54,17.12,6.55,0,37,59685,83.8,33.45,82.63,Financials,0.3,0.27,7.07,2.42,9.18,18.66,0.03,0.27,Debt : Ultra Short Duration,Nil
ITI Value Fund-Reg(G),Rohan Korde,EQ-VAL,1,311.4,2.35,Open Ended,14-Jun-21,NIFTY 500 - TRI,17.08,18.04,14.17,-0.33,-5.5,-3.07,18.46,27.75,20.05,9.24,6.91,136,67,80759,43.49,12.35,40,Financials,0.39,1.36,6.84,10,0.82,1.13,1.12,19.07,Equity : Value / Contra,1% on or before 3M Nil after 3M
JM Aggressive Hybrid Fund(G),Asit Bhandarkar,HY-EQ,3,719.7,2.28,Open Ended,01-Apr-95,CRISIL Hybrid 35+65 - Aggressive Index,124.89,130.54,98.52,0.14,-3.86,0.02,26.79,30.33,22.78,24.29,12.91,116.16,48,86278,36.67,7.53,30.7,Financials,0.05,3.83,7.46,16.43,1.66,2.53,1.74,13.02,Hybrid : Equity Oriented,1% on or before 60D Nil after 60D
JM Arbitrage Fund(G),Asit Bhandarkar,HY-ARB,3,177.8,1.06,Open Ended,18-Jul-06,Nifty 50 Arbitrage,31.65,31.65,29.55,0.61,1.77,3.26,7.08,6.9,5.93,4.6,5.28,1225.7,60,153449,50.35,15.78,6.98,Financials,0.14,2.97,6.82,3.25,2.88,6.4,-0.09,1.04,Hybrid : Arbitrage,0.50% on or before 30D
JM Dynamic Bond Fund-Reg(G),Killol Pandya,DT-DYN,1,44.2,0.97,Open Ended,25-Jun-03,CRISIL Dynamic Bond Index,39.61,39.7,36.63,0.26,0.61,3.96,8,7.08,5.98,5.66,6.67,0,72,556030,65.94,13.58,24.8,Financials,10.08,6.74,6.92,0.83,2.01,3.52,1,1.89,Debt : Dynamic Bond,Nil
JM ELSS Tax Saver Fund(G),Chaitanya Choksi,EQ-ELSS,2,183.5,2.39,Open Ended,31-Mar-08,BSE 500 - TRI,49.93,53.07,37.89,0.36,-6.2,1.17,29.6,30.97,20.08,21.82,15.87,112.19,61,75441,49.12,11.88,38.45,Financials,0.14,0.31,6.64,19.15,1.37,1.97,1.04,17.81,Equity : Tax Saving (ELSS),Nil
JM Flexicap Fund-Reg(G),Satish Ramanathan,EQ-FLEX,3,5012.2,1.81,Open Ended,23-Sep-08,BSE 500 - TRI,105.63,109.69,77.8,1.19,-4.13,0.76,33.49,37.3,26.77,24.61,17.3,119.56,64,93226,50.73,11.16,37.09,Financials,0.32,6.46,6.79,22.23,1.55,2.2,1.01,17.67,Equity : Flexi Cap,1% on or before 30D Nil after 30D
JM Focused Fund-Reg(G),Asit Bhandarkar,EQ-LC,5,211.9,2.38,Open Ended,05-Mar-08,BSE 500 - TRI,20.86,21.56,16.39,0.88,-3.3,2.38,24.49,29.46,21.59,17.21,13.58,208.13,28,140785,56.31,18.46,19.89,Financials,9.41,0.42,7.09,15.27,1.21,1.79,0.96,16.68,Equity : Large Cap,1% on or before 30D Nil after 30D
JM Large Cap Fund-Reg(G),Satish Ramanathan,EQ-LC,4,495.1,2.36,Open Ended,01-Apr-95,BSE 100 - TRI,155.68,168.7,132.07,-2.56,-8.22,-4.53,15.01,22.97,16.16,17.83,11.18,191,45,336939,86.5,5.13,5.72,Financials,28.49,3.21,6.64,6.5,0.72,1.02,1.07,16.58,Equity : Large Cap,1% on or before 30D Nil after 30D
JM Liquid Fund(G),Killol Pandya,DT-LIQ,2,3204.7,0.25,Open Ended,31-Dec-97,CRISIL Liquid Debt Index,68.91,68.91,64.27,0.57,1.72,3.5,7.23,7.09,6.34,5.25,6.3,0,205,223767,46.44,7.71,13.58,Financials,0.13,0.12,7.09,0.66,11.57,4.87,0.75,0.06,Debt : Liquid,0.007% for Day 1 0.0065% on Day 2 0.0060% on Day 3 0.0055% on Day 4 0.0050% on Day 5 0.0045% on Day 6 NIL on or after 7D
JM Low Duration Fund(G),Killol Pandya,DT-LOWD,4,231.2,0.73,Open Ended,27-Sep-06,CRISIL Low Duration Debt Index,35.66,35.66,33.24,0.59,1.7,3.61,7.31,6.94,5.99,9.24,6.28,0,29,102161,76.23,1.24,6.76,Financials,1.03,0.9,7.64,3.02,9.72,19.27,0.08,0.34,Debt : Low Duration,Nil
JM Medium to Long Duration Fund-Reg(G),Killol Pandya,DT-M&LD,3,27.5,1.09,Open Ended,01-Apr-95,CRISIL Medium to Long Term Debt Index,59.16,59.28,54.76,0.26,0.64,3.83,7.94,7.21,4.98,5.26,3.95,0,11,258506,99.28,8.12,24.65,Financials,9.41,6.35,6.91,0.76,1.98,3.46,1.01,1.9,Debt : Medium to Long Duration,Nil
JM Midcap Fund-Reg(G),Satish Ramanathan,EQ-MID,4,1696.3,2,Open Ended,21-Nov-22,Nifty Midcap 150 - TRI,19.9,20.86,14.46,2.15,-4.37,1.37,35.51,41.03,15.95,6.57,13.04,125.9,63,36051,3.71,64.61,31.12,Healthcare,6.9,0.87,6.66,24.52,1.58,2.27,0.92,18.49,Equity : Mid Cap,1% on or before 180D Nil after 180D
JM Overnight Fund-Reg(G),Killol Pandya,DT-ON,1,146.6,0.15,Open Ended,03-Dec-19,CRISIL Liquid Overnight Index,1272.03,1272.03,1193.74,0.55,1.6,3.21,6.58,6.58,5.92,4.84,12.76,0,18,538946,37.72,11.76,26.94,Technology,0.01,0.01,6.66,0.25,26.02,1.82,0.42,0.01,Debt : Overnight,Nil
JM Short Duration Fund-Reg(G),Killol Pandya,DT-SD,1,124,1.08,Open Ended,29-Aug-22,CRISIL Short Duration Debt Index,11.52,11.52,10.77,0.48,1.37,3.66,7.01,6.54,15.9,18.98,6.46,0,1,223121,98.28,13.23,22.7,Energy,2.91,2.4,7.38,2.09,4.72,9.51,0.29,0.63,Debt : Short Duration,Nil
JM Small Cap Fund-Reg(G),Asit Bhandarkar,EQ-SML,3,612.4,2.3,Open Ended,18-Jun-24,Nifty Smallcap 250 - TRI,10.75,11.06,9.79,1.45,-3.18,6.32,22.99,6.6,6.91,23.16,18.19,76,73,11196,85.94,5.33,89.61,Healthcare,6.12,0.65,6.19,1.39,0.17,1.65,0.71,7.3,Equity : Small Cap,1% on or before 180D Nil after 180D
JM Value Fund(G),Satish Ramanathan,EQ-VAL,3,1072.7,2.2,Open Ended,02-Jun-97,BSE 500 - TRI,102.29,110.82,81.29,-0.21,-7.29,-2.83,24.41,36.39,25.37,24.68,17.51,98.69,63,55418,39.55,11.74,47.93,Financials,0.1,1.38,7.28,15.65,1.13,1.61,1.01,18.3,Equity : Value / Contra,1% on or before 30D Nil after 30D
Kotak Balanced Advantage Fund-Reg(G),Rohit Tandon,HY-DYN,3,16958.8,1.66,Open Ended,03-Aug-18,NIFTY 50 Hybrid Composite Debt 50:50 Index,20.1,20.46,17.29,0.11,-2.04,3.49,14.67,15.67,11.65,12.21,6.63,265.22,99,246411,52.14,9.81,5.47,Financials,9.89,4.86,7.26,6.3,1.39,2.15,1.31,7.36,Hybrid : Dynamic Asset Allocation,Nil upto 8% of investment and 1% for remaining investment on or before 1Y Nil after 1Y
Kotak Banking & Financial Services Fund-Reg(G),Shibani Kurian,EQ-FIN,5,1031,2.19,Open Ended,27-Feb-23,Nifty Financial Services - TRI,14.4,15.16,12.03,-1.71,-4.21,-0.25,12.82,20.3,12.48,1.18,6.38,34.56,28,283727,71.3,12,10.85,Financials,2.55,2.4,7.33,4.13,0.55,0.79,1.11,17.7,Equity : Sectoral - Financial Services,0.50% on or before 30D Nil after 30D
Kotak Banking and PSU Debt Fund(G),Deepak Agrawal,DT-B&PSU,4,5678.6,0.75,Open Ended,29-Dec-98,CRISIL Banking and PSU Debt Index,62.58,62.58,57.95,0.49,1.41,4.05,7.98,7.35,6.1,6.49,7.47,0,30,188007,61.8,18.46,15.41,Financials,5.55,3.64,7.43,2.65,4.48,8.07,0.42,0.87,Debt : Banking & PSU,Nil
Kotak Bluechip Fund(G),Rohit Tandon,EQ-LC,4,9497.9,1.75,Open Ended,04-Feb-03,NIFTY 100 - TRI,558.24,596.44,463.8,-1.07,-6.72,-0.07,16.78,20.33,14.09,16.94,12.87,30.99,61,333191,83.76,7.9,4.76,Financials,28.66,1.8,6.87,7.91,0.93,1.4,0.95,13.73,Equity : Large Cap,Nil upto 10% of investment and 1% for remaining investment on or before 1Y Nil after 1Y
Kotak Bond Fund-Reg(G),Abhishek Bisen,DT-M&LD,3,2033.8,1.65,Open Ended,25-Nov-99,CRISIL Medium to Long Term Debt Index,73.71,73.81,67.99,0.35,0.54,3.74,8.22,7.43,5.49,6.12,6.59,0,42,142612,48.26,16.13,7.58,Financials,13.09,6.16,7.1,1.08,2.2,3.76,0.98,1.82,Debt : Medium to Long Duration,NIL
Kotak Bond Short Term Fund(G),Deepak Agrawal,DT-SD,4,16673,1.12,Open Ended,02-May-02,Nifty Short Duration Debt Index,49.92,49.92,46.34,0.47,1.4,3.93,7.71,7.07,5.7,6.03,6.91,0,1,77333,15.09,0.72,8.76,Healthcare,4.63,2.76,7.47,2.57,5.11,10.58,0.36,0.71,Debt : Short Duration,Nil
Kotak BSE Housing Index Fund-Reg(G),Devender Singhal,EQ-INDX,5,18.5,0.72,Open Ended,28-Aug-23,BSE Housing - TRI,14.31,15.04,11.34,1.61,-5.86,-4.75,19.75,31.3,6.73,7,15.88,54.12,24,86873,38.43,58.28,3.17,Construction,1.3,3.56,7.36,11.11,0.86,1.29,1.05,19.11,Equity : Index Funds,Nil
Kotak BSE PSU Index Fund-Reg(G),Devender Singhal,EQ-INDX,1,72.3,1.05,Open Ended,31-Jul-24,BSE PSU - TRI,8.45,10,8.23,-4.93,-11.15,2.67,12.05,6.58,5.97,12.35,6.86,8.39,59,193605,74.89,21.64,3.38,Energy,8.38,3.49,6.77,0.25,5.18,2.02,0.29,5.57,Equity : Index Funds,Nil
Kotak BSE Sensex ETF,Devender Singhal,EQ-ETF,5,27.3,0.18,Open Ended,06-Jun-08,BSE SENSEX - TRI,86.23,92.47,75.21,-1.65,-6.72,-0.89,9.64,15.43,12.2,14.97,12.13,13.6,30,684539,99.26,0.72,30.61,Financials,5.66,2.5,6.66,1.59,0.45,0.7,0.99,13.87,Equity : ETFs,NIL
Kotak Business Cycle Fund-Reg(G),Harish Bihani,EQ-THEM,1,2675.7,1.95,Open Ended,28-Sep-22,NIFTY 500 - TRI,16.04,16.63,12.11,0.85,-3.57,5.44,28.12,26.07,12.13,9.76,7.77,44.51,54,91696,47.42,22.36,28.86,Financials,1.61,2.74,7.83,18.04,1.65,2.49,0.84,13.56,Equity : Thematic,0.50% on or before 90D Nil after 90D
Kotak Consumption Fund-Reg(G),Devender Singhal,EQ-CONS,1,1110.5,2.15,Open Ended,16-Nov-23,Nifty India Consumption - TRI,13.78,14.92,10.24,0.13,-7.31,8.11,26.82,22.46,20.03,28.95,14.51,29.83,40,92368,58.62,4.74,33.78,FMCG,5.75,1.57,6.99,18.04,1.67,2.91,0.64,12.7,Equity : Thematic - Consumption,0.50% on or before 90D Nil after 90D
Kotak Corporate Bond Fund(G),Deepak Agrawal,DT-CORP,2,14332.8,0.67,Open Ended,21-Sep-07,NIFTY Corporate Bond Index,3604.56,3604.8,3330.23,0.49,1.45,4.2,8.25,7.54,6.24,6.39,7.43,0,151,47248,35.81,30.45,5.47,Financials,4.99,3.3,7.47,2.92,5.21,9.96,0.41,0.79,Debt : Corporate Bond,Nil
Kotak Credit Risk Fund(G),Deepak Agrawal,DT-CR,3,749.6,1.71,Open Ended,11-May-10,CRISIL Credit Risk Debt Index,28.09,28.15,26.24,0.21,1.17,2.67,7.08,6.81,4.82,5.24,6.73,0,32,121679,23.84,33.9,14.09,Financials,2.86,2.24,8.5,2.17,1.71,2.14,0.32,1.82,Debt : Credit Risk,Nil upto 6% of investment and 1% for remaining investment on or before 1Y Nil after 1Y
Kotak CRISIL-IBX AAA Financial Services Index - Sep 2027 Fund-Reg(G),Abhishek Bisen,DT-M&LD,4,409.4,0.4,Open Ended,13-Sep-24,CRISIL IBX AAA Financial Services Index - Sep 2027,10.25,10.25,10,0.62,1.92,-2.08,25.85,28.29,26.21,16.02,9.68,0,30,198393,88.16,13.58,3.5,Technology,2.5,2.11,7.77,3.6,5.3,7.45,0.48,1.66,Debt : Medium to Long Duration,0.25% on or before 30D Nil after 30D
Kotak Debt Hybrid Fund(G),Shibani Kurian,HY-DT(CO),5,3034.6,1.66,Open Ended,02-Dec-03,CRISIL Hybrid 85+15 - Conservative Index,56.88,57.59,50.84,-0.01,-1.52,3.31,11.3,12.74,9.9,11.26,9.53,0,45,160082,18.31,1.84,3.85,Financials,14.9,7.01,7.2,3.18,1.47,2.16,1.38,4.95,Hybrid : Debt Oriented (Conservative),Nil upto 8% of investments and 1% for remaining investments on or before 6M Nil after 6M
Kotak Dynamic Bond Fund-Reg(G),Deepak Agrawal,DT-DYN,4,3013.9,1.33,Open Ended,28-May-08,NIFTY Composite Debt Index,35.96,36.07,32.91,0.25,-0.01,3.91,9.21,7.82,6.03,6.53,7.73,0,16,290186,88.29,23.25,36.32,Financials,18.83,8.69,7.19,1.61,2.14,3.54,1.15,2.36,Debt : Dynamic Bond,Nil
Kotak ELSS Tax Saver Fund(G),Harsha Upadhyaya,EQ-ELSS,3,6232.3,1.76,Open Ended,23-Nov-05,NIFTY 500 - TRI,116.92,123.71,93.38,-0.3,-5.64,-0.6,22.21,23.15,17.68,19.81,14.58,36.03,56,161989,65.6,16.74,15.93,Financials,0.3,0.01,7.09,12.73,1.14,1.63,0.99,15.6,Equity : Tax Saving (ELSS),Nil
Kotak Emerging Equity Fund(G),Atul Bhole,EQ-MID,4,52048.9,1.42,Open Ended,30-Mar-07,Nifty Midcap 150 - TRI,136.01,137.75,98.71,1.53,-1.7,5.21,34.17,33.22,23.18,27.05,18.49,47.7,65,55893,12.51,67.79,15.41,Technology,0.01,3.3,6.75,22.73,1.69,2.52,0.9,16.19,Equity : Mid Cap,Nil upto 10% of investment and 1% for remaining investment on or before 1Y Nil after 1Y
Kotak Equity Arbitrage Fund(G),Hiten Shah,HY-ARB,4,54915.4,1.01,Open Ended,29-Sep-05,Nifty 50 Arbitrage,36.25,36.25,33.65,0.69,1.91,3.54,7.8,7.61,6.58,5.58,6.03,2124.14,204,221159,57.5,14.51,2.96,Financials,0.2,0.2,7.25,3.86,3.59,8.17,-0.07,1.01,Hybrid : Arbitrage,0.25% on or before 30D Nil after 30D
Kotak Equity Hybrid Fund(G),Atul Bhole,HY-EQ,5,6815.5,1.76,Open Ended,03-Nov-14,NIFTY 50 Hybrid Composite Debt 65:35 Index,61.89,63.32,49.87,-0.08,-3.01,3.82,21.9,21.5,15.85,18.03,13.08,68.88,60,146119,43.56,23.5,9.33,Financials,14.75,7.07,7.07,10.96,1.48,2.16,2.06,11.51,Hybrid : Equity Oriented,Nil upto 8% of investment and 1% for remaining investment on or before 1Y Nil after 1Y
Kotak Equity Opp Fund(G),Harsha Upadhyaya,EQ-L&M,3,25648.5,1.59,Open Ended,09-Sep-04,NIFTY LargeMidcap 250 - TRI,339.25,355.58,265.83,-0.28,-5.3,-0.15,24.38,27.42,20.36,21.26,15.59,25.22,68,158922,55.81,34.82,6.23,Financials,7.04,3.09,7.75,14.69,1.25,1.8,0.98,15.79,Equity : Large & Mid Cap,Nil upto 10% of investment and 1% for remaining investment on or before 1Y Nil after 1Y
Kotak Equity Savings Fund(G),Devender Singhal,HY-EQ,2,7973.6,1.76,Open Ended,13-Oct-14,NIFTY 50 Equity Savings Index - TRI,25.43,25.75,22.53,-0.29,-1.44,2.84,11.53,13.89,11.54,11.16,9.4,459.67,94,181850,49.95,8.87,8.53,Financials,1.78,1.2,7.26,4.99,1.25,1.83,0.84,6.02,Hybrid : Equity Oriented,Nil upto 8% of investments and 1% for remaining investments on or before 90D Nil after 90D
Kotak ESG Exclusionary Strategy Fund-Reg(G),Mandar Pawar,EQ-THEM,1,940.4,2.25,Open Ended,11-Dec-20,NIFTY100 ESG - TRI,16.75,18.25,14.41,-2.22,-8.74,-3.01,12.65,17.14,10.81,15,15.88,14.62,42,259522,83.85,12.05,3.26,Financials,2.92,3.88,6.68,4.21,0.64,0.97,0.95,14.13,Equity : Thematic,0.50% on or before 90D Nil after 90D
Kotak Flexicap Fund(G),Harsha Upadhyaya,EQ-FLEX,2,51275.7,1.47,Open Ended,11-Sep-09,NIFTY 500 - TRI,80.82,85.84,67.16,-1.29,-6.1,-2.36,16.81,20.85,15.5,16.42,13.64,17.26,59,231993,70.39,22.51,5.47,Financials,9.6,3.11,7.17,7.84,0.83,1.2,1.02,15.61,Equity : Flexi Cap,Nil upto 10% of investment and 1% for remaining investment on or before 1Y Nil after 1Y
Kotak Floating Rate Fund-Reg(G),Deepak Agrawal,DT-FL,4,3772.4,0.63,Open Ended,14-May-19,NIFTY Ultra Short Duration Debt Index,1445.52,1445.9,1336.92,0.58,1.85,4.24,8.17,7.71,6.27,6.82,7.11,0,38,40052,38.64,3.09,2.57,Financials,5.93,1.57,7.85,3.88,8.12,18.43,0.08,0.51,Debt : Floater,Nil
Kotak FMP-292-1735D(G),Deepak Agrawal,DT-FMP,1,441.8,0.61,Closed Ended,13-Aug-21,CRISIL Composite Bond Index,12.05,12.05,11.18,0.55,1.55,3.79,7.75,7.35,5.63,25.62,7.28,40,78,684539,83.83,75.05,15.34,Energy,0.42,3.2,7.57,3.18,5.9,14.68,0.16,0.62,Debt : FTP/FMP,1% on or before 12M Nil after 12M
Kotak FMP-292-1735D(IDCW),Deepak Agrawal,DT-FMP,3,441.8,0.07,Closed Ended,13-Aug-21,NIFTY Medium to Long Duration Debt Index,12.05,12.05,11.18,0.55,1.55,3.79,7.75,7.35,5.63,5.77,6.29,56,51,63999,83.83,17.32,15.08,Financials,5.81,4.73,6.91,3.18,5.9,14.68,0.16,0.62,Debt : FTP/FMP,1% on or before 12M Nil after 12M
Kotak FMP-300-1223D(G),Deepak Agrawal,DT-FMP,5,240.1,1.93,Closed Ended,09-Dec-22,NIFTY Medium Duration Debt Index,11.55,11.55,10.72,0.65,1.63,3.89,7.75,7.32,5.02,8.46,6.83,0,44,346753,99.2,11.75,13.49,Financials,2.97,5.08,10.88,2.97,5.38,11.79,0.23,0.68,Debt : FTP/FMP,Nil
Kotak FMP-304-3119D(G),Deepak Agrawal,DT-FMP,2,109.4,1,Closed Ended,30-Dec-22,NIFTY Long Duration Debt Index,11.88,11.89,10.78,0.54,1.11,5.01,10.04,8.96,17.74,6.51,8.78,342,51,684545,13.74,11.88,15.25,Financials,10.22,2.27,12.34,2.65,2.78,5.13,1.03,2.05,Debt : FTP/FMP,Nil upto 25% of units and 1% for remaining units on or before 365D Nil after 365D
Kotak FMP-305-1200D(G),Deepak Agrawal,DT-FMP,3,33.6,0.93,Closed Ended,19-Jan-23,NIFTY Medium Duration Debt Index,11.49,11.49,10.68,0.65,1.61,3.82,7.64,8.44,5.44,5.34,10.12,1,10,289129,45.64,18.49,73.07,Financials,3.98,3.07,7.32,2.9,5.38,11.65,0.22,0.66,Debt : FTP/FMP,1% on or before 365D Nil after 365D
Kotak FMP-308-1125D(G),Deepak Agarwal,DT-FMP,2,93.4,1.98,Closed Ended,29-Mar-23,NIFTY Medium Duration Debt Index,11.43,11.43,10.56,0.65,1.98,4.3,8.19,7.22,16.66,4.59,6.13,0,51,56977,14.97,1.63,6.78,Financials,5.26,4.24,6.66,3.73,8.76,17.07,0.14,0.47,Debt : FTP/FMP,1% on or before 3M Nil after 3M
Kotak FMP-310-1131D(G),Deepak Agrawal,DT-FMP,4,124.9,1.98,Closed Ended,27-Mar-23,NIFTY Medium Duration Debt Index,11.32,11.32,10.52,0.63,1.59,3.81,7.59,23.65,12.13,20.08,14.51,0,50,168323,46.11,11.82,39.76,Financials,3.62,1.21,6.99,2.82,5.18,11.27,0.23,0.68,Debt : FTP/FMP,1% on or before 3M Nil after 3M
Kotak Focused Equity Fund-Reg(G),Shibani Kurian,EQ-MLC,3,3558.4,1.89,Open Ended,16-Jul-19,NIFTY 500 - TRI,24.35,26.41,20.36,-1.91,-7.54,-1.38,16.84,20.48,13.87,17.2,11.42,38.98,29,247971,78.82,11.72,6.93,Financials,2.24,0.09,7.41,8.04,0.89,1.32,0.97,14.57,Equity : Multi Cap,Nil upto 10% of investment and 1% for remaining investment on or before 1Y Nil after 1Y
Kotak Gilt Fund-PF&Trust(G),Abhishek Bisen,DT-GILT,3,4398.4,1.48,Open Ended,11-Nov-03,Nifty All Duration G-Sec Index,95.2,95.63,87.85,0.27,-0.29,3.57,8.22,7.66,5.89,6.5,7.22,0,72,68890,63.44,12.93,36.57,Financials,26.86,10.79,7.09,-0.15,1.49,2.42,1.4,2.7,Debt : Gilt,Nil
Kotak Gilt Fund-Reg(G),Abhishek Bisen,DT-GILT,3,4398.4,1.48,Open Ended,29-Dec-98,Nifty All Duration G-Sec Index,93.06,93.47,85.87,0.27,-0.29,3.57,8.21,7.66,5.89,6.5,7.21,0,10,136117,21.14,30.72,47.89,Financials,26.86,10.79,7.09,-0.15,1.49,2.41,1.4,2.7,Debt : Gilt,Nil
Kotak Global Emerging Mkt Fund(G),Arjun Khanna,FOF-OVR,3,87.9,1.62,Open Ended,26-Sep-07,MSCI Emerging Market Index,22.12,24.41,20.1,-1.05,-6.97,-1.28,5.87,8.27,-0.09,5.08,5.04,3.39,50,115434,53.94,4.38,91.95,Financials,3.77,5.12,7.55,-0.96,0.22,0.36,1.18,12.32,FoFs : Overseas,Nil upto 10% of units and 1% for remaining units on or before 1Y Nil after 1Y
Kotak Global Innovation FoF-Reg(G),Arjun Khanna,FOF-OVR,1,629.6,1.58,Open Ended,29-Jul-21,MSCI AC World Index,10.44,11.01,8.46,-2.86,2.6,8.43,19.55,25.28,2.94,5.58,8.37,0,25,360016,42.52,17.04,6.84,Financials,2.36,2.03,7.1,15.32,1.04,1.69,0.41,15.9,FoFs : Overseas,1% on or before 1Y Nil after 1Y
Kotak Gold ETF,Abhishek Bisen,GOLD-ETF,3,5176.8,0.55,Open Ended,27-Jul-07,Gold-India,64.65,67.25,52.34,-0.16,1.29,6.31,19.89,16.39,15.63,13.29,9.83,17.7,1,394118,99,67.89,24.94,Financials,7.69,3.56,7.02,16.1,1.23,1.85,-0.05,12.93,Gold : ETFs,Nil
Kotak Gold Fund(G),Abhishek Bisen,GOLD-MF,1,2250.5,0.5,Open Ended,25-Mar-11,Gold-India,30.07,31.12,24.29,0.42,1.12,6.03,19.52,16.43,15.09,12.97,9.72,1.3,1,277341,50.35,13.48,1.31,Capital Goods,2.56,2.66,7.3,13.61,1.17,1.88,0.49,12.89,Gold : MFs,1% on or before 15D Nil after 15D
Kotak Healthcare Fund-Reg(G),Shibani Kurian,EQ-PHRM,4,418.7,2.39,Open Ended,11-Dec-23,Nifty Healthcare Index - TRI,14.42,14.42,10.33,3.98,3.05,23.68,39.94,17.26,6.02,6.62,13.99,38.52,28,57602,37.19,29.01,32.94,Healthcare,3.15,2.79,7.77,28.95,2.35,4.18,0.46,13.34,Equity : Sectoral - Pharma,0.50% on or before 30D Nil after 30D
Kotak Income Plus Arbitrage FOF-Reg(G),Abhishek Bisen,FOF-DOM,5,85.6,0.3,Open Ended,17-Nov-22,NIFTY Composite Debt Index,11.82,11.82,10.85,0.6,0.47,4.28,8.99,8.32,20.03,11.26,3.34,0,65,145599,96.85,36.54,19.42,Energy,3.18,3.64,6.46,2.17,2.16,3.28,0.92,2.28,FoFs : Domestic,Nil
Kotak India EQ Contra Fund(G),Shibani Kurian,EQ-VAL,2,4034.3,1.87,Open Ended,27-Jul-05,NIFTY 500 - TRI,148.69,158.68,119.39,-1.35,-6.74,-0.53,22.2,29.12,21.62,21.67,15.47,42.77,66,143140,59.94,14.85,22.02,Financials,0.3,2.8,7.84,13.03,1.16,1.68,1,15.67,Equity : Value / Contra,1% on or before 90D Nil after 90D
Kotak Infra & Eco Reform Fund(G),Nalin Rasik Bhatt,EQ-INFRA,3,2395.3,1.98,Open Ended,25-Feb-08,Nifty Infrastructure - TRI,68.56,72.77,51.21,0.67,-6.28,-3.94,32.53,34.88,28.41,27.56,16.28,23.09,53,45623,32.88,21.4,44.91,Automobile and Ancillaries,0.44,11.64,7.09,21.6,1.45,2.05,1,18.42,Equity : Sectoral - Infrastructure,0.50% on or before 90D Nil after 90D
Kotak International REIT FOF-Reg(G),Arjun Khanna,FOF-OVR,2,54.2,1.39,Open Ended,29-Dec-20,S&P Asia Pacific ex Japan REIT - TRI,9.37,10.76,8.73,-4.62,-12.87,5.48,-3.7,0.53,-3.39,24.36,6.28,4.58,30,19551,52.15,9.77,32.05,Financials,15.02,3.76,7.26,-13.05,-0.4,-0.69,2.03,17.55,FoFs : Overseas,Nil upto 8% of units and 1% for remaining units on or before 1Y Nil after 1Y
Kotak Liquid Fund-Reg(G),Deepak Agrawal,DT-LIQ,4,34539.1,0.31,Open Ended,04-Nov-03,Nifty Liquid Fund Index,5102.19,5102.19,4756.07,0.58,1.72,3.52,7.3,7.12,6.33,5.25,6.26,0,12,89092,35.67,9.33,2.87,Financials,0.15,0.15,7.23,1.31,9.15,10.97,1.27,0.14,Debt : Liquid,0.007% for Day 1 0.0065% on Day 2 0.0060% on Day 3 0.0055% on Day 4 0.0050% on Day 5 0.0045% on Day 6 NIL on or after 7D
Kotak Long Duration Fund-Reg(G),Abhishek Bisen,DT-LD,5,178.4,0.62,Open Ended,11-Mar-24,NIFTY Long Duration Debt Index,10.65,10.69,9.89,0.48,-0.28,3.6,12.82,20.28,15.16,17.8,14.48,0,50,360016,64.01,14.54,4.32,Financials,27.67,11.64,7.09,20.87,6.56,7.45,0.01,8.42,Debt : Long Duration,Nil
Kotak Low Duration Fund(G),Deepak Agrawal,DT-LOWD,5,12509.5,1.17,Open Ended,06-Mar-08,CRISIL Long Duration Debt Index,3218.89,3218.89,3000.02,0.59,1.77,3.6,7.32,7.01,5.96,5.83,7.02,0,62,229957,18.79,16.4,0.77,Financials,1.71,0.98,7.85,3.1,9.82,18.97,0.06,0.33,Debt : Low Duration,Nil
Kotak Manufacture in India Fund-Reg(G),Harsha Upadhyaya,EQ-THEM,3,2452.6,1.96,Open Ended,22-Feb-22,Nifty India Manufacturing - TRI,18.68,19.84,14.47,1.22,-6.41,-2.11,26.52,29.62,22.4,17.78,14.06,27.35,59,90657,55.55,26.35,15.08,Automobile and Ancillaries,0.15,0.19,7.58,16.53,1.3,1.9,0.96,16.43,Equity : Thematic,0.50% on or before 90D Nil after 90D
Kotak Medium Term Fund(G),Deepak Agrawal,DT-MD,3,1828.1,1.63,Open Ended,21-Mar-14,CRISIL Medium Duration Debt Index,21.71,21.71,19.92,0.25,1.18,4.34,8.97,7.55,6.09,6.22,7.04,0,1,100891,62.63,16.15,34.94,Financials,4.97,3.35,8.24,3.53,3.92,7.12,0.45,1.25,Debt : Medium Duration,Nil
Kotak MNC Fund-Reg(G),Harsha Upadhyaya,EQ-MNC,1,2410,1.96,Open Ended,28-Oct-24,NIFTY MNC - TRI,10.26,10.36,9.87,-0.6,1.47,0.21,6.03,7.06,13.63,25.37,13.3,0,38,106531,49.09,19.26,17.27,FMCG,5.2,2.1,7.26,3.3,9.61,0.99,0.34,12.76,Equity : Thematic - MNC,0.50% on or before 90D Nil after 90D
Kotak Money Market Fund(G),Deepak Agrawal,DT-MM,3,29774.4,0.35,Open Ended,14-Jul-03,CRISIL Money Market Index,4320.56,4320.56,4013.51,0.62,1.78,3.67,7.67,7.49,6.62,5.83,6.76,0,51,277644,38.16,18.84,8.92,Financials,0.46,0.46,7.51,3.53,10.98,23,0.03,0.33,Debt : Money Market,Nil
Kotak Multi Asset Allocation Fund-Reg(G),Devender Singhal,HY-MULTI,4,7652.9,1.73,Open Ended,22-Sep-23,NIFTY 500 - TRI,12.9,13.41,10.8,-1.03,-4.28,0.77,16.01,14.08,6.56,13.22,7.21,174.89,72,149604,47.58,9.04,12.26,Financials,5.19,3.2,7.04,7.96,1.16,1.7,1.38,10.35,Hybrid : Multi Asset Allocation,Nil upto 30% of investment and 1% for remaining investment on or before 1Y Nil after 1Y
Kotak Multi Asset Allocator FoF-Dynamic(G),Devender Singhal,FOF-DOM,4,1614.5,1.01,Open Ended,09-Aug-04,NIFTY 50 Hybrid Composite Debt 50:50 Index,222.15,227.7,185.13,0.03,-2.17,2.73,19.2,21.25,17.87,20.63,14.38,41.29,35,63266,42.45,19.21,30.33,Financials,0.6,0.41,7,8.79,1.62,2.39,1.88,8.85,FoFs : Domestic,Nil upto 8% of units and 1% for remaining units on or before 1Y Nil after 1Y
Kotak Multicap Fund-Reg(G),Devender Singhal,EQ-MLC,5,15816.5,1.65,Open Ended,29-Sep-21,Nifty500 Multicap 50:25:25 - TRI,19.31,20.18,15.01,-0.07,-5.43,2.67,26.54,34.04,25.69,22.8,7.36,57.13,62,74545,43.05,24.34,28.81,Financials,10.51,2.63,7.64,17.21,1.31,1.93,0.98,16.87,Equity : Multi Cap,Nil upto 10% of investment and 1% for remaining investments on or before 1Y Nil after 1Y
Kotak NASDAQ 100 FoF-Reg(G),Arjun Khanna,FOF-OVR,3,3339.6,0.67,Open Ended,02-Feb-21,Nasdaq-100 - TRI,18.13,18.75,13.68,2.43,8.05,9.03,28.21,42.01,13.48,16.22,1.35,1.15,27,14406,57.57,3.21,5.72,Technology,0.01,7.64,6.66,23.49,1.46,2.35,0.96,18.22,FoFs : Overseas,Nil
Kotak Nifty 100 Equal Weight Index Fund-Reg(G),Devender Singhal,EQ-INDX,2,23348,0.72,Open Ended,23-Dec-24,Nifty100 Equal Weight - TRI,10.19,10.19,9.98,-5.99,-6.81,2.89,9.39,29.36,4.98,6,8.92,4.84,49,429493,52.9,14.76,10.89,Financials,5.79,0.83,7.86,1.89,0.59,4,1.19,0.29,Equity : Index Funds,NIL
Kotak Nifty 100 Low Volatility 30 ETF,Devender Singhal,EQ-ETF,3,152.1,0.09,Open Ended,23-Mar-22,Nifty100 Low Volatility 30 - TRI,20.25,22.36,17.38,-0.46,-9.99,0.75,12.4,22.77,5.53,5.25,6.56,52.05,30,322998,96.54,3.45,35.67,FMCG,2.53,5.76,14.04,5.27,0.74,1.29,0.7,11.46,Equity : ETFs,NIL
Kotak NIFTY 100 Low Volatility 30 Index Fund-Reg(G),Devender Singhal,EQ-INDX,3,80.7,0.95,Open Ended,07-Jun-24,Nifty100 Low Volatility 30 - TRI,10.44,11.56,9.98,-0.56,-10.24,0.03,7.61,22.53,5.97,23.26,7.04,33.1,30,323015,96.68,3.45,16.29,FMCG,4.34,5.65,6.46,37.35,0.46,1.87,1.23,3.38,Equity : Index Funds,Nil
Kotak Nifty 1D Rate Liquid ETF,Abhishek Bisen,DT-LIQ,2,855.8,0.19,Open Ended,24-Jan-23,Nifty 1D Rate Index,1027.45,1027.45,1000,0.54,1.6,3.2,6.49,29.62,6.35,5.57,10.83,0,57,476675,83.74,23.08,22.82,Financials,1.95,1.06,6.73,0.71,6.32,8.37,0.8,0.11,Debt : Liquid,Nil on or before 12M for 10% of Investment and 1% for remaining investments Nil after 12M
Kotak Nifty 200 Momentum 30 Index Fund-Reg(G),Devender Singhal,EQ-INDX,1,394.7,0.79,Open Ended,15-Jun-23,Nifty200 Momentum 30 - TRI,15.79,17.99,12.91,-4.01,-12.9,-7.67,20.4,6.6,5.83,13.5,16.81,154.28,30,199220,87.07,12.91,11.26,Automobile and Ancillaries,6.76,2.17,7.13,11.31,0.8,1.17,1.24,22.01,Equity : Index Funds,Nil
Kotak Nifty 50 Equal Weight Index Fund-Reg(G),Devender Singhal,EQ-INDX,3,5591.9,0.72,Open Ended,23-Dec-24,NIFTY50 Equal Weight - TRI,10.24,10.24,9.98,-0.08,1.27,-5.65,19.56,9.33,5.97,28.61,16.24,5.07,47,107398,70.83,4.74,11.02,Financials,4.15,0.13,6.66,17.29,1.21,2.4,0.33,0.16,Equity : Index Funds,NIL
Kotak Nifty 50 ETF,Devender Singhal,EQ-ETF,2,2582.1,0.04,Open Ended,02-Feb-10,NIFTY 50 - TRI,263.05,284.68,228.54,-1.61,-7.82,-1.24,10.41,16.42,12.85,15.6,12.3,32.96,50,555827,98.69,1.25,15.67,Financials,11.33,0.41,7.23,2.34,0.5,0.77,0.99,13.94,Equity : ETFs,Nil
Kotak Nifty 50 Index Fund-Reg(G),Devender Singhal,EQ-INDX,3,772.4,0.37,Open Ended,21-Jun-21,NIFTY 50 - TRI,15.59,16.93,13.65,-1.67,-7.93,-1.48,9.74,15.66,12.21,13.92,9.69,21.04,50,555827,98.76,1.25,6.79,Financials,2.83,1.38,6.25,1.34,0.46,0.7,0.99,13.98,Equity : Index Funds,Nil
Kotak Nifty 50 Value 20 ETF,Devender Singhal,EQ-ETF,2,114.2,0.14,Open Ended,02-Dec-15,Nifty50 Value 20 - TRI,156.85,166.61,129.12,-1.85,-6.83,2.98,17.2,24.17,16.34,21.73,6.63,28.66,20,515689,98.26,1.63,13.39,Technology,4.23,9.36,7.44,9.12,0.94,1.54,0.94,14.36,Equity : ETFs,0.50% on or before 90D Nil after 90D
Kotak Nifty AAA Bond Jun 2025 HTM Index Fund-Reg(G),Abhishek Bisen,DT-SD,4,20.1,0.3,Open Ended,28-Mar-24,Nifty AAA Bond Jun 2025 HTM Index,10.57,10.57,10,0.63,1.8,3.63,15.96,16.04,13.72,14.8,6.82,0,77,76843,99.26,21.71,2.08,Financials,0.37,0.34,7.55,4.99,1.21,2.99,0.11,13.56,Debt : Short Duration,Nil
Kotak Nifty Alpha 50 ETF,Devender Singhal,EQ-ETF,4,439.2,0.3,Open Ended,22-Dec-21,Nifty Alpha 50 - TRI,54.98,59.25,40.98,0.98,-6.11,0.29,33.08,38.18,16.75,24.29,6.44,170.86,50,76519,30.25,53.87,15.85,Financials,0.1,3.87,7.47,22.6,1.17,1.7,1.21,24.16,Equity : ETFs,1% on or before 15D Nil after 15D
Kotak Nifty Bank ETF,Devender Singhal,EQ-ETF,5,5327.5,0.15,Open Ended,04-Dec-14,NIFTY BANK - TRI,530.39,559.21,458,-1.94,-3.57,-2.72,6.57,9.99,13.94,9.77,10.83,45.41,12,538946,86.41,13.57,84.84,Financials,2.38,2.05,7.27,-1.31,0.22,0.32,1.08,17.46,Equity : ETFs,Nil
Kotak Nifty Financial Services Ex-Bank Index Fund-Reg(G),Devender Singhal,EQ-INDX,2,39,0.74,Open Ended,14-Aug-23,Nifty Financial Services Ex-Bank - TRI,13.52,14.6,11.23,-0.11,-9.42,1.58,13.47,35.18,12.6,5.98,-2.37,33.58,30,126944,67.15,27.16,5.51,Financials,4.42,0.11,7.5,5.44,0.56,0.83,1.11,19.81,Equity : Index Funds,Nil
Kotak Nifty G-Sec July 2033 Index Fund-Reg(G),Abhishek Bisen,DT-LD,3,18.6,0.39,Open Ended,11-Oct-23,Nifty G-Sec July 2033 Index,11.18,11.18,10.23,0.46,1,4.64,9.07,13.89,8.22,10.51,13.96,0,51,290186,50.5,13.58,12.58,Financials,7.54,5.54,6.92,1.81,2.63,4.76,0.98,1.8,Debt : Long Duration,Nil
Kotak NIFTY India Consumption ETF,Devender Singhal,EQ-ETF,2,5.7,0.1,Open Ended,28-Jul-22,Nifty India Consumption - TRI,118.6,132.25,95.41,-0.16,-10.7,2.51,20.6,25.26,5.77,5.84,9.83,60.7,30,277659,92.14,7.83,15.34,FMCG,23.46,3.08,5.27,12.07,1.19,2.19,0.74,13.02,Equity : ETFs,Nil upto 10% of units on or before 1Y 1% for more than 10% of units on or before 1Y Nil after 1Y
Kotak Nifty India Tourism Index Fund-Reg(G),Devender Singhal,EQ-INDX,3,23,0.96,Open Ended,23-Sep-24,Nifty India Tourism Index - TRI,10.02,10.02,8.62,6.29,2.53,4.7,8.97,7.17,5.52,20.04,10.11,13.65,15,62527,19.57,59.21,23.23,Travel,15.84,0.07,7.12,17.09,1.14,1.79,-0.09,0.8,Equity : Index Funds,Nil
Kotak Nifty IT ETF,Devender Singhal,EQ-ETF,2,199.9,0.09,Open Ended,02-Mar-21,NIFTY IT - TRI,47.39,49.15,34.32,0.52,2.76,18.39,23.62,26.26,6.56,4.82,8.36,92.63,10,429485,83.84,16.15,33.17,Technology,4.71,2.84,7.02,16.43,1.02,1.87,0.74,19.49,Equity : ETFs,1% on or before 1Y Nil after 1Y
Kotak NIFTY Midcap 150 Momentum 50 Index Fund-Reg(G),Devender Singhal,EQ-INDX,3,57.6,0.93,Open Ended,08-Oct-24,Nifty Midcap150 Momentum 50 - TRI,9.88,10.31,9.25,1.14,-7.96,3.52,7.56,9.13,16.79,5.88,6.56,57.1,50,76843,19.35,80.1,10.85,Financials,0.01,0.12,6.29,11.69,2.19,21.47,1.2,11.12,Equity : Index Funds,NIL
Kotak Nifty Midcap 50 ETF,Devender Singhal,EQ-ETF,2,46.7,0.05,Open Ended,28-Jan-22,Nifty Midcap 50 - TRI,164.85,172.46,131.35,2.25,-5.28,1.5,21.86,36.19,15.69,17.53,12.37,108.07,51,70951,9.83,90.05,3.75,Financials,22.09,2.05,6.98,13.56,0.97,1.44,1.06,19.15,Equity : ETFs,1% on or before 15D Nil after 15D
Kotak NIFTY Midcap 50 Index Fund-Reg(G),Devender Singhal,EQ-INDX,3,46.1,0.88,Open Ended,16-Aug-24,Nifty Midcap 50 - TRI,9.96,10.45,9.19,2.16,-5.52,3.79,9.52,23.26,6.62,5.36,5.99,31.91,51,70953,9.83,90,27.78,Financials,2.22,0.76,4.99,12.73,0.68,2.3,1.14,15.77,Equity : Index Funds,NIL
Kotak NIFTY MNC ETF,Devender Singhal,EQ-ETF,4,31.6,0.3,Open Ended,05-Aug-22,NIFTY MNC - TRI,29,33.17,23.77,-2.47,-13.99,-7.82,16.52,21.14,12.94,6.36,12.3,35.72,30,132495,69.09,22.62,8.24,FMCG,8.64,0.11,6.99,9.17,0.9,1.47,0.77,14.12,Equity : ETFs,1% on or before 1Y Nil after 1Y
Kotak Nifty Next 50 Index Fund-Reg(G),Devender Singhal,EQ-INDX,5,372.3,0.6,Open Ended,10-Mar-21,NIFTY NEXT 50 - TRI,19.66,22.1,15.16,-3.31,-11.51,-5.31,27.73,27.63,17.95,21.64,6.61,69.46,50,143043,88.11,11.74,13.49,Financials,2.52,3.64,6.82,17.31,1.14,1.66,1.14,20.19,Equity : Index Funds,Nil
Kotak Nifty PSU Bank ETF,Devender Singhal,EQ-ETF,5,1434.3,0.49,Open Ended,08-Nov-07,NIFTY PSU BANK - TRI,657.88,798.86,563.65,-3.97,-3.31,-10.64,13.98,23.39,38.46,20.87,4.42,69.73,12,188009,62.22,37.78,3.41,Financials,5.74,1.42,7.39,7.64,0.49,0.71,1.48,30.03,Equity : ETFs,NIL
Kotak Nifty SDL Apr 2027 Top 12 Equal Weight Index Fund-Reg(G),Abhishek Bisen,DT-M&LD,2,7938,0.35,Open Ended,11-Feb-22,Nifty SDL Apr 2027 Top 12 Equal Weight Index,11.75,11.75,10.86,0.57,1.51,3.91,8.27,7.51,5.92,16.53,7.29,0,47,537731,15.48,10.37,11.94,Financials,2.11,1.88,7.08,3.33,5.36,12.45,0.24,0.76,Debt : Medium to Long Duration,0.15% on or before 30D Nil after 30D
Kotak Nifty SDL Apr 2032 Top 12 Equal Weight Index Fund-Reg(G),Abhishek Bisen,DT-LD,5,2904.4,0.36,Open Ended,11-Feb-22,Nifty SDL Apr 2032 Top 12 Equal Weight Index,12.16,12.16,10.97,0.71,1.64,4.78,10.12,8.63,19.76,23.05,18.02,0,102,248283,51.9,33.39,17.91,Financials,7,5.23,7.24,3.55,2.99,6.1,0.73,1.92,Debt : Long Duration,Nil
Kotak Nifty SDL Jul 2026 Index Fund-Reg(G),Abhishek Bisen,DT-M&LD,1,121.2,0.41,Open Ended,22-Dec-22,Nifty SDL Jul 2026 Index,11.52,11.52,10.69,0.54,1.5,3.75,7.79,7.24,5.75,15.38,11.51,0,43,63999,48.53,7.77,6.65,Financials,1.41,1.28,7.07,3.18,5.96,14.28,0.17,0.62,Debt : Medium to Long Duration,Nil
Kotak Nifty SDL Jul 2033 Index Fund-Reg(G),Abhishek Bisen,DT-LD,1,206.1,0.45,Open Ended,15-Feb-23,Nifty SDL Jul 2033 Index,11.78,11.78,10.59,1.03,1.59,4.94,10.7,38.31,15.85,13.1,17.25,0,41,151513,58.62,67.89,24.28,Financials,7.89,5.72,7.25,4.01,3.21,6.87,0.71,1.91,Debt : Long Duration,Nil
Kotak Nifty SDL Plus AAA PSU Bond Jul 2028 60:40 Index Fund-Reg(G),Abhishek Bisen,DT-M&LD,5,588.3,0.4,Open Ended,13-Oct-22,Nifty SDL Plus AAA PSU Bond Jul 2028 60:40 Index,11.79,11.79,10.89,0.44,1.43,4.07,8.17,7.48,5.93,7.43,6.64,0,102,71814,62.33,18.69,31.12,Financials,3.09,2.6,7.25,2.95,4.15,8.74,0.36,0.97,Debt : Medium to Long Duration,Nil
Kotak Nifty Smallcap 50 Index Fund-Reg(G),Devender Singhal,EQ-INDX,2,113,0.89,Open Ended,10-Apr-23,Nifty Smallcap 50 - TRI,20.93,21.87,15.4,0.17,-3.11,3.15,24.41,8.09,6.34,23.59,5.74,78.28,50,24440,52.09,15.06,84.81,Financials,0.01,0.01,6.78,15.75,1,1.46,1.04,21.11,Equity : Index Funds,Nil
Kotak Overnight Fund-Reg(G),Deepak Agrawal,DT-ON,3,5739.2,0.16,Open Ended,15-Jan-19,Nifty 1D Rate Index,1333.92,1333.92,1251.23,0.55,1.61,3.24,6.63,6.6,5.93,4.82,13.55,0,62,64474,44.97,3.62,31.7,Financials,2.56,0.01,6.79,0.83,7.11,9.75,0.88,0.12,Debt : Overnight,Nil
Kotak Pioneer Fund-Reg(G),Harish Bihani,EQ-THEM,1,2693.6,1.88,Open Ended,25-Oct-19,NIFTY 500 - TRI,30.3,31.83,23.25,1.19,-3.6,3.5,29.09,32.71,17.35,23.95,6.01,31.86,47,97669,36.59,28.75,16.56,Automobile and Ancillaries,10.47,0.87,7.3,19.18,1.86,2.99,0.72,12.3,Equity : Thematic,0.50% on or before 90D Nil after 90D
Kotak Quant Fund-Reg(G),Harsha Upadhyaya,EQ-THEM,5,847.4,1.41,Open Ended,02-Aug-23,NIFTY 200 - TRI,14.98,16.64,12.45,-0.55,-11.06,-4.79,18.67,32.32,6.11,23.26,11.4,185.99,48,114823,55.11,35.96,5.65,Financials,7.23,3.64,7.47,10,0.83,1.2,1.06,18.6,Equity : Thematic,0.50% on or before 90D Nil after 90D
Kotak Savings Fund(G),Deepak Agrawal,DT-USD,3,13449.5,0.82,Open Ended,13-Aug-04,NIFTY Ultra Short Duration Debt Index,41.36,41.36,38.59,0.6,1.69,3.47,7.2,7.01,6.16,5.49,6.61,0,50,232912,74.71,33.31,28.07,Financials,0.46,0.44,7.45,3.07,10.51,20.93,0.03,0.3,Debt : Ultra Short Duration,Nil
Kotak Silver ETF,Jeetu Valechha Sonar,GOLD-ETF,2,764.7,0.45,Open Ended,12-Dec-22,Silver,85.88,97.19,68.65,-3.79,-4.51,-2.12,15.96,10.33,14.75,29.02,8.3,7.88,99,158003,55.55,21.23,10.98,Financials,6.18,2.89,5.27,13.1,0.63,1.08,0.54,23.42,Gold : ETFs,Nil
Kotak Silver ETF FoF-Reg(G),Jeetu Valechha Sonar,GOLD-MF,2,55,0.6,Open Ended,31-Mar-23,Silver,11.8,13.33,9.55,-3.55,-4.26,-2.09,14.78,7.24,12.1,15.2,12.32,46.65,47,515697,56.28,18,0.94,Financials,0.44,3.45,7.4,11.01,0.57,0.99,0.73,23.11,Gold : MFs,0.5% on or before 30D Nil after 30D
Kotak Small Cap Fund(G),Harish Bihani,EQ-SML,4,17732,1.64,Open Ended,24-Feb-05,Nifty Smallcap 250 - TRI,278.9,290.42,206.06,0.69,-4.31,3.88,26.33,30.61,18.47,30.34,18.69,24.76,77,19126,4.74,19.22,73.87,Healthcare,3.44,3.6,4.24,17.79,1.46,2.12,0.71,14.66,Equity : Small Cap,Nil upto 10% of investment and 1% for remaining investment on or before 1Y Nil after 1Y
Kotak Special Opportunities Fund-Reg(G),Devender Singhal,EQ-THEM,5,2328.1,1.99,Open Ended,29-Jun-24,NIFTY 500 - TRI,10.12,10.71,9.67,-1.6,-5.79,-0.03,17.48,7.63,12.29,20.98,6.67,5.62,40,48636,32.49,15.53,51.1,FMCG,0.15,2.29,7,11.26,9.57,2.99,0.1,12.1,Equity : Thematic,0.50% on or before 90D Nil after 90D
Kotak Technology Fund-Reg(G),Shibani Kurian,EQ-TECH,4,586.4,2.39,Open Ended,04-Mar-24,BSE TECk Index - TRI,12.6,13.19,9.48,0.34,-0.69,15.36,19.22,16.45,11.12,5.79,19.04,13.04,29,261454,70.97,14.2,10.98,Technology,6.55,0.32,7.51,0.68,1.27,9.51,0.74,0.12,Equity : Sectoral - Technology,0.50% on or before 30D Nil after 30D
Kotak Transportation & Logistics Fund-Reg(G),Nalin Rasik Bhatt,EQ-AUTO,2,69.9,2.41,Open Ended,16-Dec-24,Nifty Transportation & Logistics - TRI,10.15,10.15,9.95,0.61,1.44,4.48,7.93,21.75,17.54,25.37,5.73,11,11,555830,98.48,24.92,44.13,Financials,5.81,8.48,8.07,5.95,0.74,20.7,0.88,11.53,Equity : Sectoral - Auto,0.50% on or before 90D Nil after 90D
LIC MF Aggressive Hybrid Fund(G),Karan Doshi,HY-EQ,3,535.9,2.46,Open Ended,01-Jan-91,CRISIL Hybrid 35+65 - Aggressive Index,193.14,201.03,162.18,-0.85,-4.24,1.11,17.2,18.78,11.43,11.72,8.29,53,51,128098,44.84,10.66,21,Financials,0.74,0.16,3.91,7.31,1.12,1.66,1.9,11.47,Hybrid : Equity Oriented,Nil upto 12% on units and 1% on remaining units on or before 3M Nil after 3M
LIC MF Arbitrage Fund-Reg(G),Sumit Bhatnagar,HY-ARB,2,237.6,0.99,Open Ended,25-Jan-19,Nifty 50 Arbitrage,13.38,13.38,12.51,0.61,1.76,3.34,7.05,6.91,5.96,4.9,9.18,262,65,178883,44.77,17.13,5.48,Financials,1.94,0.05,7.28,3.25,3.08,6.68,-0.11,0.94,Hybrid : Arbitrage,0.25% on or before 1M Nil after 1M
LIC MF Balanced Advantage Fund-Reg(G),Yogesh Patil,HY-EQ,5,797.1,2.28,Open Ended,12-Nov-21,NIFTY 50,13.45,13.54,11.69,0.6,-0.63,3.6,12.52,13.24,10.64,5.6,13.87,50,69,264069,56.8,7.64,10.96,Financials,6.97,4.97,7,4.08,1.13,1.67,1.41,7.3,Hybrid : Equity Oriented,Nil upto 12% of units and 1% on remaining units on or before 3M Nil after 3M
LIC MF Banking & Financial Services Fund-Reg(G),Jaiprakash Toshniwal,EQ-FIN,2,263.1,2.42,Open Ended,27-Mar-15,Nifty Financial Services - TRI,19.47,20.89,17.61,-2.33,-6.14,-6.33,0.42,10.75,13.72,9.45,6.56,57,30,175857,60.83,9.77,27.78,Financials,0.28,0.13,7.21,-7.26,-0.13,-0.19,1.02,16.29,Equity : Sectoral - Financial Services,Nil upto 12% of units and 1% on remaining units on or before 90D Nil after 90D
LIC MF Banking & PSU Fund-Reg(G),Marzban Irani,DT-B&PSU,2,1851.9,0.78,Open Ended,30-May-07,NIFTY Banking and PSU Debt Index,33.26,33.26,30.86,0.46,1.37,3.88,7.75,7.13,5.76,5.65,6.55,0,65,146044,39.85,12.98,40,Financials,4.22,3.32,7.3,2.65,5.15,10.04,0.34,0.71,Debt : Banking & PSU,NIL
LIC MF BSE Sensex ETF,Sumit Bhatnagar,EQ-ETF,1,835.8,0.1,Open Ended,30-Nov-15,BSE SENSEX - TRI,886.79,950.8,772.86,-1.64,-6.7,-0.87,9.75,15.58,12.39,15.15,8.92,7,30,684518,99.26,0.72,27.18,Financials,0.9,1.3,7.3,1.34,0.46,0.71,1,13.9,Equity : ETFs,Nil
LIC MF BSE Sensex Index Fund-Reg(G),Sumit Bhatnagar,EQ-INDX,4,83.9,1.08,Open Ended,28-Nov-02,BSE SENSEX - TRI,149.26,160.45,131.27,-1.73,-6.93,-1.34,8.7,14.48,11.28,14.06,10.98,11,30,685223,99,0.71,40.44,Financials,10.72,4.62,7.35,0.35,0.39,0.6,0.99,13.87,Equity : Index Funds,0.25% on or before 7D Nil after 7D
LIC MF Childrens Fund-Reg(G),Nikhil Rungta,HY-SOL,2,16.6,2.45,Open Ended,16-Oct-01,CRISIL Hybrid 35+65 - Aggressive Index,35.32,35.51,28.57,2.61,-0.9,5.33,19.72,21.58,13.64,13.67,9.18,81,46,63782,42.8,7.43,37.53,Financials,2.39,1.73,7.46,10.16,1.14,1.69,1.71,13.35,Hybrid : Solution Oriented,Nil
LIC MF Conservative Hybrid Fund(G),Pratik Shroff,HY-DT(CO),5,50.2,2.25,Open Ended,01-Apr-98,CRISIL Hybrid 85+15 - Conservative Index,79.93,80.31,73.1,0.02,-0.48,3.15,8.26,7.93,5.58,6.73,6.43,0,7,560590,18.79,86.58,1.62,Financials,5.88,4.62,6.93,1.86,1.32,2.42,0.77,3.16,Hybrid : Debt Oriented (Conservative),Nil upto 12% of units and 1% on remaining units on or before 90D Nil after 90D
LIC MF Dividend Yield Fund-Reg(G),Dikshit Mittal,EQ-DIV,1,463.6,2.46,Open Ended,21-Dec-18,NIFTY 500 - TRI,30.92,32.76,22.89,-0.16,-6.89,2.46,32.5,33.37,20.79,23.16,6.16,73,65,64866,44.97,13.62,38.99,Financials,3.36,6.91,6.86,21.39,1.58,2.3,0.98,16.71,Equity : Thematic - Dividend Yield,Nil upto 12% of units and 1% for remaining units on or before 12M Nil after 12M
LIC MF ELSS Tax Saver-Reg(G),Yogesh Patil,EQ-ELSS,2,1147.4,2.13,Open Ended,31-Mar-98,NIFTY 500 - TRI,157.16,160.52,120.92,1.23,-3.7,3.61,23.7,25.9,16.07,16.42,12.26,17,56,157861,63.09,15.4,20.57,Financials,2.36,5.69,4.24,13.91,1.33,2.04,0.87,13.77,Equity : Tax Saving (ELSS),Nil
LIC MF Equity Savings Fund(G),Sumit Bhatnagar,HY-EQ,4,20.2,2.04,Open Ended,07-Mar-11,NIFTY 50 Equity Savings Index,26.42,26.64,23.93,0.25,-0.71,2.07,8.96,10.77,8.14,8.8,6.72,68,57,118721,44.8,10.37,18.04,Financials,0.07,0.05,6.79,2.39,0.77,1.09,0.93,6.65,Hybrid : Equity Oriented,Nil upto 12% of units and 1% for remaining units on or before 3M Nil after 3M
LIC MF Flexi Cap Fund-Reg(G),Nikhil Rungta,EQ-FLEX,2,1075.4,2.27,Open Ended,31-Mar-98,NIFTY 500 - TRI,102.57,107.44,82.73,-0.58,-5.67,0.55,18.96,24.62,14.98,14.86,9.42,132,72,45081,37.4,14.49,45.85,Financials,7.89,2.74,7.28,10.74,1.03,1.51,0.86,14.64,Equity : Flexi Cap,Nil upto 12% on units and 1% on remaining units on or before 3M Nil after 3M
LIC MF Focused Fund-Reg(G),Jaiprakash Toshniwal,EQ-LC,3,143.1,2.51,Open Ended,17-Nov-17,NIFTY 500 - TRI,21.17,23.29,17.73,-2.24,-8.91,0.02,13.02,16.47,11.2,15.57,6.75,162,30,56264,45.8,12.48,36.57,Financials,4.04,10.28,7.15,5.59,0.69,1.08,0.82,14.06,Equity : Large Cap,Nil upto 12% of units and 1% for remaining units on or before 12M Nil after 12M
LIC MF Gilt Fund-PF(G),Marzban Irani,DT-GILT,4,94.7,1.48,Open Ended,29-Dec-03,Nifty All Duration G-Sec Index,33.23,33.35,30.52,0.35,0.07,3.51,8.57,7.3,5.43,5.7,6.79,0,62,195057,37.55,5.38,21.98,Financials,22.22,9.6,7.09,0.66,1.91,3.29,1.2,2.21,Debt : Gilt,0.25% on or before 30D
LIC MF Gilt Fund-Reg(G),Marzban Irani,DT-GILT,5,94.7,1.48,Open Ended,29-Nov-99,Nifty All Duration G-Sec Index,57.54,57.74,52.85,0.35,0.07,3.51,8.57,7.3,5.43,5.7,6.77,0,12,148434,51.9,13.63,64.42,Financials,22.22,9.6,7.09,0.66,1.91,3.29,1.2,2.21,Debt : Gilt,0.25% on or before 30D
LIC MF Gold ETF,Sumit Bhatnagar,GOLD-ETF,1,170,0.41,Open Ended,09-Nov-11,Gold-India,7016.74,7241.9,5615.9,-0.59,0.55,5.72,19.22,17.45,16.41,13.76,10.15,25.22,63,113345,54.99,37.72,28.81,Technology,1.19,1.36,8.08,15.88,1.01,1.43,-0.22,15.06,Gold : ETFs,Nil
LIC MF Gold ETF FoF(G),Sumit Bhatnagar,GOLD-MF,4,70,0.67,Open Ended,14-Aug-12,Gold-India,20.25,21.27,16.38,-0.3,0.42,5.9,18.99,16.61,15.39,12.9,8.94,0,53,127222,8.08,0.72,22.02,Financials,3.62,1.33,7.83,15.3,1.06,1.69,-0.05,14.31,Gold : MFs,1% on or before 15D Nil after 15D
LIC MF Healthcare Fund-Reg(G),Karan Doshi,EQ-PHRM,1,84.2,2.44,Open Ended,28-Feb-19,BSE Health Care - TRI,30.62,30.72,21.7,0.98,2.78,23.1,42.5,35.31,16.78,23.44,6.96,38,23,50745,28.59,27.48,39.76,Healthcare,3.37,3.41,7.74,30.49,2.39,4.27,0.49,13.77,Equity : Sectoral - Pharma,Nil upto 12% of units and 1% for remaining units on or before 90D Nil after 90D
LIC MF Infra Fund-Reg(G),Yogesh Patil,EQ-INFRA,1,852.1,2.3,Open Ended,24-Mar-08,Nifty Infrastructure - TRI,52.32,53.23,34.68,1.32,-1.01,2.35,48.15,47.09,32.92,27.64,15.65,34,71,24499,20.51,20.99,53.1,Capital Goods,4.01,3.33,7.12,33.97,1.81,2.64,1.02,21.66,Equity : Sectoral - Infrastructure,Nil upto 12% of units and 1% on remaining units on or before 90D Nil after 90D
LIC MF Large & Midcap Fund-Reg(G),Yogesh Patil,EQ-L&M,2,3125.6,1.91,Open Ended,25-Feb-15,NIFTY LargeMidcap 250 - TRI,39.83,40.75,30.13,0.82,-3.56,2.16,28.27,28.52,17.37,19.58,9.36,66,73,86058,42.22,30.54,24.07,Financials,0.11,3.59,7.57,18.19,1.42,2.09,0.96,16.21,Equity : Large & Mid Cap,Nil upto 12% on units and 1% on remaining units on or before 3M Nil after 3M
LIC MF Large Cap Fund-Reg(G),Nikhil Rungta,EQ-LC,2,1474.2,2.12,Open Ended,31-Mar-98,NIFTY 100 - TRI,55.31,59.14,46.29,-0.98,-6.93,-0.46,14.88,16.58,10.3,13.46,10.53,83,53,266953,81.87,3.86,12.57,Financials,9.85,0.96,7.39,6.07,0.76,1.11,1,14.67,Equity : Large Cap,Nil upto 12% on units and 1% on remaining units on or before 3M Nil after 3M
LIC MF Liquid Fund-Reg(G),Rahul Singh,DT-LIQ,3,10650.3,0.21,Open Ended,13-Mar-02,CRISIL Liquid Debt Index,4565.61,4565.61,4252.63,0.58,1.73,3.54,7.38,7.16,6.36,5.31,6.28,0,59,140082,83.17,19.49,44.13,Capital Goods,0.1,0.1,7.02,0.76,9.89,5.56,1.5,0.08,Debt : Liquid,0.007% for Day 1 0.0065% on Day 2 0.0060% on Day 3 0.0055% on Day 4 0.0050% on Day 5 0.0045% on Day 6 NIL on or after 7D
LIC MF Low Duration Fund(G),Rahul Singh,DT-LOWD,3,1879.3,0.96,Open Ended,04-Jun-03,CRISIL Low Duration Debt Index,38.11,38.11,35.59,0.61,1.66,3.51,7.1,6.83,5.83,5.62,6.13,0,30,184511,50.29,12.34,17.17,Healthcare,0.9,0.83,7.54,2.85,9.61,19.63,0.07,0.32,Debt : Low Duration,Nil
LIC MF Manufacturing Fund-Reg(G),Yogesh Patil,EQ-THEM,2,928.4,2.18,Open Ended,11-Oct-24,Nifty India Manufacturing - TRI,9.87,10.09,9.46,-1.13,1.66,2.56,24.41,25.28,11.65,4.95,11.02,0,75,45038,32.97,18.82,36.72,Capital Goods,1.58,0.32,7.2,2.39,0.66,0.83,0.62,0.39,Equity : Thematic,Nil upto 12% of units and 1% for remaining units on or before 90D Nil after 90D
LIC MF Medium to Long Duration Fund-Reg(G),Marzban Irani,DT-M&LD,2,181.3,1.22,Open Ended,15-Sep-99,CRISIL Medium to Long Term Debt Index,69.26,69.26,63.17,0.64,1.26,4.44,9.21,7.8,6.12,5.63,6.26,0,52,50205,87.17,16.52,10.79,Chemicals,7.97,5.91,7.16,2.47,3.05,5.89,0.81,1.6,Debt : Medium to Long Duration,0.25% on or before 15D Nil after 15D
LIC MF Midcap Fund(G),Karan Doshi,EQ-MID,2,319.5,2.52,Open Ended,25-Jan-17,Nifty Midcap 150 - TRI,30.26,31.32,22.26,2.16,-4.69,1.69,29.91,33.72,19.76,23.59,11.76,63,65,42528,14.89,59.43,23.7,Automobile and Ancillaries,22.22,3.56,7.01,19.5,1.43,2.17,0.9,16.85,Equity : Mid Cap,Nil upto 12% of units and 1% for remaining units on or before 12M Nil after 12M
LIC MF Money Market Fund-Reg(G),Rahul Singh,DT-MM,2,24.4,1.02,Open Ended,01-Aug-22,Nifty Money Market Index,1149.47,1149.47,1084.43,0.52,1.38,2.8,6.03,6.13,5.97,23.15,6.77,0,41,134229,86.41,33.87,4.05,Metals,0.11,0.11,6.57,1.97,8.09,17.15,0.02,0.25,Debt : Money Market,Nil
LIC MF Multi Cap Fund-Reg(G),Dikshit Mittal,EQ-MLC,1,1417,2.06,Open Ended,31-Oct-22,Nifty500 Multicap 50:25:25 - TRI,17.5,17.71,12.76,1.25,-2.47,5.1,32.86,32.66,21.6,6.94,5.99,41,79,55529,32.25,25.91,39.14,Financials,2.36,3.08,8.24,22.2,1.71,2.53,0.87,15.57,Equity : Multi Cap,Nil upto 12% of units and 1% for remaining units on or before 12M Nil after 12M
LIC MF Nifty 100 ETF,Sumit Bhatnagar,EQ-ETF,3,720.5,0.28,Open Ended,17-Mar-16,NIFTY 100 - TRI,270.18,293.93,230.5,-1.84,-8.43,-1.95,12.96,17.6,13.28,15.98,11.87,7,100,437244,96.84,3.09,3.08,Financials,0.11,2.23,7.91,4.28,0.65,0.96,1.02,14.56,Equity : ETFs,0.25% on or before 1M Nil after 1M
LIC MF Nifty 50 ETF,Sumit Bhatnagar,EQ-ETF,2,832.1,0.06,Open Ended,20-Nov-15,NIFTY 50 - TRI,266.16,288.04,231.4,-1.61,-7.83,-1.27,10.34,16.36,12.84,15.66,6.5,13,50,555892,98.67,1.25,9.23,Financials,0.23,3.33,7.46,1.89,0.5,0.76,0.99,13.96,Equity : ETFs,Nil
LIC MF Nifty 50 Index Fund(G),Sumit Bhatnagar,EQ-INDX,3,319.3,1.01,Open Ended,28-Nov-02,NIFTY 50 - TRI,133.27,144.63,116.96,-1.7,-8.08,-1.76,9.25,15.2,11.74,14.45,11.02,10,50,556332,98.46,1.23,14.36,Financials,0.3,2.03,7.01,0.88,0.42,0.64,0.99,13.94,Equity : Index Funds,0.25% on or before 7D Nil after 7D
LIC MF Nifty 8-13 yr G-Sec ETF,Marzban Irani,DT-ETF,2,2440.6,0.16,Open Ended,24-Dec-14,Nifty 8-13 yr G-Sec,26.75,26.78,24.39,0.41,1.04,4.84,9.51,8.64,5.99,5.98,7.07,0,46,50205,47.79,7.53,79.28,Financials,8.96,6.63,6.9,1.86,2.47,4.38,1.13,2.11,Debt : ETFs,Nil
LIC MF Nifty Midcap 100 ETF,Sumit Bhatnagar,EQ-ETF,1,696.7,0.16,Open Ended,19-Feb-24,Nifty Midcap 100 - TRI,58.13,60.92,45.92,1.86,-4.77,2.12,7.73,7.53,6.4,4.89,16.37,18.06,101,64423,8.01,88.99,2.87,Financials,0.69,6.89,7.41,5.24,1.09,3.87,1.69,0.62,Equity : ETFs,Nil
LIC MF Nifty Next 50 Index Fund(G),Sumit Bhatnagar,EQ-INDX,3,96.9,0.9,Open Ended,20-Sep-10,NIFTY NEXT 50 - TRI,51.2,57.63,39.62,-3.46,-11.65,-5.56,27.28,27.23,17.59,18.91,13.31,48,50,143072,87.79,11.68,0.38,Financials,0.12,0.45,7.5,16.91,1.13,1.63,1.14,20.08,Equity : Index Funds,Nil
LIC MF Overnight Fund-Reg(G),Rahul Singh,DT-ON,2,821.4,0.2,Open Ended,18-Jul-19,Nifty 1D Rate Index,1294.06,1294.06,1214.46,0.55,1.59,3.21,6.58,6.55,5.9,4.8,17.4,0,30,50745,49.35,37.72,7.51,Financials,0.01,0.01,6.67,0.25,26.5,1.8,0.78,0.01,Debt : Overnight,Nil
LIC MF Short Duration Fund-Reg(G),Marzban Irani,DT-SD,2,108.5,1.33,Open Ended,01-Feb-19,CRISIL Short Duration Debt Index,13.96,13.96,13,0.48,1.37,3.78,7.42,6.78,5.18,5.17,12.33,0,51,395939,11.43,20.76,3.69,Healthcare,3.14,2.65,7.32,2.39,4.91,10.16,0.32,0.68,Debt : Short Duration,Nil
LIC MF Small Cap Fund(G),Nikhil Rungta,EQ-SML,2,411.4,2.49,Open Ended,21-Jun-17,Nifty Smallcap 250 - TRI,34.69,34.71,23.08,2.53,0.26,7.08,40.83,37.5,24.9,30.42,13.08,96,67,9701,2.05,9.97,85.13,Capital Goods,2.3,1.51,7.3,29.03,1.69,2.48,0.82,19.65,Equity : Small Cap,Nil upto 12% of units and 1% for remaining units on or before 12M Nil after 12M
LIC MF ULIS,Dikshit Mittal,HY-SOL,3,498.7,2.39,Open Ended,19-Jun-89,CRISIL Hybrid 35+65 - Aggressive Index,36.07,37.66,31.11,-0.78,-4.59,0.93,12.08,14.93,9.89,12.25,9.52,5,43,161074,47.72,6.9,18.53,Financials,3.59,3.59,7.57,3.58,0.77,1.19,1.49,10.39,Hybrid : Solution Oriented,Nil
LIC MF Ultra Short Duration Fund-Reg(G),Rahul Singh,DT-USD,2,345.7,0.95,Open Ended,27-Nov-19,CRISIL Ultra Short Term Debt Index,1277.22,1277.22,1195.16,0.57,1.63,3.34,6.88,6.41,5.68,4.89,5.61,0,42,203047,86.88,19.04,41.45,Financials,0.28,0.28,7.15,2.77,9.92,20.3,0.02,0.29,Debt : Ultra Short Duration,Nil
LIC MF Value Fund-Reg(G),Nikhil Rungta,EQ-VAL,2,142.7,2.52,Open Ended,20-Aug-18,NIFTY 500 - TRI,26.9,27.22,20.27,2.61,-0.68,8.65,30.44,27.14,19.4,20.61,16.28,130,59,28296,28.44,7.65,61.99,Financials,14.61,3.18,7.62,19.61,1.46,2.13,0.99,16.81,Equity : Value / Contra,Nil upto 12% of units and 1% for remaining units on or before 12M Nil after 12M
Mahindra Manulife Aggressive Hybrid Fund-Reg(G),Fatema Pacha,HY-EQ,4,1503,2.07,Open Ended,19-Jul-19,CRISIL Hybrid 35+65 - Aggressive Index,26.22,27.47,21.55,-0.76,-4.94,1.73,19.73,22.16,15.96,18.88,15.65,85,63,221538,55.83,11.46,10.42,Financials,9.74,4.8,7.61,10.56,1.33,1.98,1.64,11.55,Hybrid : Equity Oriented,Nil upto 10% of units and 1% for remaining units on or before 3M Nil after 3M
Mahindra Manulife Arbitrage Fund-Reg(G),Navin Matta,HY-ARB,2,106.5,1.21,Open Ended,24-Aug-20,Nifty 50 Arbitrage,12.02,12.02,11.34,0.53,1.49,2.78,6.09,5.94,5.02,6.08,12.32,893,27,287240,57.32,11.59,11.32,Energy,0.15,0.15,6.58,2.24,1.88,4.05,-0.1,1.03,Hybrid : Arbitrage,0.25% on or before 30D Nil after 30D
Mahindra Manulife Asia Pacific REITs FOF-Reg(G),Krishna Sanghavi,FOF-OVR,5,22,1.36,Open Ended,20-Oct-21,FTSE EPRA Nareit Asia ex Japan REITs Index,8.13,9.37,7.49,-2.6,-13.35,5.34,-9.69,-4.31,-5.2,14,5.96,0,29,555830,54.5,33.45,24.86,Technology,13.43,0.79,7.04,-19.38,-1.06,-1.84,1.56,13.56,FoFs : Overseas,Nil upto 10% of units and 1% for remaining units on or before 12M Nil after 12M
Mahindra Manulife Balanced Advantage Fund-Reg(G),Manish Lodha,HY-DYN,4,904.3,2.22,Open Ended,30-Dec-21,NIFTY 50 Hybrid Composite Debt 50:50 Index,14.24,14.54,12.34,0.13,-2.51,1.44,14.13,17.5,12.46,18.13,14.64,308,56,188391,39.14,17.72,8.7,Financials,5.55,3.01,7.12,4.94,0.94,1.31,1.83,10.9,Hybrid : Dynamic Asset Allocation,Nil upto 10% of units and 1% for remaining units on or before 3M Nil after 3M
Mahindra Manulife Business Cycle Fund-Reg(G),Krishna Sanghavi,EQ-THEM,2,1183,2.11,Open Ended,11-Sep-23,NIFTY 500 - TRI,14.66,16.1,11.57,-1.62,-9.45,-1.14,24.82,7.23,10.57,4.57,6.94,77,63,108045,54.23,9.11,32.4,Financials,0.25,3.49,6.71,16.03,1.2,1.7,1.06,17.75,Equity : Thematic,1% on or before 3M Nil after 3M
Mahindra Manulife Consumption Fund-Reg(G),Navin Matta,EQ-CONS,5,423.3,2.37,Open Ended,13-Nov-18,Nifty India Consumption - TRI,23.24,25.55,18.75,-0.14,-9.4,1.44,22.33,25.7,19.33,17.78,6.82,49,51,101469,60.87,10.88,24.28,FMCG,9.88,2.25,6.7,13.81,1.32,2.24,0.74,13.35,Equity : Thematic - Consumption,1% on or before 3M Nil after 3M
Mahindra Manulife Dynamic Bond Fund-Reg(G),Rahul Pal,DT-CR,4,80.1,1.57,Open Ended,20-Aug-18,CRISIL Dynamic Bond Index,13.7,13.73,12.63,0.33,0.23,3.41,8.32,7.05,4.94,4.56,14.18,0,42,685223,31.05,25.91,99.89,Metals,15.89,7.16,7.3,1.01,2.09,3.59,1.04,1.96,Debt : Credit Risk,Nil
Mahindra Manulife ELSS Tax Saver Fund-Reg(G),Fatema Pacha,EQ-ELSS,4,931.2,2.17,Open Ended,18-Oct-16,NIFTY 500 - TRI,27.66,29.63,23.99,-1.2,-7.02,-2.31,12.71,19.63,13.57,18.27,9.83,87,56,214495,63.54,14.62,17.54,Financials,14.87,4.58,6.9,4.38,0.66,0.96,0.92,13.73,Equity : Tax Saving (ELSS),Nil
Mahindra Manulife Equity Savings Fund-Reg(G),Manish Lodha,HY-EQ,3,580.1,2.35,Open Ended,01-Feb-17,NIFTY 50 Equity Savings Index - TRI,19.91,20.18,18.18,-0.17,-1.75,1.22,8.4,11.6,8.49,10.83,6.95,423,66,202485,49.85,8.37,7.86,Financials,2.24,1.82,7.36,1.79,0.77,1.12,0.86,5.57,Hybrid : Equity Oriented,Nil upto 10% of units and 1% for remaining units on or before 15D Nil after 15D
Mahindra Manulife Flexi Cap Fund-Reg(G),Fatema Pacha,EQ-FLEX,1,1457.5,2.06,Open Ended,23-Aug-21,NIFTY 500 - TRI,15.87,16.98,13.48,-0.97,-7,-1.23,15.23,23.45,15.74,12.49,17.25,91,59,196142,62.8,17.36,17.5,Financials,2.85,5.82,7.16,6.7,0.8,1.16,0.95,14.43,Equity : Flexi Cap,1% on or before 3M Nil after 3M
Mahindra Manulife Focused Fund-Reg(G),Krishna Sanghavi,EQ-FLEX,2,1880,2.02,Open Ended,17-Nov-20,NIFTY 500 - TRI,25.95,28.38,21.16,-2.29,-9.14,-3.11,20.09,25.99,20.03,15.51,17.42,46,30,326895,81.42,6.65,6.6,Financials,0.45,12.14,7.02,11.47,1.07,1.57,1.02,15.58,Equity : Flexi Cap,1% on or before 3M Nil after 3M
Mahindra Manulife Large & Mid Cap Fund-Reg(G),Manish Lodha,EQ-L&M,5,2537.6,1.95,Open Ended,30-Dec-19,NIFTY LargeMidcap 250 - TRI,27.11,28.74,22.81,0.52,-6.06,-1.4,16.52,24.76,16.84,22,16.45,147,65,122694,45.7,35.62,15.53,Financials,0.09,6.91,8.67,8.32,0.75,1.03,1.07,18.27,Equity : Large & Mid Cap,1% on or before 3M Nil after 3M
Mahindra Manulife Large Cap Fund-Reg(G),Fatema Pacha,EQ-LC,3,595,2.34,Open Ended,15-Mar-19,NIFTY 100 - TRI,22.33,24.14,18.93,-2.03,-7.7,-2.46,13.22,18.18,12.65,15.54,12.48,86,41,365810,85.1,7.86,3.88,Financials,2.25,3.41,6.79,4.79,0.69,1.03,0.97,13.95,Equity : Large Cap,1% on or before 3M Nil after 3M
Mahindra Manulife Liquid Fund-Reg(G),Rahul Pal,DT-LIQ,5,1310.8,0.27,Open Ended,04-Jul-16,CRISIL Liquid Debt Index,1642.86,1642.86,1530.64,0.59,1.75,3.55,7.35,7.19,6.42,5.36,7.43,0,50,277724,43.85,20.93,1.31,Energy,0.11,0.11,7.13,0.73,12.53,5.44,1.14,0.06,Debt : Liquid,0.007% for Day 1 0.0065% on Day 2 0.0060% on Day 3 0.0055% on Day 4 0.0050% on Day 5 0.0045% on Day 6 NIL on or after 7D
Mahindra Manulife Low Duration Fund-Reg(G),Rahul Pal,DT-LOWD,2,593.9,1.09,Open Ended,15-Feb-17,CRISIL Low Duration Debt Index,1575.31,1575.31,1470.36,0.59,1.68,3.54,7.15,6.91,5.84,5.39,14.2,0,91,555565,85.94,43.07,6.93,Financials,1.21,0.88,7.75,2.87,9.57,18.57,0.08,0.32,Debt : Low Duration,Nil
Mahindra Manulife Manufacturing Fund-Reg(G),Renjith Sivaram,EQ-THEM,2,895.6,2.23,Open Ended,24-Jun-24,BSE India Manufacturing Index - TRI,9.57,10.55,9.29,-2.77,-10.19,-6.13,9.51,7.95,6.31,6.87,18.02,0,59,63834,48.53,9.18,39.9,Automobile and Ancillaries,4.07,1.11,7.77,14.46,0.6,1.48,0.07,0.06,Equity : Thematic,0.50% on or before 3M Nil after 3M
Mahindra Manulife Mid Cap Fund-Reg(G),Kirti Dalvi,EQ-MID,3,3460.9,1.89,Open Ended,30-Jan-18,Nifty Midcap 150 - TRI,33.83,35.53,25.84,0.34,-5.06,1.92,28.98,38.31,24.42,27.84,11.93,65,68,69665,22.99,60.54,12.58,Financials,0.3,0.75,6.8,19.23,1.35,1.93,1,18.04,Equity : Mid Cap,1% on or before 3M Nil after 3M
Mahindra Manulife Multi Asset Allocation Fund-Reg(G),Renjith Sivaram,HY-MULTI,1,544.8,2.04,Open Ended,13-Mar-24,NIFTY 500 - TRI,11.17,11.47,10,-0.72,-3.2,1.23,26.13,27.82,8.92,20.61,7.48,0,63,110301,22.87,6.97,9.68,Financials,8.62,5.17,7.42,-3.65,0.9,5.34,0.05,9.99,Hybrid : Multi Asset Allocation,0.50% on or before 3M Nil after 3M
Mahindra Manulife Multi Cap Fund-Reg(G),Manish Lodha,EQ-MLC,5,4857.8,1.84,Open Ended,11-May-17,Nifty500 Multicap 50:25:25 - TRI,35.39,37.19,28.41,1.8,-5.05,1.15,23.18,29.52,19.54,24.44,7.37,130,67,105413,42.52,28.2,24.19,Financials,1.4,0.11,7.54,14.34,1.06,1.46,1.07,18.68,Equity : Multi Cap,1% on or before 3M Nil after 3M
Mahindra Manulife Overnight Fund-Reg(G),Rahul Pal,DT-ON,2,300.7,0.19,Open Ended,23-Jul-19,CRISIL Liquid Overnight Index,1294.35,1294.35,1214.35,0.55,1.6,3.23,6.61,6.59,5.94,4.84,10.34,0,62,323589,32.25,13.35,9.1,Financials,0.01,0.01,6.71,0.25,31.92,1.96,0.86,0.01,Debt : Overnight,Nil
Mahindra Manulife Short Duration Fund-Reg(G),Rahul Pal,DT-SD,1,69.7,1.26,Open Ended,23-Feb-21,CRISIL Short Duration Debt Index,12.22,12.22,11.37,0.55,1.43,3.87,7.47,7.04,5.58,23.44,6.13,0,501,246567,37.77,11.72,19.53,Financials,2.35,1.96,7.68,2.49,5.18,10.84,0.3,0.65,Debt : Short Duration,Nil
Mahindra Manulife Small Cap Fund-Reg(G),Vishal Jajoo,EQ-SML,3,4269.3,1.84,Open Ended,12-Dec-22,BSE 250 Small Cap - TRI,20.17,21.47,15.2,-0.2,-6.46,2.66,27.43,41.94,12.58,4.82,6.01,76,76,22308,11.11,8.54,75.6,Capital Goods,1.73,0.01,6.9,18.72,1.2,1.71,0.98,19.63,Equity : Small Cap,1% on or before 3M Nil after 3M
Mahindra Manulife Ultra Short Duration Fund-Reg(G),Rahul Pal,DT-USD,2,222.5,0.7,Open Ended,17-Oct-19,CRISIL Ultra Short Term Debt Index,1327.26,1327.26,1237.08,0.62,1.73,3.53,7.3,7.09,6.18,5.54,17.86,0,100,91267,38.64,6.28,3.71,Financials,0.49,0.42,7.56,3.15,10.51,22.07,0.04,0.31,Debt : Ultra Short Duration,Nil
Mirae Asset Aggressive Hybrid Fund-Reg(G),Harshad Borawake,HY-EQ,4,9054.4,1.72,Open Ended,29-Jul-15,CRISIL Hybrid 35+65 - Aggressive Index,31,32.63,26.6,-1.15,-5.47,1.08,13.84,16.88,11.97,14.38,6.56,96,75,220719,54.5,10.2,10.19,Financials,4.57,3.33,7.37,4.33,0.89,1.29,1.88,11.04,Hybrid : Equity Oriented,1% on or before 1Y(365D) Nil after 1Y(365D)
Mirae Asset Arbitrage Fund-Reg(G),Jignesh Rao,HY-ARB,5,3061.2,0.92,Open Ended,19-Jun-20,Nifty 50 Arbitrage,12.62,12.62,11.76,0.67,1.81,3.41,7.42,7.25,6.21,21.38,15.57,1954,148,134229,48.47,20.78,6.94,Financials,0.02,0.02,6.63,3.58,3.2,7.16,-0.09,1.03,Hybrid : Arbitrage,0.25% on or before 15D Nil after 15D
Mirae Asset Balanced Advantage Fund-Reg(G),Harshad Borawake,HY-DYN,1,1774.8,2.07,Open Ended,11-Aug-22,NIFTY 50 Hybrid Composite Debt 50:50 Index,13.55,13.87,12.01,-0.2,-2.64,1.77,11.3,15,19.43,5.2,8.94,287,95,218202,49.9,7.71,7.85,Financials,3.62,2.79,7,3.5,0.96,1.39,1.26,7.47,Hybrid : Dynamic Asset Allocation,1% on or before 6M (180D) Nil after 6M (180D)
Mirae Asset Banking and Financial Services Fund-Reg(G),Gaurav Kochar,EQ-FIN,5,1857.4,2.05,Open Ended,11-Dec-20,Nifty Financial Services - TRI,18.8,19.7,15.89,-1.39,-4.5,-1.71,12.13,17.01,15.83,23.52,6.29,37,30,191937,64.26,15.24,19.93,Financials,6.87,3.37,6.19,3.75,0.54,0.79,1.04,16.53,Equity : Sectoral - Financial Services,1% on or before 1Y Nil after 1Y
Mirae Asset Banking and PSU Fund-Reg(G),Kruti Chheta,DT-B&PSU,1,53.4,0.81,Open Ended,24-Jul-20,CRISIL Banking and PSU Debt Index,12.42,12.42,11.51,0.65,1.58,3.97,7.91,7.11,5.61,4.69,7.16,0,59,97440,54.71,13.58,16.03,FMCG,6.87,4.28,7.31,2.62,4.57,9.46,0.41,0.84,Debt : Banking & PSU,Nil
Mirae Asset BSE Sensex ETF,Ekta Gala,EQ-ETF,4,14.9,0.05,Open Ended,29-Sep-23,BSE SENSEX - TRI,80.97,86.8,70.51,-1.63,-6.68,-0.81,9.83,34.81,18.02,5.66,15.06,56,30,684567,99.22,0.72,0.54,Financials,9.99,6.91,6.88,1.76,0.46,0.71,0.99,13.83,Equity : ETFs,Nil
Mirae Asset Corp Bond Fund-Reg(G),Amit Modani,DT-CORP,3,42.4,0.67,Open Ended,17-Mar-21,CRISIL Corporate Bond Index,12.22,12.22,11.31,0.67,1.61,4.07,7.98,7.11,5.66,5.03,12.33,0,57,135337,45.35,7.44,0.77,Financials,7.12,4.32,7.39,2.67,4.63,9.35,0.4,0.84,Debt : Corporate Bond,Nil
Mirae Asset CRISIL IBX Gilt Index - April 2033 Index Fund-Reg(G),Amit Modani,DT-GILT,3,252,0.39,Open Ended,20-Oct-22,CRISIL IBX Gilt Index - April 2033,12.04,12.05,11,0.47,1.03,4.7,9.33,8.45,25.9,29.48,6,0,78,290187,92.14,23.31,26.86,Energy,7.92,5.82,6.93,2.04,2.73,4.95,0.99,1.83,Debt : Gilt,Nil
Mirae Asset Dynamic Bond Fund-Reg(G),Amit Modani,DT-DYN,3,119.9,1.08,Open Ended,24-Mar-17,CRISIL Dynamic Bond Index,15.52,15.52,14.49,0.5,1.38,3.5,7.11,6.43,4.71,5.2,14.9,0,51,515689,83.27,58.22,5.72,Financials,2.18,1.91,7.2,2.34,5.24,11.59,0.22,0.57,Debt : Dynamic Bond,Nil
Mirae Asset ELSS Tax Saver Fund-Reg(G),Neelesh Surana,EQ-ELSS,4,25315.2,1.56,Open Ended,28-Dec-15,NIFTY 500 - TRI,47.36,50.29,39.22,-1.09,-6.16,0.99,17.2,22.59,14.78,19.68,9.8,127,92,170568,63.98,14.36,21.02,Financials,7.23,5.77,6.65,8.72,0.94,1.37,0.94,14.27,Equity : Tax Saving (ELSS),Nil
Mirae Asset Equity Allocator FoF-Reg(G),Bharti Sawant,FOF-DOM,4,865.1,0.12,Open Ended,21-Sep-20,NIFTY 200 - TRI,24.36,26.28,20.5,-1.12,-7.74,-1.15,15.18,21.04,15.31,6.87,5.75,223,501,219483,67.7,14.14,32.17,Financials,3.37,2.79,7.09,4.23,0.79,1.14,2.48,14.53,FoFs : Domestic,0.05% on or before 5D Nil after 5D
Mirae Asset Equity Savings Fund-Reg(G),Harshad Borawake,HY-EQ,3,1374.1,1.31,Open Ended,17-Dec-18,NIFTY 50 Equity Savings Index,19.43,19.59,17.27,0.2,-1.21,3.05,11.52,13.01,9.89,11.67,17.07,460,99,214796,50.5,8.87,7.26,Financials,3.04,2.42,6.93,4.56,1.32,1.94,0.92,5.5,Hybrid : Equity Oriented,1% on or before 90D Nil after 90D
Mirae Asset Flexi Cap Fund-Reg(G),Varun Goel,EQ-FLEX,2,2455.2,1.97,Open Ended,24-Feb-23,NIFTY 500 - TRI,15.43,16.04,12.71,0.25,-4.17,2.02,17.76,19.26,16.79,16.67,14.38,46,78,148434,60.38,13.23,23.27,Financials,2.26,8.71,7.08,8.97,0.95,1.37,0.94,14.44,Equity : Flexi Cap,1% on or before 365D Nil after 365D
Mirae Asset Focused Fund-Reg(G),Gaurav Misra,EQ-MLC,2,8286.6,1.75,Open Ended,14-May-19,NIFTY 500 - TRI,25.73,26.78,21.19,-0.14,-3.8,6.82,16.59,17.14,8.73,16.48,6.79,33,30,101072,37.17,31.22,25.97,Financials,5.01,4.82,7.11,8.39,0.97,1.46,0.81,12.89,Equity : Multi Cap,1% on or before 1Y(365D) Nil after 1Y(365D)
Mirae Asset Global Electric & Autonomous Vehicles ETFs FoF-Reg(G),Siddharth Srivastava,FOF-OVR,2,61.4,0.53,Open Ended,07-Sep-22,Solactive Autonomous & Electric Vehicles Index - TRI,9.8,10.19,8.39,-0.18,0.47,4.62,-3.78,5.13,17.93,14.02,6.11,6,68,63999,68.43,9.04,1.58,Technology,1.89,8.39,6.82,-9.95,-0.27,-0.46,1.38,21.68,FoFs : Overseas,1% on or before 1Y(365D) Nil after 1Y(365D)
Mirae Asset Global X Artificial Intelligence & Technology ETF FoF-Reg(G),Siddharth Srivastava,FOF-OVR,4,325.6,0.4,Open Ended,07-Sep-22,Indxx Artificial Intelligence & Big Data Index - TRI,19.41,20.18,14.6,0.85,6.14,11.1,27.41,40.51,13.85,14.53,6.61,86,51,556099,60.13,10.54,68.22,FMCG,5.75,2.53,6.69,21.62,1.18,1.91,0.62,19.76,FoFs : Overseas,1% on or before 1Y(365D) Nil after 1Y(365D)
Mirae Asset Gold ETF,Ritesh Patel,GOLD-ETF,2,456.9,0.34,Open Ended,20-Feb-23,Gold-India,75.79,78.38,61.06,-0.72,0.75,5.74,19.26,23.52,33.96,26.49,7.43,54.12,50,51216,55.93,9.17,15.4,Financials,4.63,0.78,4.24,14.59,1.19,1.8,0.09,12.47,Gold : ETFs,1% on or before 1M Nil after 1M
Mirae Asset Gold ETF FoF-Reg(G),Ritesh Patel,GOLD-ETF,4,22.7,0.63,Open Ended,25-Oct-24,Gold-India,9.87,10.21,9.5,-0.15,1.7,-1.6,25.07,15.73,5.96,4.87,9.93,0,30,193796,16.09,20.92,51.38,Financials,0.11,5.82,6.85,28.65,1.18,2.11,0.99,17.69,Gold : ETFs,0.05% on or before 15D Nil after 15D
Mirae Asset Great Consumer Fund-Reg(G),Ankit Jain,EQ-CONS,3,4156.1,1.84,Open Ended,29-Mar-11,Nifty India Consumption - TRI,94.15,104.23,75.64,-0.08,-10.49,2.59,18.11,26.43,19.52,20.19,15.95,40,42,111691,63.03,10.54,25.83,FMCG,14.84,2.76,7.31,10.13,1.1,1.85,0.67,12.29,Equity : Thematic - Consumption,1% on or before 1Y(365D) Nil after 1Y(365D)
Mirae Asset Hang Seng TECH ETF,Siddharth Srivastava,EQ-ETF,3,305.9,0.61,Open Ended,07-Dec-21,Hang Seng TECH TRI,16.03,19.45,10.62,4.09,-4.01,29.74,23.24,4.82,-3.69,2.92,14.59,53,30,95148,67.97,24.47,30.61,Healthcare,0.01,0.02,6.83,18.6,0.68,1.2,1.9,36.72,Equity : ETFs,Nil upto 10% of units and 1% for remaining units on or before 1Y Nil after 1Y
Mirae Asset Hang Seng TECH ETF FoF-Reg(G),Ekta Gala,FOF-OVR,3,82.2,0.53,Open Ended,08-Dec-21,Hang Seng TECH TRI,9.37,11.14,6.23,-1.81,0.42,29.75,30,10.61,-0.11,15.57,7.82,92.63,30,238588,38.41,19.22,2.44,Financials,3.5,6.44,8.01,27.17,0.87,1.65,0.7,33.86,FoFs : Overseas,0.50% on or before 3M Nil after 3M
Mirae Asset Healthcare Fund-Reg(G),Vrijesh Kasera,EQ-PHRM,4,2742.9,1.93,Open Ended,02-Jul-18,BSE Health Care - TRI,39.91,39.91,28.88,4.5,1.54,21.31,39.3,37.34,18.35,29.36,11.86,35,32,70312,35.26,38.03,26.25,Healthcare,5.42,3.14,7.22,28.55,2.36,4.33,0.45,13.05,Equity : Sectoral - Pharma,1% on or before 1Y(365D) Nil after 1Y(365D)
Mirae Asset Large & Midcap Fund-Reg(G),Neelesh Surana,EQ-L&M,5,38680.3,1.53,Open Ended,09-Jul-10,NIFTY LargeMidcap 250 - TRI,146.69,156.99,123.04,-1.01,-7.04,-0.93,15.58,22.72,14.28,20.2,17.86,89,101,136758,53.77,27.89,17.91,Financials,2.36,5.68,7.04,7.23,0.8,1.16,0.95,14.98,Equity : Large & Mid Cap,1% on or before 1Y(365D) Nil after 1Y(365D)
Mirae Asset Large Cap Fund-Reg(G),Gaurav Misra,EQ-LC,4,39554.8,1.52,Open Ended,04-Apr-08,NIFTY 100 - TRI,108.88,117.12,93.12,-1.48,-7.14,0.23,13.13,16.25,11.34,14.72,13.15,46,83,323443,80.44,11.68,7.27,Financials,0.01,0.87,7.62,4.61,0.7,1.05,0.93,13.3,Equity : Large Cap,1% on or before 1Y(365D) Nil after 1Y(365D)
Mirae Asset Liquid Fund-Reg(G),Abhishek Iyer,DT-LIQ,3,15672.8,0.2,Open Ended,12-Jan-09,Nifty Liquid Fund Index,2647.39,2647.39,2466.66,0.59,1.75,3.55,7.35,7.17,6.4,5.32,6.21,0,4,160082,70.26,13.57,4.41,Retail and Other Services,0.11,0.11,7,0.73,10.47,5.51,0.87,0.07,Debt : Liquid,0.007% for Day 1 0.0065% on Day 2 0.0060% on Day 3 0.0055% on Day 4 0.0050% on Day 5 0.0045% on Day 6 NIL on or after 7D
Mirae Asset Long Duration Fund-Reg(G),Kruti Chheta,DT-LD,3,2961.9,0.22,Open Ended,06-Dec-24,CRISIL Long Duration Debt Index,9.99,10.04,9.97,-3.92,-11.65,-1.5,7.64,15.33,19.23,4.82,9.76,41,51,158503,32.93,7.9,1.62,Financials,5.55,7.14,7.65,12.68,0.81,-0.46,0.98,0.55,Debt : Long Duration,NIL
Mirae Asset Low Duration Fund-Reg Savings Plan(G),Basant Bafna,DT-LOWD,2,1163.7,0.85,Open Ended,05-Mar-08,NIFTY Low Duration Debt Index,2174.42,2174.42,2025.83,0.61,1.69,3.59,7.35,6.98,5.97,5.52,5.96,0,95,264069,52.15,19.1,18.47,Capital Goods,0.94,0.85,7.59,3.1,10.25,20.29,0.07,0.32,Debt : Low Duration,Nil
Mirae Asset Midcap Fund-Reg(G),Ankit Jain,EQ-MID,5,16695.4,1.67,Open Ended,29-Jul-19,Nifty Midcap 150 - TRI,35.45,37.66,28.79,-0.04,-6.75,0.11,19.09,27.24,19.43,25.33,7.04,96,83,46042,11.14,58.22,29.92,Financials,3.62,8.55,7.57,11.14,0.98,1.43,0.87,15.87,Equity : Mid Cap,1% on or before 365D Nil after 365D
Mirae Asset Money Market Fund-Reg(G),Amit Modani,DT-MM,5,1585.3,0.43,Open Ended,11-Aug-21,Nifty Money Market Index,1213,1213,1128.7,0.62,1.78,3.67,7.49,7.13,6.21,7.44,6.77,0,65,173579,19.19,11.76,18.19,Financials,0.28,0.28,7.27,3.35,10.92,22.26,0.03,0.32,Debt : Money Market,NIL
Mirae Asset Multi Asset Allocation Fund-Reg(G),Harshad Borawake,HY-MULTI,4,1755.9,2.01,Open Ended,31-Jan-24,NIFTY 500 - TRI,11.33,11.59,9.98,-0.23,-2.57,2.32,10.15,13.88,16.03,5.95,5.78,0,105,197811,49.09,7.89,9.2,Financials,4.2,3.08,6.81,2.57,4.2,1.11,1,16.42,Hybrid : Multi Asset Allocation,1% on or before 6M (180D) Nil after 6M (180D)
Mirae Asset Multicap Fund-Reg(G),Ankit Jain,EQ-MLC,5,3437.3,1.88,Open Ended,21-Aug-23,Nifty500 Multicap 50:25:25 - TRI,13.85,14.53,11.44,-0.78,-5.33,0.58,16.94,24.21,5.67,7.33,6.16,98,86,78437,45.65,17.26,36.32,Financials,3.62,2.5,7.38,8.87,0.91,1.31,0.88,14.69,Equity : Multi Cap,1% on or before 365D Nil after 365D
Mirae Asset Nifty 100 ESG Sector Leaders ETF,Ekta Gala,EQ-ETF,2,125,0.41,Open Ended,18-Nov-20,Nifty100 ESG Sector Leaders - TRI,40.81,44.41,35.2,-1.66,-8.31,-1.43,12.19,16.04,11.12,5.22,13.25,4,69,476675,96.56,3.46,15.32,Financials,0.27,2.4,7.04,3.96,0.61,0.94,0.99,13.96,Equity : ETFs,Nil
Mirae Asset Nifty 100 ESG Sector Leaders FoF-Reg(G),Ekta Gala,FOF-DOM,1,101,0.42,Open Ended,18-Nov-20,Nifty100 ESG Sector Leaders - TRI,17.8,19.43,15.48,-1.75,-8.44,-1.45,11.71,15.42,10.46,6.34,9.93,25,1,360016,28.39,7.31,22.85,Financials,2.93,0.02,7.09,1.61,0.59,0.9,2.19,13.62,FoFs : Domestic,0.05% on or before 15D Nil after 15D
Mirae Asset Nifty 100 Low Volatility 30 ETF,Ekta Gala,EQ-ETF,5,27.1,0.24,Open Ended,24-Mar-23,Nifty100 Low Volatility 30 - TRI,198.89,219.64,170.82,-0.48,-10.01,0.75,12.35,28.28,5.93,5.56,5.76,0,30,323008,96.46,3.44,11.92,FMCG,4.99,1.05,7.36,5.19,0.74,1.27,0.7,11.43,Equity : ETFs,NIL
Mirae Asset Nifty 1D Rate Liquid ETF(G),Amit Modani,DT-ETF,4,85.7,0.14,Open Ended,07-Nov-24,Nifty 1D Rate Index,1010.13,1010.13,1000,0.54,0.7,-3.13,19.49,18.09,5.89,22.95,14.97,0,28,112125,98.71,24.04,12.09,Capital Goods,0.01,0.01,6.66,7.71,9.51,1.04,0.41,2.48,Debt : ETFs,1% on or before 12M Nil after 12M
Mirae Asset Nifty 1D Rate Liquid ETF(IDCW),Amit Modani,DT-ETF,3,443.7,0.28,Open Ended,27-Jul-23,Nifty 1D Rate Index,1000,1000,1000,0.52,1.55,3.12,6.35,22.44,21.85,11.12,9.44,0,32,100811,2.26,3.94,2.92,Automobile and Ancillaries,0.01,0.01,6.66,0.1,2.9,0.66,0.87,0.03,Debt : ETFs,Nil for 15% of investment and 1% for remaining Investment on or before 1Y Nil after 1Y
Mirae Asset Nifty 200 Alpha 30 ETF,Ekta Gala,EQ-ETF,5,356.1,0.4,Open Ended,20-Oct-23,Nifty200 Alpha 30 - TRI,27.01,29.51,20.88,0.57,-8.28,-4.25,26.8,20.38,5.96,5.76,3.34,2124.14,30,136120,63.47,36.54,28.52,Automobile and Ancillaries,4.77,3.5,8.67,17.24,0.97,1.41,1.3,23.9,Equity : ETFs,Nil
Mirae Asset Nifty 50 ETF,Ekta Gala,EQ-ETF,5,3953.3,0.04,Open Ended,20-Nov-18,NIFTY 50 - TRI,257.95,279.15,224.14,-1.61,-7.82,-1.24,10.39,16.49,12.92,15.67,7.77,33,50,555828,98.74,1.25,5.9,Financials,1.6,5.82,7.47,2.32,0.5,0.76,0.99,13.91,Equity : ETFs,Nil upto 5% of units and 1% for remaining units on or before 30D Nil after 30D
Mirae Asset Nifty 50 Index Fund-Reg(G),Ekta Gala,EQ-INDX,3,12.2,0.75,Open Ended,24-Oct-24,NIFTY 50 - TRI,9.91,10.16,9.58,-1.69,9.86,3.21,1.24,33.65,-3.39,5.95,18.03,0,50,556099,98.63,1.24,10.74,Financials,5.47,2.91,6.99,-39.44,0.46,2.3,0.41,17.36,Equity : Index Funds,NIL
Mirae Asset Nifty 8-13 yr G-Sec ETF,Amit Modani,DT-ETF,2,86.9,0.1,Open Ended,31-Mar-23,Nifty 8-13 yr G-Sec,27.53,27.57,25.11,0.41,1.04,4.84,9.5,7.85,14.1,14.06,11.76,0,12,437035,74.52,23.45,28.81,Financials,9.14,6.57,6.9,1.89,2.49,4.41,1.11,2.09,Debt : ETFs,Nil upto 25% of units and 1% for remaining units on or before 1Y Nil after 1Y
Mirae Asset Nifty AAA PSU Bond Plus SDL Apr 2026 50:50 Index Fund-Reg(G),Amit Modani,DT-B&PSU,5,93.6,0.33,Open Ended,20-Oct-22,Nifty AAA Bond Plus SDL Apr 2026 50:50 Index,11.66,11.66,10.84,0.57,1.64,3.68,7.55,7.17,6.24,5.11,8.43,0,30,244307,45.72,13.58,12.74,Financials,1.21,1.09,7.31,3.05,7.38,16.6,0.15,0.47,Debt : Banking & PSU,Nil
Mirae Asset Nifty Bank ETF,Ekta Gala,EQ-ETF,5,217.7,0.09,Open Ended,20-Jul-23,NIFTY BANK - TRI,520.18,548.32,448.8,-1.93,-3.55,-2.69,6.67,0,23.42,6.15,6.04,0,12,538945,86.43,13.58,3.07,Financials,0.01,6.74,7.07,-1.21,0.22,0.33,1.08,17.44,Equity : ETFs,0.25% on or before 30D
Mirae Asset Nifty EV and New Age Automotive ETF,Ekta Gala,EQ-ETF,5,158.5,0.45,Open Ended,10-Jul-24,Nifty EV and New Age Automotive - TRI,30.55,35.34,29.44,-1.99,-14.43,3.48,7.99,17.14,12.29,20.21,10.37,12,33,102161,51.57,34.32,14.1,Automobile and Ancillaries,0.46,2.51,7.52,7.74,1.48,4.76,-0.21,4.77,Equity : ETFs,1% on or before 1Y Nil after 1Y
Mirae Asset Nifty Financial Services ETF,Ekta Gala,EQ-ETF,3,270.8,0.12,Open Ended,30-Jul-21,Nifty Financial Services - TRI,24.59,25.77,20.24,-1.64,-3.5,0.18,10.97,13.15,12.36,24.68,11.33,0,20,610545,95.6,3.62,0.77,Financials,1.79,0.29,7.15,2.72,0.45,0.66,1.09,17.2,Equity : ETFs,Nil
Mirae Asset Nifty India Manufacturing ETF,Ekta Gala,EQ-ETF,3,215.2,0.45,Open Ended,27-Jan-22,Nifty India Manufacturing - TRI,142.8,159.48,109.81,-1.39,-11.2,-5.35,26.09,30.53,18.12,22.86,11.65,37,78,151513,70.28,25.95,3.75,Automobile and Ancillaries,6.02,10.11,7.52,16.25,1.26,1.93,0.96,16.42,Equity : ETFs,0.25% on or before 30D Nil after 30D
Mirae Asset Nifty India Manufacturing ETF FoF-Reg(G),Ekta Gala,FOF-DOM,1,113.6,0.45,Open Ended,31-Jan-22,Nifty India Manufacturing - TRI,17.76,19.81,13.73,-1.45,-11.21,-5.65,25.44,29.84,4.85,6.5,7.89,13.27,50,73913,98.38,13.59,15.7,Financials,2.22,0.01,7.18,13.46,1.24,1.87,2.31,16.25,FoFs : Domestic,0.05% on or before 15D Nil after 15D
Mirae Asset Nifty India New Age Consumption ETF,Ekta Gala,EQ-ETF,3,538.8,1,Open Ended,26-Dec-24,Nifty India New Age Consumption - TRI,12.1,12.1,11.75,0.41,-5.3,-1.76,7.45,8.55,18.51,16.16,12.89,72.5,46,195442,34.96,12.05,81.18,Energy,2.36,0.35,7.07,3.5,1.25,6.46,0.97,17.06,Equity : ETFs,Nil
Mirae Asset Nifty India New Age Consumption ETF FoF-Reg(G),Ekta Gala,FOF-DOM,3,97.7,0.83,Open Ended,27-Dec-94,Nifty India New Age Consumption - TRI,10.06,26.73,756.67,0.43,-7.88,3.71,7.23,32.79,17.91,23.26,12.81,28,76,249725,36.18,10.81,10.85,Energy,3.14,0.01,6.65,5.92,1.55,2.99,0.94,11.99,FoFs : Domestic,0.05% on or before 15D Nil after 15D
Mirae Asset Nifty IT ETF,Ekta Gala,EQ-ETF,3,162,0.1,Open Ended,20-Oct-23,NIFTY IT - TRI,45.35,47.04,32.83,0.51,2.75,18.44,23.74,41.02,23.24,5.59,4.86,4,10,429501,83.86,16.15,2.04,Technology,4.3,4.58,7.1,16.46,1.02,1.87,0.74,19.46,Equity : ETFs,Nil upto 10% of investment and 1% for remaining investments on or before 1Y Nil after 1Y
Mirae Asset Nifty LargeMidcap 250 Index Fund-Reg(G),Ekta Gala,EQ-INDX,3,12.2,0.87,Open Ended,24-Oct-24,NIFTY LargeMidcap 250 - TRI,10.07,10.3,9.61,-0.18,0.07,-2,16.47,20.9,5.89,6.39,3.34,0,251,158817,51.19,45.23,3.41,Financials,1.03,1.3,7.06,3.1,1.65,5.74,0.88,19.11,Equity : Index Funds,NIL
Mirae Asset Nifty Metal ETF,Ekta Gala,EQ-ETF,1,30,0.27,Open Ended,03-Oct-24,NIFTY METAL - TRI,8.74,10.15,8.62,-4.16,-4.23,3.14,12.9,16.74,5.64,20.11,7.25,91,15,133459,72.06,23.47,4.41,Metals,0.11,7.96,7.54,2.9,2.71,1.42,0.23,14.44,Equity : ETFs,Nil
Mirae Asset Nifty Midcap 150 ETF,Ekta Gala,EQ-ETF,5,940.4,0.05,Open Ended,09-Mar-22,Nifty Midcap 150 - TRI,21.75,22.78,17.11,1.62,-5,1.24,24.24,34.48,5.98,19.18,10.93,0,151,58754,6.44,86.74,6.77,Financials,8.78,2.78,7.2,15.6,1.14,1.64,0.96,17.54,Equity : ETFs,1% on or before 30D Nil after 30D
Mirae Asset Nifty MidSmallcap400 Momentum Quality 100 ETF,Ekta Gala,EQ-ETF,3,299.2,0.4,Open Ended,22-May-24,Nifty MidSmallcap400 Momentum Quality 100 - TRI,52.19,55.18,45.66,-0.04,-5.49,-1.5,7.66,7.41,-5.2,4.83,12.87,24.78,100,49297,11.33,65.43,23.21,Capital Goods,1.26,0.07,6.67,3.83,6.03,1.13,1.08,17.56,Equity : ETFs,1% before 12M Nil on or after 12M
Mirae Asset Nifty MidSmallcap400 Momentum Quality 100 ETF FoF-Reg(G),Ekta Gala,FOF-DOM,2,208.6,0.72,Open Ended,30-May-24,Nifty MidSmallcap400 Momentum Quality 100 - TRI,10.57,11.19,9.52,0.03,-5.34,-0.86,19.46,15.25,23.24,31.06,13.76,0,99,294848,44.82,13.6,2.87,Financials,15.57,3.69,7.2,3.05,1.07,5.76,0.75,15.04,FoFs : Domestic,0.05% on or before 15D Nil after 15D
Mirae Asset Nifty Next 50 ETF,Ekta Gala,EQ-ETF,3,448.5,0.05,Open Ended,24-Jan-20,NIFTY NEXT 50 - TRI,703.38,790.47,539.27,-3.41,-11.52,-5.12,28.53,28.45,18.47,15.05,9.15,110,50,143043,88.21,11.76,26.99,Financials,7.12,0.34,7.13,18.24,1.17,1.69,1.14,20.15,Equity : ETFs,Nil
Mirae Asset Nifty PSU Bank ETF,Ekta Gala,EQ-ETF,5,45.8,0.18,Open Ended,01-Oct-24,NIFTY PSU BANK - TRI,65.94,71.51,62.82,-3.93,-3.26,15.36,8.73,7.58,7.35,5.85,7.47,61,12,188009,62.21,37.78,68.22,Financials,4.71,2.54,6.96,3.4,1.28,1.54,0.37,15.14,Equity : ETFs,Nil
Mirae Asset Nifty SDL Jun 2027 Index Fund-Reg(G),Amit Modani,DT-M&LD,3,802.6,0.33,Open Ended,30-Mar-22,Nifty SDL Jun 2027 Index,11.75,11.76,10.85,0.55,1.51,3.94,8.38,7.61,11.14,20.29,7.11,0,60,56977,25.69,15.4,33.17,Financials,2.38,2.11,7.07,3.4,5.13,11.04,0.25,0.81,Debt : Medium to Long Duration,Nil
Mirae Asset Nifty SDL June 2028 Index Fund-Reg(G),Mahendra Kumar Jajoo,DT-M&LD,1,69.9,0.48,Open Ended,31-Mar-23,Nifty SDL June 2028 Index,11.39,11.4,10.51,0.43,1.37,4.13,8.27,23.25,0.46,6.44,11.87,0,61,73208,98.65,3.62,32.7,Energy,3.3,2.8,7.1,2.92,3.44,7.17,0.38,1.18,Debt : Medium to Long Duration,Nil
Mirae Asset Nifty Smallcap 250 Momentum Quality 100 ETF,Ekta Gala,EQ-ETF,3,424,0.39,Open Ended,23-Feb-24,Nifty Smallcap250 Momentum Quality 100 - TRI,50.7,54,39.87,-1.08,-5.58,-2.31,24.05,7.11,25.1,21.83,6.26,11.72,100,23038,0.5,23.11,76.31,Financials,4.71,0.31,8.46,0.48,1.68,22.47,1.04,17.02,Equity : ETFs,1% on or before 30D Nil after 30D
Mirae Asset Nifty Smallcap 250 Momentum Quality 100 ETF FoF-Reg(G),Ekta Gala,FOF-DOM,2,188.2,0.72,Open Ended,01-Mar-24,Nifty Smallcap250 Momentum Quality 100 - TRI,11.22,12.03,9,-0.85,-5.4,-2.67,6.61,23.74,5.44,5.88,7.68,0,39,274603,98.38,6.88,19.44,Capital Goods,0.35,5.73,7.36,1.59,0.48,16.21,1.14,23.11,FoFs : Domestic,0.05% on or before 15D Nil after 15D
Mirae Asset Nifty Total Market Index Fund-Reg(G),Ekta Gala,EQ-INDX,3,31.5,0.92,Open Ended,28-Oct-24,Nifty Total Market - TRI,10.1,10.35,9.66,-0.91,-4.83,4.45,7.61,16.82,13.55,27.56,11.51,68,751,195057,67.66,17.78,14.02,Financials,10.22,2.21,7.35,0.83,4.58,0.75,0.99,20.17,Equity : Index Funds,Nil
Mirae Asset Nifty200 Alpha 30 ETF FoF-Reg(G),Ekta Gala,FOF-DOM,1,188,0.71,Open Ended,26-Jul-24,Nifty200 Alpha 30 - TRI,9.47,10.41,8.86,0.58,-8.43,4.38,23.48,26.75,6.69,5.8,18.02,100,10,538946,45.99,9.81,23.27,Financials,3.17,0.41,2.9,6.33,0.63,1.88,0.25,0.29,FoFs : Domestic,0.05% on or before 15D Nil after 15D
Mirae Asset Nifty500 Multicap 50:25:25 ETF,Ekta Gala,EQ-ETF,3,37.4,0.16,Open Ended,30-Aug-24,Nifty500 Multicap 50:25:25 - TRI,16.08,17.03,15.27,-0.25,-6.29,1.59,8.14,24.57,19.43,5.79,18.69,42,501,121203,49.92,24.92,24.94,Financials,1.98,0.05,7.66,4.91,1.1,1.91,1.08,0.79,Equity : ETFs,NIL
Mirae Asset NYSE FANG+ ETF,Siddharth Srivastava,EQ-ETF,1,2559.2,0.66,Open Ended,07-May-21,NYSE FANG+ TRI,110.94,115.98,69.15,7.2,17.4,18.73,54.3,73.49,26.1,5.54,8.9,0,10,147707,18.06,41.93,14.36,Financials,0.25,0.92,7.29,45.03,1.78,2.93,-0.08,25.19,Equity : ETFs,Nil for 10% of investment and 1% for remaining investments on or before 12M Nil after 12M
Mirae Asset NYSE FANG+ETF FoF-Reg(G),Ekta Gala,FOF-OVR,3,1694.4,0.45,Open Ended,10-May-21,NYSE FANG+ TRI,28.57,29.17,14.69,22.27,43.51,44.07,85.87,88.82,33.69,7.51,6.75,0,36,259641,41.46,6.65,83.42,Financials,5.53,3.79,7.01,61.34,2.85,5.51,0.88,22.41,FoFs : Overseas,0.50% on or before 3M Nil after 3M
Mirae Asset Overnight Fund-Reg(G),Abhishek Iyer,DT-ON,2,1743.3,0.17,Open Ended,15-Oct-19,Nifty 1D Rate Index,1283.1,1283.1,1203.38,0.55,1.61,3.25,6.65,6.63,5.97,4.89,11.25,0,38,429500,67.75,33.84,10.93,Financials,0.01,0.01,6.67,0.28,30.21,2.12,0.76,0.01,Debt : Overnight,Nil
Mirae Asset S&P 500 Top 50 ETF,Siddharth Srivastava,EQ-ETF,3,793.3,0.65,Open Ended,21-Sep-21,S&P 500 Top 50 TRI,47.92,49.28,34.55,1.85,7.32,12.04,36.45,36.73,16.17,5.77,5.48,11,51,429419,96.91,33.42,8.62,Capital Goods,3.2,0.35,7.1,29.81,1.93,3.13,0.01,15.43,Equity : ETFs,Nil
Mirae Asset S&P 500 Top 50 ETF FoF-Reg(G),Ekta Gala,FOF-OVR,4,643.4,0.49,Open Ended,22-Sep-21,S&P 500 Top 50 TRI,20.59,20.88,12.3,9.22,32.37,34,64.15,49.12,22.94,17.07,13.06,24.78,100,220428,78.14,17.13,4.6,Financials,5.45,3.56,6.64,50.45,1.82,3.14,0.62,28.65,FoFs : Overseas,0.50% on or before 3M Nil after 3M
Mirae Asset Short Duration Fund-Reg(G),Basant Bafna,DT-SD,2,365.4,1.12,Open Ended,16-Mar-18,CRISIL Short Duration Debt Index,15.06,15.06,14,0.55,1.43,3.82,7.56,6.93,5.63,5.68,6.82,0,1,310223,52.74,35.81,8.24,Financials,3.21,2.55,7.47,2.47,5.35,11.45,0.33,0.65,Debt : Short Duration,Nil
Mirae Asset Silver ETF,Ritesh Patel,GOLD-ETF,4,88.6,0.39,Open Ended,09-Jun-23,Silver,86.28,97.63,69.07,-4.2,-4.91,-2.58,15.4,21.45,6.12,28.8,9.72,105,107,158806,18.14,13.99,0.94,Financials,2.97,11.6,7.58,12.02,0.6,1.03,0.57,22.74,Gold : ETFs,Nil
Mirae Asset Small Cap Fund-Reg(G),Varun Goel,EQ-SML,1,170.5,0.22,Open Ended,02-Nov-23,Nifty Smallcap 250 - TRI,44.47,18.59,26.43,-2.12,0.7,3.58,8.99,16.04,6.27,30.34,8.51,228,30,333191,38.99,24.51,2.08,Automobile and Ancillaries,3.53,3.3,7.17,3.15,1.19,9.78,0.86,0.96,Equity : Small Cap,1% on or before 365D Nil after 365D
Mirae Asset Ultra Short Duration Fund-Reg(G),Basant Bafna,DT-USD,1,1735.6,0.45,Open Ended,07-Oct-20,NIFTY Ultra Short Duration Debt Index,1259.93,1259.93,1170.98,0.64,1.81,3.69,7.61,7.37,6.47,9.19,13.55,0,1,240957,92.14,24.92,33.29,FMCG,0.49,0.46,7.46,3.48,11.57,22.98,0.03,0.31,Debt : Ultra Short Duration,Nil
Motilal Oswal 5 Year G-Sec FoF-Reg(G),Rakesh Shetty,FOF-DOM,1,29.3,0.2,Open Ended,06-Oct-21,Nifty 5 yr Benchmark G-Sec Index TRI,11.84,11.9,11.01,0.64,1.57,4.44,7.65,7.28,5.48,16.87,2.69,549.07,30,229957,85.44,11.74,14.04,Financials,4.2,0.41,6.7,3.5,0.65,1.11,0.2,6.3,FoFs : Domestic,1% on or before 15D Nil after 15D
Motilal Oswal Arbitrage Fund-Reg(G),Vishal Ashar,HY-ARB,3,935.5,0.55,Open Ended,23-Dec-24,Nifty 50 Arbitrage - TRI,10.02,10.02,10,-0.95,-5.43,-10.58,6.53,7.18,12.6,4.71,14.15,56,77,143043,21.14,11.92,23.74,Financials,3.77,3.64,7.22,2.47,0.46,1.37,0.91,0.07,Hybrid : Arbitrage,0.25% on or before 15D Nil after 15D
Motilal Oswal Asset Allocation Passive FoF-Aggressive-Reg(G),Bhalchandra Shinde,FOF-DOM,5,68.8,0.52,Open Ended,12-Mar-21,NIFTY 500 - TRI,16.5,16.98,14.08,-0.64,-2.27,3.01,16.47,18.84,12.63,5.8,7.5,0,22,226190,18.14,29,5.79,Financials,4.26,1.08,6.55,8.19,1.38,2.1,1.31,8.74,FoFs : Domestic,1% on or before 15D Nil after 15D
Motilal Oswal Asset Allocation Passive FoF-Conservative-Reg(G),Bhalchandra Shinde,FOF-DOM,4,43.3,0.49,Open Ended,12-Mar-21,Nifty 5 yr Benchmark G-Sec Index TRI,14.77,14.97,13.01,-0.14,-0.87,3.5,12.99,14.39,10.03,5.68,5.99,0,54,101938,80.49,0.96,58.97,Financials,0.11,0.91,7.64,6.2,1.4,2.21,0.89,6.32,FoFs : Domestic,1% on or before 15D Nil after 15D
Motilal Oswal Balanced Advantage Fund-Reg(G),Santosh Singh,HY-DYN,2,1145.1,2.2,Open Ended,27-Sep-16,CRISIL Hybrid 50+50 - Moderate Index,20.93,23.32,18.74,-1.64,-10.2,-2.58,8.83,16.84,10.63,9.6,18.43,290,22,27508,14.97,21.03,47.89,Financials,0.27,1.62,7.75,2.82,0.52,0.83,1.05,11.32,Hybrid : Dynamic Asset Allocation,1% on or before 1Y Nil after 1Y
Motilal Oswal BSE Enhanced Value ETF,Swapnil P Mayekar,EQ-ETF,1,137.5,0.3,Open Ended,22-Aug-22,BSE Enhanced Value Index - TRI,97.35,111.48,79.6,-4.08,-13.45,-8.66,19.83,39.13,16.9,6.31,12.72,15.06,31,149310,68.38,30.72,0.54,Financials,0.39,0.01,7.15,11.94,0.71,1,1.4,26.02,Equity : ETFs,Nil upto 10% of units and 1% for remaining units on or before 1Y Nil after 1Y
Motilal Oswal BSE Enhanced Value Index Fund-Reg(G),Swapnil P Mayekar,EQ-INDX,2,834.3,1.1,Open Ended,22-Aug-22,BSE Enhanced Value Index - TRI,23.29,26.75,19.27,-4.13,-13.6,-9.02,18.36,37.34,6.73,20.7,6.26,84.83,31,149300,68.3,30.68,0.54,Financials,1.02,0.01,7.43,10.18,0.67,0.95,1.38,25.79,Equity : Index Funds,1% on or before 15D Nil after 15D
Motilal Oswal BSE Financials ex Bank 30 Index Fund-Reg(G),Swapnil P Mayekar,EQ-INDX,1,18.9,1.01,Open Ended,29-Jul-22,BSE Financials ex Bank 30 - TRI,15.31,16.66,13.09,-0.45,-9.93,-1.11,12.88,23.49,6.42,10.71,9.54,0,30,134634,69.98,27.29,2.23,Financials,3.69,1.08,6.66,4.99,0.53,0.78,1.12,20.16,Equity : Index Funds,1% on or before 15D Nil after 15D
Motilal Oswal BSE Healthcare ETF,Swapnil P Mayekar,EQ-ETF,5,32.3,0.22,Open Ended,29-Jul-22,BSE Health Care - TRI,46.02,46.02,32.44,4.08,2.69,22.23,43.82,41.36,6.16,12.22,11.95,10,99,68905,37.77,33.31,28.76,Healthcare,5,2.8,7.02,31.9,2.59,4.72,0.47,13.18,Equity : ETFs,1% on or before 15D Nil after 15D
Motilal Oswal BSE Low Volatility ETF,Swapnil P Mayekar,EQ-ETF,2,85.9,0.37,Open Ended,23-Mar-22,BSE Low Volatility Index - TRI,36.83,40.92,32.43,-0.29,-10.65,-3.93,11.63,21.28,13.9,22.86,11.7,0,30,214400,74.6,19.93,5.46,FMCG,5.27,0.29,7.16,4.59,0.68,1.16,0.69,11.53,Equity : ETFs,Nil upto 10% of units and 1% for remaining units on or before 12M Nil after 12M
Motilal Oswal BSE Low Volatility Index Fund-Reg(G),Swapnil P Mayekar,EQ-INDX,1,102.3,1.03,Open Ended,23-Mar-22,BSE Low Volatility Index - TRI,16.02,17.83,14.3,-0.35,-10.8,-4.28,10.15,20,21.91,13.37,6.72,1301,30,214499,74.65,19.92,5.47,FMCG,2.36,0.01,7.64,2.97,0.56,0.94,0.69,11.62,Equity : Index Funds,1% on or before 15D Nil after 15D
Motilal Oswal BSE Quality ETF,Swapnil P Mayekar,EQ-ETF,5,18,0.3,Open Ended,22-Aug-22,BSE Quality Index - TRI,191.36,218.45,161.66,-1.7,-13.31,-7.18,16.33,25.61,21.51,11.12,8.11,814.5,30,215808,76.89,19.49,3.63,FMCG,0.01,2.87,7.31,8.82,0.8,1.21,0.92,16.31,Equity : ETFs,Nil upto 10% of units and 1% for remaining units on or before 1M Nil after 1M
Motilal Oswal BSE Quality Index Fund-Reg(G),Swapnil P Mayekar,EQ-INDX,4,37.3,1.03,Open Ended,22-Aug-22,BSE Quality Index - TRI,16.51,18.85,14.08,-1.74,-13.27,-7.45,15.28,24.47,5.13,23.95,14.04,0,30,216358,75.83,19.08,3.57,FMCG,0.01,0.01,5.27,7.61,0.76,1.14,0.92,16.2,Equity : Index Funds,1% on or before 15D Nil after 15D
Motilal Oswal Business Cycle Fund-Reg(G),Ajay Khandelwal,EQ-THEM,1,1352.8,2.08,Open Ended,27-Aug-24,NIFTY 500 - TRI,13.08,13.29,10,4.29,12.8,3.53,10.34,14.49,9.04,6.71,16.8,42,18,30924,37.92,28.15,26.06,Retail and Other Services,4.97,1.09,7.32,10.96,0.66,3.64,0.23,25.79,Equity : Thematic,1% on or before 1Y Nil after 1Y
Motilal Oswal Developed Market Ex US ETFs FoF-Reg(G),Sunil Sawant,FOF-OVR,4,30.3,0.57,Open Ended,21-Sep-23,S&P Developed Ex-U.S. BMI Total Return Index,11.37,12.24,10.47,-2.09,-5.82,0.05,4.43,7.61,28.26,6.76,7.43,0,50,45329,98.33,90,23.18,Financials,0.28,2.23,7.01,-2.12,0.09,0.16,1.12,12.51,FoFs : Overseas,1% on or before 15D Nil after 15D
Motilal Oswal Digital India Fund-Reg(G),Varun Sharma,EQ-TECH,1,684.3,2.34,Open Ended,04-Nov-24,BSE TECk Index - TRI,10.83,10.9,9.86,3.31,1.6,3.73,14.26,36.19,5.51,13.23,6.82,0,19,47020,26.56,19.67,36.57,Technology,1.3,0.01,7.64,0.25,5.13,1.83,0.25,2.9,Equity : Sectoral - Technology,1% on or before 3M Nil after 3M
Motilal Oswal ELSS Tax Saver Fund-Reg(G),Ajay Khandelwal,EQ-ELSS,3,4186.9,1.83,Open Ended,21-Jan-15,NIFTY 500 - TRI,56.35,57.04,37.74,4.58,2.28,15.21,47.73,43.1,27.75,24.38,13.96,73,31,70391,29.19,42.57,27.04,Capital Goods,0.23,2.84,7.44,33.52,2.05,3.1,0.93,18.6,Equity : Tax Saving (ELSS),Nil
Motilal Oswal Flexi Cap Fund-Reg(G),Niket Shah,EQ-FLEX,1,12598.5,1.73,Open Ended,28-Apr-14,NIFTY 500 - TRI,65.29,65.74,43.84,3.31,0.83,14.49,46.88,39.38,23.63,19.1,15.38,152,15,88821,59.45,34.13,4.21,Retail and Other Services,8.14,3.21,7.58,31.65,2.17,3.51,0.93,16.77,Equity : Flexi Cap,1% on or before 1Y Nil after 1Y
Motilal Oswal Focused Fund-Reg(G),Santosh Singh,EQ-LC,2,1865.1,2.07,Open Ended,13-May-13,NIFTY 500 - TRI,45.41,51.74,38.97,-1.8,-12.77,-3.76,13.47,16.62,11.65,13.2,11.54,93,21,30498,19.15,26.27,53.55,Financials,3.8,4.28,7.39,6.25,0.66,0.99,0.82,15.77,Equity : Large Cap,1% on or before 1Y Nil after 1Y
Motilal Oswal Gold and Silver ETFs FoF-Reg(G),Bhalchandra Shinde,GOLD-MF,3,170.5,0.51,Open Ended,13-Oct-22,Gold-India,14.62,15.55,11.84,-1.06,-0.53,3.32,17.85,14.7,6.4,15.67,20.24,0,62,135296,37.38,37.77,19.07,Capital Goods,0.01,5.96,8.93,12.6,0.93,1.52,0.54,15.34,Gold : MFs,Nil
Motilal Oswal Large & Midcap Fund-Reg(G),Ajay Khandelwal,EQ-L&M,4,7710,1.74,Open Ended,17-Oct-19,NIFTY LargeMidcap 250 - TRI,35.18,35.63,23.67,5.3,2.62,17.06,45.96,42.66,27.45,26.63,6.61,56,31,83531,35,42.09,19.98,Capital Goods,8.14,5.06,7.18,32.16,1.98,3.01,0.92,18.62,Equity : Large & Mid Cap,1% on or before 1Y Nil after 1Y
Motilal Oswal Large Cap Fund-Reg(G),Ajay Khandelwal,EQ-LC,2,1422.2,2.12,Open Ended,06-Feb-24,NIFTY 100 - TRI,13.42,13.42,9.91,2.35,-0.56,10.14,9.88,0,17.92,4.59,5.84,40,42,283385,79.89,7.1,10.93,Financials,9.85,3.81,7.23,16.23,0.67,1.76,0.78,0.63,Equity : Large Cap,1% on or before 1Y Nil after 1Y
Motilal Oswal Liquid Fund-Reg(G),Rakesh Shetty,DT-LIQ,1,811.8,0.37,Open Ended,19-Dec-18,CRISIL Liquid Debt Index,13.38,13.38,12.52,0.55,1.62,3.32,6.89,6.7,5.95,4.81,6.93,0,217,323008,54.23,12.91,24.33,Financials,0.11,0.1,6.96,1.39,9.4,11.51,1.01,0.15,Debt : Liquid,0.007% for Day 1 0.0065% on Day 2 0.0060% on Day 3 0.0055% on Day 4 0.0050% on Day 5 0.0045% on Day 6 NIL on or after 7D
Motilal Oswal Manufacturing Fund-Reg(G),Ajay Khandelwal,EQ-THEM,5,727.8,2.34,Open Ended,08-Aug-24,Nifty India Manufacturing - TRI,11.99,11.99,10,8.37,8.62,-1.15,29.16,28.16,5.99,15.62,11.93,3,32,52892,23.94,40.84,32.85,Capital Goods,8.81,3.49,7.05,0.66,2.17,4.04,0.03,1.33,Equity : Thematic,1% on or before 3M Nil after 3M
Motilal Oswal Midcap Fund-Reg(G),Niket Shah,EQ-MID,2,22897.6,1.59,Open Ended,24-Feb-14,Nifty Midcap 150 - TRI,114.06,114.69,71.28,4.05,3.79,17.4,57.89,49.91,35.56,33.49,20.43,133,27,106445,42.67,55.44,1.28,Retail and Other Services,5.02,0.12,7.11,39.36,2.6,4.49,0.85,16.81,Equity : Mid Cap,1% on or before 1Y Nil after 1Y
Motilal Oswal Multi Asset Fund-Reg(G),Santosh Singh,HY-MULTI,4,101.1,2.04,Open Ended,04-Aug-20,NIFTY 500 - TRI,12.82,14.41,12.34,-1.8,-11.69,-5.19,2.38,8.44,5.68,15.59,-2.37,37,17,29085,19.4,12.43,38.74,Financials,0.12,0.75,8.03,-3.98,-0.08,-0.13,1.09,9.11,Hybrid : Multi Asset Allocation,1% on or before 1Y Nil after 1Y
Motilal Oswal Multi Cap Fund-Reg(G),Ajay Khandelwal,EQ-MLC,1,2298.9,1.98,Open Ended,18-Jun-24,Nifty500 Multicap 50:25:25 - TRI,13.88,14.12,10,4.84,7.51,29.05,6.62,0,6.6,23.7,12.87,111,20,31548,37.49,22.62,32.02,Retail and Other Services,5.79,5.77,7.16,2.97,1.09,1.88,0.53,20.16,Equity : Multi Cap,1% on or before 1Y Nil after 1Y
Motilal Oswal Nasdaq 100 ETF,Sunil Sawant,EQ-ETF,4,8777.8,0.58,Open Ended,29-Mar-11,Nasdaq-100,175.78,183.25,132.39,1.7,8.61,8.87,28.51,40.67,13.72,23.59,20.74,15,101,290186,17.97,13.12,90.07,Technology,3.64,2.1,7.16,21.77,1.27,2.04,0.46,18.12,Equity : ETFs,Nil
Motilal Oswal Nasdaq 100 FOF-Reg(G),Swapnil P Mayekar,FOF-OVR,1,5468.7,0.58,Open Ended,29-Nov-18,Nasdaq-100,43.65,45.03,27.7,20.18,28.34,30.19,53.44,51.84,19.72,27.18,6.28,0,1,143043,0.99,17.27,10.85,Financials,5.55,0.59,6.95,37.35,2.21,3.88,1.47,18.83,FoFs : Overseas,1% on or before 15D Nil after 15D
Motilal Oswal NASDAQ Q 50 ETF,Sunil Sawant,EQ-ETF,3,46.8,0.47,Open Ended,23-Dec-21,NASDAQ Q-50-TRI,72.49,76.28,55.27,-2.84,9.86,18.33,25.12,18.78,3.68,35.06,17.07,4.12,54,290196,54.14,1.24,28.76,Energy,11.84,3.37,6.88,17.14,1.18,2.03,1.06,17.2,Equity : ETFs,Nil
Motilal Oswal Nifty 200 Momentum 30 ETF,Swapnil P Mayekar,EQ-ETF,5,118.4,0.3,Open Ended,10-Feb-22,Nifty200 Momentum 30 - TRI,67.92,77.23,55.35,-3.92,-12.75,-7.4,20.76,31.67,19.1,15.05,14.94,0,30,199208,87.08,12.91,10.74,Automobile and Ancillaries,2.91,0.11,7.38,12.02,0.81,1.18,1.24,22.09,Equity : ETFs,Nil
Motilal Oswal Nifty 200 Momentum 30 Index Fund-Reg(G),Swapnil P Mayekar,EQ-INDX,1,907,1,Open Ended,10-Feb-22,Nifty200 Momentum 30 - TRI,16.44,18.71,13.48,-3.92,-12.84,-7.72,19.98,30.79,10.2,32.2,7.48,0,30,199223,87,12.9,31.01,Automobile and Ancillaries,5.24,0.39,7.02,10.94,0.78,1.15,1.24,22.05,Equity : Index Funds,1% on or before 15D Nil after 15D
Motilal Oswal Nifty 5 Year Benchmark G-Sec ETF,Rakesh Shetty,DT-ETF,4,94.4,0.24,Open Ended,10-Dec-20,Nifty 5 yr Benchmark G-Sec Index TRI,58.39,58.39,53.96,0.49,1.2,4.48,8.14,7.84,5.78,20.61,7.25,0,27,92429,59.79,3.09,14.07,Financials,4.3,3.64,6.71,2.09,3.08,5.64,0.65,1.3,Debt : ETFs,Nil
Motilal Oswal Nifty 50 ETF,Swapnil P Mayekar,EQ-ETF,1,48.3,0.06,Open Ended,28-Jul-10,NIFTY 50 - TRI,248.25,268.69,215.77,-1.61,-7.83,-1.25,10.37,16.47,12.94,15.6,11.86,9,50,555829,98.71,1.24,83.38,Financials,0.13,0.09,6.68,2.29,0.5,0.76,0.99,13.91,Equity : ETFs,Nil
Motilal Oswal Nifty 50 Index Fund-Reg(G),Swapnil P Mayekar,EQ-INDX,1,586,0.55,Open Ended,23-Dec-19,NIFTY 50 - TRI,20.3,22,17.73,-1.66,-7.96,-1.51,9.8,15.86,12.31,15.17,12.33,8,50,555878,98.73,1.24,47.89,Financials,4.2,1.47,6.89,1.39,0.46,0.7,1,13.96,Equity : Index Funds,Nil
Motilal Oswal Nifty 500 ETF,Swapnil P Mayekar,EQ-ETF,1,101.4,0.21,Open Ended,06-Oct-23,NIFTY 500 - TRI,23.02,24.68,19.24,-0.91,-7.29,-0.79,16.25,19.86,5.53,25.53,5.84,0,501,220871,70.58,18.64,10.73,Financials,1.19,3.68,7.83,7.84,0.84,1.21,1,14.94,Equity : ETFs,Nil
Motilal Oswal Nifty 500 Index Fund-Reg(G),Swapnil P Mayekar,EQ-INDX,5,2060.2,0.88,Open Ended,06-Sep-19,NIFTY 500 - TRI,25.35,27.24,21.38,-0.98,-7.45,-1.17,15.16,21.01,14.88,17.8,6.63,19,501,220867,70.54,18.63,10.72,Financials,1.71,0.09,7.16,6.53,0.77,1.12,1,14.98,Equity : Index Funds,1% on or before 15D Nil after 15D
Motilal Oswal Nifty 500 Momentum 50 ETF,Swapnil P Mayekar,EQ-ETF,2,59.5,0.4,Open Ended,24-Sep-24,Nifty500 Momentum 50 - TRI,58.21,64.37,55.94,-3.17,-10.63,-8.75,21.25,17.75,23.18,29.34,15.12,0,50,127222,64.01,31.55,4.37,Capital Goods,0.67,0.15,7.62,2.85,1.15,2.27,0.9,0.66,Equity : ETFs,1% on or before 3Y Nil after 3Y
Motilal Oswal Nifty 500 Momentum 50 Index Fund-Reg(G),Swapnil P Mayekar,EQ-INDX,2,464,1.01,Open Ended,24-Sep-24,Nifty500 Momentum 50 - TRI,9.08,10.03,8.71,-3.04,-10.61,3.69,9.66,5.79,16.17,5.75,12.38,106,50,127251,63.94,31.49,4.37,Capital Goods,22.61,0.3,7.03,6.88,1.19,4.54,0.93,0.17,Equity : Index Funds,1% on or before 15D Nil after 15D
Motilal Oswal Nifty Bank Index Fund-Reg(G),Swapnil P Mayekar,EQ-INDX,3,617.9,1,Open Ended,06-Sep-19,NIFTY BANK - TRI,18.33,19.35,15.94,-1.98,-3.71,-3.03,5.77,9.14,13.08,9.14,8.92,32,12,538948,86.46,13.58,22.7,Financials,4.87,0.3,7.39,-2.49,0.17,0.25,1.08,17.35,Equity : Index Funds,1% on or before 15D Nil after 15D
Motilal Oswal Nifty Capital Market Index Fund-Reg(G),Swapnil P Mayekar,EQ-INDX,3,910.4,1.17,Open Ended,16-Dec-24,Nifty Capital Markets Index - TRI,9.72,10,9.51,-4.02,-2.4,6.3,7.75,7.79,12.3,16.38,6.6,25,68,62712,70.97,1.25,6.77,Financials,2.91,0.92,6.72,13.08,1.6,0.74,0.46,14.56,Equity : Index Funds,1% on or before 15D Nil after 15D
Motilal Oswal Nifty India Defence ETF,Swapnil P Mayekar,EQ-ETF,2,94.7,0.4,Open Ended,21-Aug-24,Nifty India Defence - TRI,72.03,77.64,65.45,-2.48,-1.22,4.29,35.86,32.66,17.48,4.89,5.51,33,16,77331,41.58,35.58,22.85,Capital Goods,2.3,0.28,8.52,5.92,1.81,21.01,0.4,14.12,Equity : ETFs,Nil upto 10% of units and 1% for above the limits on or before 1Y Nil after 1Y
Motilal Oswal Nifty India Defence Index Fund-Reg(G),Swapnil P Mayekar,EQ-INDX,5,2346.7,1.08,Open Ended,03-Jul-24,Nifty India Defence - TRI,8.57,10.86,7.79,-2.58,-1.58,3.66,9.09,5.96,18.32,5.16,5.73,9.89,16,77333,41.54,35.55,22.83,Capital Goods,8.13,2.11,7.1,-2.24,1.31,11.29,0.07,0.77,Equity : Index Funds,1% on or before 15D Nil after 15D
Motilal Oswal Nifty Microcap 250 Index Fund-Reg(G),Swapnil P Mayekar,EQ-INDX,4,1790.1,1.08,Open Ended,05-Jul-23,Nifty Microcap 250 - TRI,18.69,19.37,13.04,0.73,-2.33,6.9,32.52,7.96,23.68,15.52,11.9,0,251,7819,28.05,13.23,99.89,Healthcare,1.61,2.05,7.07,23.49,1.26,1.84,0.97,22.56,Equity : Index Funds,1% on or before 15D Nil after 15D
Motilal Oswal Nifty Midcap 100 ETF,Swapnil P Mayekar,EQ-ETF,5,543.5,0.22,Open Ended,03-Feb-11,Nifty Midcap 100 - TRI,62.2,65.1,48.97,1.87,-4.76,2.32,24.27,35.88,24.66,27.87,16.68,60,101,64420,8.02,89.09,2.87,Financials,3.67,2.51,7.14,15.6,1.09,1.56,1.03,18.76,Equity : ETFs,Nil
Motilal Oswal Nifty Midcap 150 Index Fund-Reg(G),Swapnil P Mayekar,EQ-INDX,1,1986.5,1,Open Ended,06-Sep-19,Nifty Midcap 150 - TRI,37.21,39.06,29.47,1.53,-5.21,0.84,23.24,33.42,22.56,27.06,9.94,35,151,58753,6.44,86.68,6.77,Financials,9.83,6.49,6.82,14.46,1.1,1.59,0.95,17.51,Equity : Index Funds,1% on or before 15D Nil after 15D
Motilal Oswal Nifty MidSmall Financial Services Index Fund-Reg(G),Swapnil P Mayekar,EQ-INDX,2,10.6,1,Open Ended,19-Nov-24,Nifty MidSmall Financial Services - TRI,10.68,11.01,10,1.58,-6.79,-1.55,7.31,7.16,14.41,9.6,8.92,120,30,44616,60.33,71.52,27.69,Financials,3.08,2.48,7.3,5.09,2.06,6.7,0.14,0.34,Equity : Index Funds,1% on or before 15D Nil after 15D
Motilal Oswal Nifty MidSmall Healthcare Index Fund-Reg(G),Swapnil P Mayekar,EQ-INDX,5,13.8,1,Open Ended,19-Nov-24,Nifty MidSmall Healthcare - TRI,10.85,10.85,10,5.45,1.79,3.45,24.38,7.47,11.41,9.83,6.63,0,30,47253,68.65,64.92,34.65,Healthcare,16.31,10.22,6.66,4.26,3.25,0.74,0.98,0.37,Equity : Index Funds,1% on or before 15D Nil after 15D
Motilal Oswal Nifty MidSmall India Consumption Index Fund-Reg(G),Swapnil P Mayekar,EQ-INDX,3,8.8,1,Open Ended,19-Nov-24,Nifty MidSmall India Consumption - TRI,10.91,11,10,4.95,0.1,0,8.48,23.5,19.33,24.68,5.96,0,30,61887,54.99,88.24,11.04,Healthcare,3.07,9.57,8.23,1.44,2.76,1.72,0.08,19.54,Equity : Index Funds,1% on or before 15D Nil after 15D
Motilal Oswal Nifty MidSmall IT and Telecom Index Fund-Reg(G),Swapnil P Mayekar,EQ-INDX,2,12,1,Open Ended,19-Nov-24,Nifty MidSmall IT & Telecom - TRI,10.83,11.13,10,2.32,-10.68,-3.66,9.22,23.25,17.4,5.2,12.3,0,20,49317,10.05,67.94,20.73,Technology,0.05,0.43,7.58,13.1,1.19,1.24,1.4,15.35,Equity : Index Funds,1% on or before 15D Nil after 15D
Motilal Oswal Nifty Next 50 Index Fund-Reg(G),Swapnil P Mayekar,EQ-INDX,2,310.2,1.03,Open Ended,23-Dec-19,NIFTY NEXT 50 - TRI,23.77,26.76,18.39,-3.39,-11.64,-5.52,27.35,27.46,17.53,18.79,12.36,56,50,143052,88.19,11.75,15.08,Financials,5.55,0.56,7.25,16.96,1.13,1.63,1.14,20.16,Equity : Index Funds,1% on or before 15D Nil after 15D
Motilal Oswal Nifty Realty ETF,Swapnil P Mayekar,EQ-ETF,5,77.5,0.4,Open Ended,15-Mar-24,NIFTY REALTY - TRI,105.13,114.98,83.7,2,-5.18,-5.44,9.03,24.09,12.29,7.65,13.43,76,10,81252,37.41,48.86,13.8,Construction,3.24,2.38,8.03,18.14,1.02,9.23,1.02,4.99,Equity : ETFs,1% before 12M Nil on or after 12M
Motilal Oswal Nifty Smallcap 250 ETF,Swapnil P Mayekar,EQ-ETF,4,90.8,0.3,Open Ended,15-Mar-24,Nifty Smallcap 250 - TRI,18.02,18.65,13.9,1.06,-3.35,3.01,11.57,15.62,21.8,15.6,7.25,0,250,19549,39.49,8,91.99,Financials,25.31,0.9,7.72,1.79,5.38,1.46,0.92,12.22,Equity : ETFs,0.10% on or before 30D Nil after 30D
Motilal Oswal Nifty Smallcap 250 Index Fund-Reg(G),Swapnil P Mayekar,EQ-INDX,2,845,1.04,Open Ended,06-Sep-19,Nifty Smallcap 250 - TRI,38.7,40.14,29.12,0.98,-3.56,2.77,25.92,36.42,21.56,28.61,9.81,59,250,19550,46.86,8,91.96,Financials,0.32,2.54,7.24,17.16,1.1,1.56,0.96,20.03,Equity : Index Funds,1% on or before 15D Nil after 15D
Motilal Oswal Quant Fund-Reg(G),Ajay Khandelwal,EQ-THEM,1,154.1,0.94,Open Ended,06-Jun-24,NIFTY 200 - TRI,10.55,11.1,10,-0.32,-5.37,1.8,18.82,29.36,6.8,20.01,15.95,117,93,14874,8.57,13.33,58.97,Financials,4.3,8.39,6.75,1.49,0.83,1.37,0.95,0.08,Equity : Thematic,1% on or before 15D Nil after 15D
Motilal Oswal S&P 500 Index Fund-Reg(G),Sunil Sawant,EQ-INTL,5,3781,1.13,Open Ended,28-Apr-20,S&P 500 - TRI,22.54,23.08,17.53,-1.21,5.19,10.01,26.45,25.55,12.28,6.36,5.3,4,503,556030,98.74,6.66,15.89,Financials,6.97,0.59,6.93,20.01,1.65,2.68,0.14,12.58,Equity : International,1% on or before 7D Nil after 7D
Motilal Oswal Small Cap Fund-Reg(G),Ajay Khandelwal,EQ-SML,2,3166.3,1.89,Open Ended,26-Dec-23,Nifty Smallcap 250 - TRI,14.96,15.15,9.63,4.01,5.99,20.34,46.97,7.85,19.09,9.03,7.68,53,43,16235,5.89,11.41,75.83,Capital Goods,4.22,3.86,7.35,32.91,2.19,3.27,0.8,16.88,Equity : Small Cap,1% on or before 1Y Nil after 1Y
Motilal Oswal Ultra Short Term Fund-Reg(G),Rakesh Shetty,DT-USD,4,439.3,1.06,Open Ended,06-Sep-13,CRISIL Ultra Short Term Debt Index,16.02,16.02,15.12,0.48,1.35,2.89,5.98,5.89,5.13,4.41,3.78,0,151,283385,83.5,10.91,33.08,Financials,0.32,0.29,6.6,1.89,7.75,15.82,0.02,0.25,Debt : Ultra Short Duration,Nil
Navi Aggressive Hybrid Fund-Reg(G),Aditya Mulki,HY-EQ,1,135.3,2.25,Open Ended,30-Apr-18,CRISIL Hybrid 35+65 - Aggressive Index,20.2,20.98,17.48,-0.09,-4.31,2.21,13.61,17.26,12.29,12.61,11.92,69,51,52804,27.93,6.27,33.23,Financials,0.35,0.31,7.28,5.54,0.95,1.42,1.37,10.04,Hybrid : Equity Oriented,Nil
Navi BSE Sensex Index Fund-Reg(G),Aditya Mulki,EQ-INDX,4,14,0.9,Open Ended,04-Sep-23,BSE SENSEX - TRI,12.16,13.05,10.67,-1.65,-6.81,-1.18,8.89,7.11,6.69,16.59,9.93,31,30,684497,99.31,0.72,32.94,Financials,0.28,2.63,6.55,0.53,0.4,0.61,0.99,13.88,Equity : Index Funds,Nil
Navi Conservative Hybrid Fund-Reg(G),Aditya Mulki,HY-DT(CO),2,26.5,2,Open Ended,29-Jul-10,CRISIL Hybrid 85+15 - Conservative Index,26.13,26.46,24.43,-0.76,0.8,3.79,9.39,7.27,5.41,5.81,11.03,14,11,598490,19.66,0.28,22.17,Energy,0.39,0.35,6.96,4.13,2.07,3.55,0.29,2.44,Hybrid : Debt Oriented (Conservative),Nil
Navi ELSS Tax Saver Fund-Reg(G),Aditya Mulki,EQ-ELSS,5,62.4,2.25,Open Ended,30-Dec-15,NIFTY 500 - TRI,28.96,31.13,25.11,-1.79,-7.31,-2.99,12.1,18.43,11.44,14.02,6.47,48,42,158693,52.74,18.75,16.33,Financials,3.67,5.49,7.15,4.41,0.66,1.02,0.82,12.9,Equity : Tax Saving (ELSS),Nil
Navi ELSS Tax Saver Nifty 50 Index Fund-Reg(G),Aditya Mulki,EQ-ELSS,1,73.3,0.99,Open Ended,20-Mar-23,NIFTY 50 - TRI,14.19,15.4,12.46,-1.7,-8.06,-1.76,9.18,12.64,21.7,13.88,6.56,7,50,555822,98.86,1.25,40.44,Financials,3.53,0.31,7.01,0.71,0.41,0.63,0.99,13.95,Equity : Tax Saving (ELSS),Nil
Navi Flexi Cap Fund-Reg(G),Aditya Mulki,EQ-FLEX,2,266.1,2.25,Open Ended,09-Jul-18,NIFTY 500 - TRI,22.91,24.5,19.81,-1.29,-6.96,-0.63,11.69,18.35,12.2,15.2,12.76,77,62,107398,46.35,17.77,23.29,Financials,2.93,5.43,7.24,3.96,0.62,0.94,0.86,13.42,Equity : Flexi Cap,Nil
Navi Large & Midcap Fund-Reg(G),Aditya Mulki,EQ-L&M,2,318.8,2.25,Open Ended,07-Dec-15,NIFTY LargeMidcap 250 - TRI,36.15,37.88,29.06,0.36,-4.83,1.24,16.75,20.61,13.6,17.75,12.46,82,71,96577,37.72,32.87,21.87,Financials,0.01,3.28,7.72,8.47,0.93,1.45,0.84,13.67,Equity : Large & Mid Cap,Nil
Navi Liquid Fund-Reg(G),Tanmay Sethi,DT-LIQ,5,64.4,0.2,Open Ended,19-Feb-10,CRISIL Liquid Debt Index,27.52,27.52,25.73,0.58,1.7,3.45,6.95,6.86,6.27,5.16,6.23,0,150,58761,37.95,16.15,0.77,Financials,0.11,0.11,7.45,1.44,9.55,11.86,0.95,0.15,Debt : Liquid,0.007% for Day 1 0.0065% on Day 2 0.0060% on Day 3 0.0055% on Day 4 0.0050% on Day 5 0.0045% on Day 6 NIL on or after 7D
Navi NASDAQ 100 FoF-Reg(G),Aditya Mulki,FOF-OVR,3,1018.7,0.29,Open Ended,23-Mar-22,Nasdaq-100,15.95,16.63,12,1.7,7.06,9.67,28.64,41.06,5.43,6.02,20.27,0,12,290187,87.11,3.45,27.69,Financials,1.32,4.28,7.2,22.86,1.32,2.1,0.5,18.35,FoFs : Overseas,Nil
Navi Nifty 50 ETF,Aditya Mulki,EQ-ETF,5,7.2,0.05,Open Ended,18-Sep-23,NIFTY 50 - TRI,244.19,264.56,212.85,-1.29,-3.82,6.95,21.3,32.94,5.78,18.44,7.21,4,50,547761,96.97,1.28,18.6,Financials,2.86,2.25,7,2.14,1.26,1.96,0.99,13.94,Equity : ETFs,NIL - Upon completion of Lock-in Period
Navi Nifty 50 Index Fund-Reg(G),Aditya Mulki,EQ-INDX,5,2572.8,0.26,Open Ended,15-Jul-21,NIFTY 50 - TRI,15.56,16.86,13.57,-1.64,-7.9,-1.42,9.99,16.07,12.5,20.7,6.28,21,50,555827,98.83,1.25,12.74,Financials,0.01,2.74,6.92,1.56,0.47,0.72,0.99,13.96,Equity : Index Funds,Nil
Navi Nifty 500 Multicap 50:25:25 Index Fund-Reg(G),Aditya Mulki,EQ-INDX,3,18.2,0.98,Open Ended,01-Aug-24,Nifty500 Multicap 50:25:25 - TRI,9.85,10.46,9.37,-0.35,-6.48,4.17,17.32,23.92,17.31,1.24,13.74,24,501,120980,49.69,24.91,24.86,Financials,0.16,2.87,6.95,5.12,1.11,0.59,1.08,13.62,Equity : Index Funds,Nil
Navi Nifty Bank Index Fund-Reg(G),Aditya Mulki,EQ-INDX,2,532.9,0.79,Open Ended,04-Feb-22,NIFTY BANK - TRI,13.21,13.95,11.49,-2,-3.75,-3.08,5.79,9.06,20.78,23.87,9.72,52,12,538946,86.6,13.6,40,Financials,0.11,0.83,6.83,-2.47,0.17,0.26,1.08,17.39,Equity : Index Funds,Nil
Navi Nifty India Manufacturing Index Fund-Reg(G),Aditya Mulki,EQ-INDX,4,51.7,0.99,Open Ended,26-Aug-22,Nifty India Manufacturing - TRI,16.71,18.66,12.97,-1.45,-11.3,-5.88,24.91,29.48,13.72,4.48,7.79,57,78,151495,69.51,25.67,3.71,Automobile and Ancillaries,0.31,0.02,7.34,14.99,1.2,1.83,0.96,16.49,Equity : Index Funds,Nil
Navi Nifty Midcap 150 Index Fund-Reg(G),Aditya Mulki,EQ-INDX,2,218,0.99,Open Ended,11-Mar-22,Nifty Midcap 150 - TRI,19.79,20.77,15.72,1.51,-5.26,0.76,22.84,32.81,6.11,15.25,7.03,44,151,58754,6.44,86.73,6.77,Financials,2.63,6.61,7.06,14.14,1.08,1.56,0.95,17.48,Equity : Index Funds,Nil
Navi Nifty Next 50 Index Fund-Reg(G),Aditya Mulki,EQ-INDX,4,731.7,0.57,Open Ended,19-Jan-22,NIFTY NEXT 50 - TRI,16.1,18.07,12.43,-3.21,-11.43,-5.3,27.51,27.5,18.08,24.35,11.65,52,50,143043,88.28,11.77,0.94,Financials,14.35,2.16,7.05,17.09,1.13,1.64,1.14,20.19,Equity : Index Funds,Nil
Navi Overnight Fund-Reg(G),Tanmay Sethi,DT-ON,4,5.9,0.25,Open Ended,17-Jul-23,CRISIL Liquid Overnight Index,10.82,10.82,10.3,0.44,1.34,2.75,5.95,42.01,24.57,15.51,11.63,140,128,165585,64.99,13.58,32.91,Financials,8.13,2.74,6.93,0.68,4.71,6.47,0.98,0.14,Debt : Overnight,Nil
Navi US Total Stock Market FoF-Reg(G),Aditya Mulki,FOF-OVR,3,1005.1,0.06,Open Ended,24-Feb-22,CRSP US Total Market Index,15.64,16.13,12.11,-1.93,4.7,11.59,26.69,26.3,8.71,8.71,12.3,0,156,162012,72.06,14.98,38.99,Financials,25.6,0.4,7.39,20.71,1.65,2.69,0.4,13.23,FoFs : Overseas,Nil
Nippon India Arbitrage Fund(G),Vikash Agarwal,HY-ARB,3,15418.5,1.08,Open Ended,14-Oct-10,Nifty 50 Arbitrage,25.71,25.71,23.95,0.65,1.8,3.41,7.42,7.25,6.21,5.34,5.97,1308,161,217059,50.29,16.37,4.3,Financials,0.48,3.7,6.96,3.48,3.37,7.36,-0.07,0.97,Hybrid : Arbitrage,0.25% on or before 1M Nil after 1M
Nippon India Asset Allocator FoF-Reg(G),Sushil Budhia,FOF-DOM,4,320.5,1.24,Open Ended,08-Feb-21,CRISIL Hybrid 50+50 - Moderate Index,20.05,20.44,16.68,0.04,-2.4,2.86,17.86,23.5,17.81,13.14,14.29,48,1,75441,12.51,1.25,19.46,Financials,7.95,5.87,7.09,8.54,1.37,1.97,1.64,9.73,FoFs : Domestic,Nil upto 10% of units and 1% for remaning units on or before 12M Nil after 12M
Nippon India Balanced Advantage Fund(G),Amar Kalkundrikar,HY-DYN,3,8850.3,1.75,Open Ended,15-Nov-04,CRISIL Hybrid 50+50 - Moderate Index,171.08,176.52,149.29,-0.4,-2.95,1.81,13.16,15.72,12.14,12.51,10.12,305,68,283686,51.91,11.31,4.21,Financials,4.61,3.28,7.71,4.91,1.13,1.62,1.38,7.95,Hybrid : Dynamic Asset Allocation,Nil for 10% of units on or before 12M In excess of limit 1% on or before 12M and Nil after 12M
Nippon India Banking & Financial Services Fund(G),Vinay Sharma,EQ-FIN,5,6307,1.88,Open Ended,26-May-03,Nifty Financial Services - TRI,573.94,612.76,487.49,-1.65,-5.86,-0.56,10.57,17.8,18.99,13.92,12.26,25,27,264492,67.31,17.58,13.16,Financials,3.28,3.56,7.31,2.6,0.49,0.71,0.99,15.59,Equity : Sectoral - Financial Services,1% on or before 1M Nil after 1M
Nippon India Banking & PSU Debt Fund(G),Pranay Sinha,DT-B&PSU,5,5566.6,0.76,Open Ended,15-May-15,CRISIL Banking and PSU Debt Index,19.84,19.85,18.4,0.49,1.34,3.9,7.82,7.28,5.9,6.44,6.36,0,73,538938,30.86,1.81,37.09,Healthcare,5.26,3.86,7.33,2.47,4.53,8.3,0.42,0.82,Debt : Banking & PSU,Nil
Nippon India Consumption Fund(G),Amar Kalkundrikar,EQ-CONS,5,2188.2,2.01,Open Ended,30-Sep-04,Nifty India Consumption - TRI,198.42,222.26,162.52,-1.14,-10.81,-0.05,19.91,24.21,20.78,23.7,13.65,30,37,112152,61.12,16.62,18.19,FMCG,3.53,3.67,7.75,11.82,1.26,2.22,0.62,11.88,Equity : Thematic - Consumption,1% on or before 1M Nil after 1M
Nippon India Corp Bond Fund(G),Vivek Sharma,DT-CORP,2,6496.5,0.71,Open Ended,14-Sep-00,NIFTY Corporate Bond Index,57.25,57.26,52.83,0.48,1.49,4.24,8.38,7.76,6.6,6.78,7.3,0,53,223121,72.4,15.79,1.34,Financials,5.12,3.87,7.42,3.07,5.22,9.94,0.41,0.82,Debt : Corporate Bond,Nil
Nippon India Credit Risk Fund(G),Sushil Budhia,DT-CR,2,993,1.46,Open Ended,10-Jun-05,CRISIL Credit Risk Debt Index,33.35,33.35,30.82,0.63,1.86,4.2,8.24,8.06,6.66,5.31,6.02,0,64,64463,61.8,11.72,21.39,Retail and Other Services,2.62,2.17,8.93,3.63,8.84,17.07,0.18,0.47,Debt : Credit Risk,Nil for 10% of units and 1% for remaining units on or before 12M Nil after 12M
Nippon India CRISIL-IBX AAA Financial Services - Dec 2026 Index Fund-Reg(G),Vivek Sharma,DT-SD,3,90.6,0.4,Open Ended,25-Oct-24,CRISIL-IBX AAA Financial Services Index - Dec 2026,10.14,10.14,10,0.68,-3.79,-2.12,20.58,23.49,5.77,25.34,9.54,0,11,127197,70.39,18.46,20.23,Energy,1.75,1.55,7.78,0.4,1.85,2.31,1.24,0.98,Debt : Short Duration,NIL
Nippon India CRISIL-IBX AAA Financial Services - Jan 2028 Index Fund-Reg(G),Vivek Sharma,DT-M&LD,1,163.6,0.4,Open Ended,25-Oct-24,CRISIL-IBX AAA Financial Services Index - Jan 2028,10.13,10.14,10,0.62,1.6,3.68,12.09,19.79,6.39,7.2,9.49,0,151,271063,62.62,30.92,15.68,Energy,2.98,2.5,7.74,9.05,1.46,2.31,0.86,24.16,Debt : Medium to Long Duration,NIL
Nippon India Dynamic Bond Fund(G),Pranay Sinha,DT-DYN,4,4366,0.71,Open Ended,15-Nov-04,NIFTY Composite Debt Index,35.59,35.6,32.54,0.67,1.26,4.41,9.06,7.83,6,6.31,6.75,0,40,368648,85.44,6.27,18.6,Financials,5.53,4.42,7.2,3.1,3.29,6.47,0.58,1.47,Debt : Dynamic Bond,Nil
Nippon India ELSS Tax Saver Fund(G),Rupesh Patel,EQ-ELSS,2,15665.5,1.7,Open Ended,21-Sep-05,NIFTY 500 - TRI,124.89,136.23,103.23,-2.56,-8.08,-2.43,17.32,23.37,17.88,17.07,10.12,14,61,131823,66.07,13.27,17.45,Financials,4.01,0.34,7.13,8.62,0.88,1.24,1.01,15.65,Equity : Tax Saving (ELSS),Nil
Nippon India Equity Hybrid Fund(G),Meenakshi Dawar,HY-EQ,3,3850.5,1.98,Open Ended,10-Jun-05,CRISIL Hybrid 35+65 - Aggressive Index,102.72,106.82,86.57,-0.1,-3.96,2.45,16.54,20.61,15.91,13.23,10.32,37,73,217964,52.18,10.65,10.21,Financials,5,3.47,8.05,6.96,1.12,1.64,1.78,10.83,Hybrid : Equity Oriented,Nil for 10% of investments and 1% for remaining on or before 12M Nil after 12M
Nippon India Equity Hybrid Fund-Segregated Portfolio 1-(G),Meenakshi Dawar,HY-EQ,5,9.3,0.34,Open Ended,25-Sep-19,CRISIL Hybrid 35+65 - Aggressive Index,0.05,0.05,0.05,0,0,0,0,0,0,0,7.15,167,59,46042,53.19,9.97,2.27,Financials,3.16,2.03,12.34,3.65,1.92,4.12,0.86,22.12,Hybrid : Equity Oriented,0.007% for Day 1 0.0065% on Day 2 0.0060% on Day 3 0.0055% on Day 4 0.0050% on Day 5 0.0045% on Day 6 NIL on or after 7D
Nippon India Equity Savings Fund(G),Ashutosh Bhargava,HY-EQ,1,712.6,1.73,Open Ended,30-May-15,NIFTY 50 Equity Savings Index,15.5,15.66,14.28,-0.26,-1.09,1.38,8.07,10.26,8.06,5.56,14.58,599,49,374558,63.25,4,1.92,Financials,4.26,3.26,7.16,2.02,1.07,1.64,0.64,3.65,Hybrid : Equity Oriented,Nil upto 10% of units and for remaining units 1% on or before 15D and Nil after 15D
Nippon India Equity Savings Fund-Segregated Portfolio 1-(G),Ashutosh Bhargava,HY-EQ,5,25.8,2.37,Open Ended,25-Sep-19,NIFTY 50 Equity Savings Index,0.29,0.29,0.29,0,0,0,0,0,0,0,6.02,41,92,104021,62.42,67.79,23.98,Financials,1.26,0.75,11.86,2.82,1.27,5.51,0.23,0.43,Hybrid : Equity Oriented,0.50% on or before 30D Nil after 30D
Nippon India ETF BSE Sensex,Himanshu Mange,EQ-ETF,1,12131.8,0.04,Open Ended,24-Sep-14,BSE SENSEX - TRI,901.82,966.81,785.14,-1.64,-6.69,-0.8,9.86,15.73,12.48,15.21,12.36,3,30,684545,99.26,0.72,5.38,Financials,3.09,4.28,7.31,1.79,0.46,0.72,0.99,13.84,Equity : ETFs,Nil
Nippon India ETF BSE Sensex Next 50,Himanshu Mange,EQ-ETF,1,44.6,0.23,Open Ended,30-Jul-19,BSE Sensex Next 50 - TRI,86.54,93.01,67.12,-0.64,-7.81,-0.67,26.34,31,21.67,21.9,11.02,32,51,122348,65.77,33.87,34.63,Financials,3.15,3.82,7,16.81,1.22,1.88,0.99,17.56,Equity : ETFs,Nil upto 10% of units and 1% for remaining units on or before 12M Nil after 12M
Nippon India ETF Gold BeES,Vikram Dhawan,GOLD-ETF,3,15185.7,0.81,Open Ended,08-Mar-07,Gold-India,64.58,66.86,52.07,-0.77,0.65,5.57,18.96,16.66,15.67,13.24,9.76,6,37,244924,69.7,34.32,3.95,Financials,2.63,0.28,7.05,15.15,1.15,1.75,-0.19,12.69,Gold : ETFs,Nil
Nippon India ETF Hang Seng BeES,Kinjal Desai,EQ-ETF,5,711.2,0.93,Open Ended,09-Mar-10,Hang Seng,309.66,356.5,224.7,4.69,-3.05,18.56,25.68,4.77,1.95,-1.18,3.84,6,82,96024,62.21,12.31,13.13,Healthcare,22.22,0.56,7.28,19.73,0.94,1.58,1.09,25.03,Equity : ETFs,Nil
Nippon India ETF Nifty 100,Himanshu Mange,EQ-ETF,1,275.7,0.5,Open Ended,25-Mar-13,NIFTY 100 - TRI,262.57,285.87,224.51,-1.86,-8.48,-2.06,12.7,17.4,13.02,15.56,11.87,18,100,436985,96.79,3.09,7.27,Financials,3.57,2.99,6.96,4.41,0.63,0.93,1.02,14.51,Equity : ETFs,Nil
Nippon India ETF Nifty 1D Rate Liquid BeES,Siddharth Deb,DT-ETF,4,12833.2,0.69,Open Ended,08-Jul-03,Nifty 1D Rate Index,1000,1000,1000,0.5,1.29,2.31,4.64,5.02,4.64,3.76,4.86,0,60,297500,32.37,27.89,9.83,Financials,0.01,2.23,6.64,-0.4,-3.33,-31.21,0.99,0.13,Debt : ETFs,Nil
Nippon India ETF Nifty 5 yr Benchmark G-Sec,Pranay Sinha,DT-ETF,5,194.1,0.09,Open Ended,07-Apr-21,Nifty 5 yr Benchmark G-Sec Index TRI,58.83,58.83,54.26,0.51,1.28,4.56,8.37,8.08,6.04,15.05,9.53,0,31,199223,83.31,8.66,82.15,Financials,4.49,3.67,6.82,2.34,3.28,6.03,0.64,1.3,Debt : ETFs,1% on or before 1Y Nil after 1Y
Nippon India ETF Nifty 50 BeES,Himanshu Mange,EQ-ETF,3,36146,0.04,Open Ended,28-Dec-01,NIFTY 50 - TRI,270.1,292.32,234.69,-1.61,-7.82,-1.24,10.41,16.5,12.93,15.71,12.3,17,50,555824,98.71,1.25,11.04,Financials,1,7.59,6.94,2.32,0.5,0.76,0.99,13.91,Equity : ETFs,Nil
Nippon India ETF Nifty 50 Shariah BeES,Himanshu Mange,EQ-ETF,2,28.9,0.96,Open Ended,18-Mar-09,Nifty50 Shariah - TRI,544.35,601.34,475.1,-1.2,-10.21,2.2,8.86,14.32,5.7,16.22,11.44,69,18,358962,96.33,3.01,9.23,Technology,3.53,4.24,7.1,2.55,0.44,0.83,0.71,13.28,Equity : ETFs,Nil
Nippon India ETF Nifty 50 Value 20,Himanshu Mange,EQ-ETF,3,221.5,0.26,Open Ended,18-Jun-15,Nifty50 Value 20 - TRI,157.48,167.32,129.88,-1.85,-6.85,2.93,16.98,23.88,16.07,21.78,7.3,25,20,515687,98.28,1.63,30.33,Technology,7.24,0.1,6.9,8.9,0.93,1.51,0.94,14.32,Equity : ETFs,Nil
Nippon India ETF Nifty 8-13 yr G-Sec Long Term Gilt,Pranay Sinha,DT-ETF,1,2294.9,0.1,Open Ended,05-Jul-16,Nifty 8-13 yr G-Sec,27.17,27.2,24.76,0.41,1.05,4.87,9.56,8.68,5.98,6,13.41,0,48,198312,99.2,11.72,18.7,Financials,9.21,6.62,6.9,1.92,2.49,4.42,1.13,2.11,Debt : ETFs,Nil upto 10% of units and 1% for remaining units on or before 3M Nil after 3M
Nippon India ETF Nifty Bank BeES,Himanshu Mange,EQ-ETF,1,7483.7,0.19,Open Ended,27-May-04,NIFTY BANK - TRI,529.47,558.26,457.3,-1.94,-3.57,-2.73,6.55,10.03,13.99,9.83,10.79,41,12,538945,86.4,13.57,1.55,Financials,9.35,3.66,8.23,-1.34,0.21,0.32,1.08,17.42,Equity : ETFs,Nil
Nippon India ETF Nifty CPSE Bond Plus SDL Sep 2024 50:50,Vivek Sharma,DT-ETF,1,1018.7,0.2,Open Ended,17-Nov-20,Nifty CPSE Bond Plus SDL Sep 2024 50:50 Index,124.47,124.47,118.14,0.55,1.74,3.59,7.19,7.16,5.33,28.69,5.28,0,59,429791,92.14,25.09,5.93,Financials,1.21,3.2,6.63,3.1,10.75,21.66,0.02,0.29,Debt : ETFs,Nil
Nippon India ETF Nifty Dividend Opportunities 50,Himanshu Mange,EQ-ETF,3,61.5,0.37,Open Ended,15-Apr-14,Nifty Dividend Opportunities 50 - TRI,82.11,89.24,67.78,-2.73,-9.17,0.43,17.8,31.08,21.81,22.64,13.95,60,50,323589,86.88,11.46,1.53,Technology,2.53,0.45,7.06,9.6,0.85,1.29,1.07,17.12,Equity : ETFs,Nil
Nippon India ETF Nifty India Consumption,Himanshu Mange,EQ-ETF,2,129.3,0.31,Open Ended,10-Apr-14,Nifty India Consumption - TRI,128.85,143.77,103.87,-0.18,-10.75,2.35,20.34,25.01,19.07,19.48,14.04,32,30,277646,92.08,7.86,38.45,FMCG,4.61,2.84,7.5,11.79,1.17,2.14,0.74,12.99,Equity : ETFs,Nil
Nippon India ETF Nifty Infrastructure BeES,Himanshu Mange,EQ-ETF,5,164.3,1.04,Open Ended,04-Oct-10,Nifty Infrastructure - TRI,890.53,1002.14,754.97,-2.76,-11.15,-6.97,16.02,27.1,20.03,21.12,11.03,58,30,396097,87.8,12.01,1.55,Energy,8.14,2.62,7.04,7.13,0.65,0.92,1.26,20,Equity : ETFs,Nil
Nippon India ETF Nifty IT,Himanshu Mange,EQ-ETF,2,2626.8,0.22,Open Ended,30-Jun-20,NIFTY IT - TRI,47.65,49.42,34.52,0.5,2.72,18.35,23.53,26.19,6.4,19.55,13.5,63,10,429541,83.83,16.14,91.81,Technology,9.55,0.05,7.18,16.28,1.01,1.85,0.74,19.45,Equity : ETFs,Nil upto 12% of investments and 1% for remaining investments on or before 365D Nil after 365D
Nippon India ETF Nifty Midcap 150,Himanshu Mange,EQ-ETF,5,1875,0.21,Open Ended,31-Jan-19,Nifty Midcap 150 - TRI,220.43,231.06,173.69,1.57,-5.09,1.13,24.03,34.34,23.46,27.94,10.15,52,150,58831,6.46,86.56,6.79,Financials,2.22,6.9,7.51,15.42,1.13,1.63,0.96,17.53,Equity : ETFs,1% on or before 1Y Nil after 1Y
Nippon India ETF Nifty Next 50 Junior BeES,Himanshu Mange,EQ-ETF,3,5586.4,0.17,Open Ended,21-Feb-03,NIFTY NEXT 50 - TRI,737.25,828.68,565.79,-3.41,-11.53,-5.18,28.4,28.46,18.47,19.99,14.48,59,50,143043,88.19,11.76,23.7,Financials,23.33,0.13,7.04,18.14,1.16,1.69,1.14,20.14,Equity : ETFs,Nil
Nippon India ETF Nifty PSU Bank BeES,Himanshu Mange,EQ-ETF,4,2724.8,0.49,Open Ended,25-Oct-07,NIFTY PSU BANK - TRI,73.39,89.09,62.87,-3.97,-3.31,-10.65,14.01,23.38,38.46,20.95,4.48,48,12,188007,62.2,37.77,4.72,Financials,0.47,0.15,4.24,7.64,0.49,0.71,1.48,29.96,Equity : ETFs,Nil
Nippon India ETF Nifty SDL Apr 2026 Top 20 Equal Weight,Vivek Sharma,DT-ETF,2,5304.5,0.2,Open Ended,30-Mar-21,Nifty SDL Apr 2026 Top 20 Equal Weight Index,126.79,126.79,117.55,0.55,1.59,3.79,7.86,7.48,5.75,16.94,6.03,0,69,104021,99.26,26.39,15.92,Technology,1.14,1.05,6.99,3.38,6.84,16.09,0.12,0.55,Debt : ETFs,1% on or before 1M Nil after 1M
Nippon India FHF-XLI-8-3654D(G),Amit Tripathi,DT-FMP,1,62.5,1.97,Closed Ended,26-Apr-19,CRISIL Dynamic Gilt Index,15.57,15.62,14.31,0.26,1.19,4.32,9.03,8.01,6.43,6.86,10.37,0,65,30478,69.99,13.54,7.18,Financials,0.32,9.57,6.97,3.75,3.46,6.57,0.33,1.36,Debt : FTP/FMP,1% on or before 365D Nil after 365D
Nippon India FHF-XLIII-1-1755D(IDCW),Vikash Agarwal,DT-FMP,2,219.2,0.26,Closed Ended,19-Aug-21,CRISIL Medium Duration Debt Index,12.06,12.06,11.17,0.54,1.54,3.85,7.91,7.48,5.76,11.67,5.98,13.65,54,70480,36.67,8.09,31.42,FMCG,1.89,6.85,7.53,3.3,5.68,13.98,0.17,0.67,Debt : FTP/FMP,1% on or before 30D Nil after 30D
Nippon India FHF-XLIII-5-2315D(G),Vikash Agarwal,DT-FMP,5,169,1.04,Closed Ended,03-Mar-22,CRISIL Medium to Long Term Debt Index,12.01,12.02,11.04,0.44,1.41,4.27,8.6,8.12,27.45,6.02,12.28,18,30,249725,96.68,12.01,4.36,Financials,1.75,5,6.9,3.1,3.57,7.39,0.43,1.23,Debt : FTP/FMP,Nil
Nippon India FHF-XLIV-1-1743D(G),Vikash Agarwal,DT-FMP,5,71.8,0.2,Closed Ended,21-Sep-22,NIFTY Medium to Long Duration Debt Index,11.88,11.88,10.96,0.54,1.51,4,8.39,7.74,6.62,12.87,14.06,9.63,30,417377,39.59,14.49,33.4,Financials,0.43,0.5,7.15,3.28,5.29,11.8,0.3,0.79,Debt : FTP/FMP,1% on or before 1Y Nil after 1Y
Nippon India FHF-XLIV-4-1223D(G),Vikash Agarwal,DT-FMP,4,51.6,1.67,Closed Ended,07-Dec-22,CRISIL Medium Duration Debt Index,11.52,11.52,10.7,0.64,1.61,3.86,7.72,7.28,13.9,13.92,5.98,75,23,96208,62.21,17.92,12.09,Financials,1.62,3.63,6.7,2.95,5.3,11.65,0.23,0.69,Debt : FTP/FMP,Nil
Nippon India FHF-XLV-4-1111D(G),Vikash Agarwal,DT-FMP,3,110.9,1.78,Closed Ended,31-Mar-23,CRISIL Medium Duration Debt Index,11.34,11.34,10.53,0.64,1.62,3.87,7.71,21.51,27.73,17.82,9.44,0,79,99981,32.97,35.25,15.7,Technology,0.06,12.09,7.19,2.92,5.29,11.68,0.23,0.69,Debt : FTP/FMP,Nil
Nippon India FHF-XLV-5-1158D(G),Vikash Agarwal,DT-FMP,3,217.1,1.4,Closed Ended,31-Mar-23,CRISIL Medium Duration Debt Index,11.59,11.59,10.66,0.67,2.08,4.25,8.71,7.3,31.46,5.55,12.68,814.5,62,243890,58.67,21.35,19.07,Financials,1.6,2.64,6.66,4.23,9.16,19.05,0.14,0.5,Debt : FTP/FMP,Nil
Nippon India Flexi Cap Fund-Reg(G),Meenakshi Dawar,EQ-FLEX,5,8538.7,1.74,Open Ended,13-Aug-21,NIFTY 500 - TRI,16.76,17.92,13.98,-0.29,-6.81,-1.15,15.88,24.58,15.67,22.51,17.46,8,101,141441,56.71,17.67,22.62,Financials,0.01,2.29,7.17,7.13,0.79,1.14,0.97,15.16,Equity : Flexi Cap,Nil upto 10% of units and 1% for remaining investments on or before 12M Nil after 12M
Nippon India Floating Rate Fund(G),Vikash Agarwal,DT-FL,5,7723.1,0.6,Open Ended,02-Sep-04,Nifty Short Duration Debt Index,43.2,43.2,39.95,0.55,1.68,4.15,8.18,7.67,6.36,6.79,7.23,0,101,92479,87.01,12.91,28.36,Financials,3.67,2.8,7.61,3.6,8.32,17.24,0.17,0.49,Debt : Floater,Nil
Nippon India Focused Equity Fund(G),Vinay Sharma,EQ-FLEX,4,8411.7,1.85,Open Ended,26-Dec-06,BSE 500 - TRI,116.13,126.48,99.86,-1.87,-8.19,-3.62,10.28,19.11,15.37,19.18,13.5,48,29,104647,47.96,21.83,20.21,Financials,0.12,5.96,7.24,3.02,0.55,0.82,0.8,12.83,Equity : Flexi Cap,Nil upto 10% of units and 1% for remaining units on or before 12M Nil after 12M
Nippon India Gilt Securities Fund(G),Pranay Sinha,DT-GILT,3,2108.4,1.27,Open Ended,22-Aug-08,Nifty All Duration G-Sec Index,36.66,36.77,33.59,0.3,0.14,3.81,8.92,7.71,5.79,5.94,7.68,0,48,143043,98.74,20.78,6.23,Financials,21.39,9.46,7.05,0.73,1.93,3.34,1.3,2.38,Debt : Gilt,0.25% on or before 7D Nil after 7D
Nippon India Gold Savings Fund(G),Himanshu Mange,GOLD-MF,4,2192.6,0.35,Open Ended,07-Mar-11,Gold-India,29.89,31.02,24.18,0.06,1.1,6.08,19.32,16.6,15.44,13.05,9.57,93,1,346648,27.64,11.73,8.72,Financials,0.06,3.6,7.04,13.81,1.1,1.75,0.39,13.62,Gold : MFs,1% on or before for 15D Nil after 15D
Nippon India Growth Fund(G),Rupesh Patel,EQ-MID,4,34583.6,1.59,Open Ended,08-Oct-95,Nifty Midcap 150 - TRI,4145.8,4280.44,3096.07,0.86,-4.23,4.28,26.62,37.86,26.51,29.02,18.33,18,97,63999,24.86,57.83,15.35,Financials,5.74,3.9,6.73,17.09,1.28,1.87,0.95,17.12,Equity : Mid Cap,1% on or before 1M Nil after 1M
Nippon India Hybrid Bond Fund(G),Sushil Budhia,HY-DT(CO),1,831.5,1.9,Open Ended,12-Jan-04,CRISIL Hybrid 85+15 - Conservative Index,55.02,55.05,50.85,0.27,0.35,3.03,7.82,9.07,7.65,4.63,5.44,0,48,556030,12.15,0.24,23.97,Financials,2.4,2,9.01,2.67,1.99,3.24,0.37,1.89,Hybrid : Debt Oriented (Conservative),Nil upto 10% of units and 1% for remaining units on or before 12M Nil after 12M
Nippon India Income Fund(G),Vivek Sharma,DT-M&LD,3,394.8,1.52,Open Ended,01-Jan-98,NIFTY Medium to Long Duration Debt Index,86.16,86.27,79.53,0.3,0.44,3.73,8.18,7.42,6.04,5.86,6.83,0,100,312212,6.41,35.9,6.94,Automobile and Ancillaries,11.74,6.57,7.03,0.78,1.99,3.41,1.05,1.97,Debt : Medium to Long Duration,0.25% on or before 15D Nil after 15D
Nippon India Index Fund-BSE Sensex Plan(G),Himanshu Mange,EQ-INDX,2,766.3,0.48,Open Ended,28-Sep-10,BSE SENSEX - TRI,40.43,43.39,35.36,-1.68,-6.79,-1.03,9.32,15.01,11.76,14.58,11.42,20,30,684544,99.2,0.72,24.97,Financials,3.15,5.82,7.42,0.93,0.43,0.66,1,13.89,Equity : Index Funds,Nil
Nippon India Index Fund-Nifty 50 Plan(G),Himanshu Mange,EQ-INDX,2,2036.2,0.42,Open Ended,28-Sep-10,NIFTY 50 - TRI,40.76,44.16,35.6,-1.65,-7.92,-1.48,9.8,15.82,12.13,14.65,11.22,10,50,555827,98.69,1.25,1.87,Financials,2,2.84,6.68,1.39,0.46,0.7,0.99,13.95,Equity : Index Funds,Nil
Nippon India Innovation Fund-Reg(G),Vinay Sharma,EQ-THEM,5,2299.5,2.01,Open Ended,28-Aug-23,NIFTY 500 - TRI,13.87,15.16,11.23,-1.16,-8.9,-3.57,20.23,25.09,27.45,24.61,12.36,27,46,77954,46.11,24.67,26.92,Financials,10.51,2.47,7.59,12.27,1.25,1.94,0.71,12.75,Equity : Thematic,1% on or before 1Y Nil after 1Y
Nippon India Inv-Annual-I(G),Vikash Agarwal,DT-FMP,4,2.9,0.1,Interval,03-May-07,CRISIL Short Term Bond Index,26.03,26.03,24.27,0.6,1.69,3.61,7.27,7.12,6.34,5.48,6.56,0,151,323010,38.41,11.58,92.96,Financials,0.67,3.33,7.23,3.1,11.02,22.01,0.04,0.29,Debt : FTP/FMP,Nil
Nippon India Inv-Mthly-I(G),Vikash Agarwal,DT-FMP,1,3.2,1.73,Interval,15-Mar-07,CRISIL Liquid Debt Index,32.44,32.44,30.69,0.51,1.39,2.79,5.7,6.1,5.68,4.69,5.86,0,50,538945,44.43,21.51,81.18,Financials,0.01,3.7,7.49,1.64,7.53,15.79,0.01,0.22,Debt : FTP/FMP,Nil
Nippon India Inv-Mthly-II(G),Vikash Agarwal,DT-FMP,3,3.7,0.55,Interval,29-Mar-07,CRISIL Liquid Debt Index,32.23,32.23,30.49,0.51,1.4,2.8,5.72,5.96,5.48,4.58,5.76,0,1,143042,83.18,22.29,32.02,Financials,0.01,9.6,6.73,1.66,7.59,15.9,0.01,0.22,Debt : FTP/FMP,Nil
Nippon India Inv-Qrtly-I(G),Vikash Agarwal,DT-FMP,2,2.8,1.91,Interval,03-Apr-07,CRISIL Liquid Debt Index,33,33,31.02,0.51,1.39,2.78,6.41,6.3,5.96,4.55,5.84,0,46,417377,98.5,39.6,2.92,Healthcare,2.75,4.97,7.74,2.34,8.5,19.47,0.01,0.28,Debt : FTP/FMP,Nil
Nippon India Inv-Qrtly-II(G),Vikash Agarwal,DT-FMP,4,30.8,2.26,Interval,07-May-07,CRISIL Liquid Debt Index,34.93,34.93,32.55,0.61,1.69,3.45,7.31,7.23,6.55,5.32,6.44,0,15,323008,75.14,86.71,2.87,Financials,0.1,1.24,7.09,3.25,11.3,23.63,0.01,0.29,Debt : FTP/FMP,Nil
Nippon India Inv-Qrtly-III(G),Vikash Agarwal,DT-FMP,4,2.8,1.66,Interval,06-Jun-07,CRISIL Liquid Debt Index,33.38,33.38,31.44,0.51,1.39,2.8,6.21,6.7,6.21,4.87,6.03,0,59,323443,97.98,12.31,26.43,Financials,0.18,3.22,6.9,2.14,8.43,19.14,0.01,0.26,Debt : FTP/FMP,Nil
Nippon India Japan Equity Fund(G),Kinjal Desai,EQ-INTL,5,267.1,2.45,Open Ended,26-Aug-14,BSE 500 Japan - TRI,18.81,20.05,16.44,-0.57,-3.96,6.37,9.31,13.91,3.07,5.62,6.77,33,30,126945,66.78,74.59,16.33,Financials,0.29,3.18,7.85,5.09,0.38,0.61,0.31,19.54,Equity : International,1% on or before 1Y Nil after 1Y
Nippon India Large Cap Fund(G),Sailesh Raj Bhan,EQ-LC,2,35313.5,1.56,Open Ended,08-Aug-07,BSE 100 - TRI,87.87,92.72,72.03,-0.71,-5.46,-0.02,18.51,25.84,20.98,19.42,13.99,17,71,327538,82.57,11.42,4.78,Financials,1.53,0.29,7.15,9.5,1.01,1.47,0.98,14.35,Equity : Large Cap,1% on or before 7D Nil after 7D
Nippon India Liquid Fund(G),Vikash Agarwal,DT-LIQ,4,32107.8,0.32,Open Ended,09-Dec-03,Nifty Liquid Fund Index,6160.81,6160.81,5741.49,0.59,1.73,3.52,7.32,7.14,6.35,5.29,6.32,0,250,43510,59.95,11.76,6.77,Financials,0.15,0.14,7.19,0.73,9.58,5.42,1,0.08,Debt : Liquid,0.007% for Day 1 0.0065% on Day 2 0.0060% on Day 3 0.0055% on Day 4 0.0050% on Day 5 0.0045% on Day 6 NIL on or after 7D
Nippon India Low Duration Fund(G),Vivek Sharma,DT-LOWD,4,9003.8,0.94,Open Ended,20-Mar-07,CRISIL Low Duration Debt Index,3602.12,3602.12,3355.83,0.63,1.78,3.67,7.38,7.05,6.09,5.91,6.75,0,51,195419,96.26,34.29,20.52,Financials,1.19,0.92,7.7,3.15,10.32,20.31,0.06,0.32,Debt : Low Duration,Nil
Nippon India Money Market Fund(G),Vikash Agarwal,DT-MM,3,18195.8,0.39,Open Ended,15-Jun-05,Nifty Money Market Index,3992.53,3992.53,3707.49,0.64,1.79,3.69,7.7,7.53,6.69,5.95,6.82,0,57,327990,14.85,5.93,22.84,Financials,0.48,0.44,7.44,3.55,11.09,22.92,0.03,0.33,Debt : Money Market,Nil
Nippon India Multi Asset Allocation Fund-Reg(G),Ashutosh Bhargava,HY-MULTI,1,4683.3,1.51,Open Ended,28-Aug-20,BSE 500 - TRI,20.04,20.83,16.78,-0.62,-3.31,2.55,18.64,21.45,15.07,25.28,6,79,82,214506,40.12,8.79,4.47,Financials,3.33,2.61,7.13,9.22,1.4,2.05,1.63,10.01,Hybrid : Multi Asset Allocation,Nil upto 10% of units and 1% for remaining units on or before 12M Nil after 12M
Nippon India Multi Cap Fund(G),Sailesh Raj Bhan,EQ-MLC,3,39000.8,1.55,Open Ended,28-Mar-05,Nifty500 Multicap 50:25:25 - TRI,293.56,308.99,227.8,-0.45,-5.38,0.32,25.97,32.46,26.23,24.19,14.63,19,117,98803,44.97,24.7,29.13,Financials,0.4,6.8,6.88,16.33,1.38,2,0.91,15.14,Equity : Multi Cap,Nil upto 10% of units and 1% for remaining units on or before 12M Nil after 12M
Nippon India Nifty 50 Value 20 Index Fund-Reg(G),Himanshu Mange,EQ-INDX,1,906.6,0.76,Open Ended,19-Feb-21,Nifty50 Value 20 - TRI,19.53,20.78,16.19,-1.91,-6.99,2.62,16.37,23.25,15.42,9.86,11.22,36,20,515686,98.33,1.63,26.86,Technology,2.03,4.58,6.25,8.04,0.89,1.45,0.94,14.37,Equity : Index Funds,Nil
Nippon India Nifty 500 Equal Weight Index Fund-Reg(G),Himanshu Mange,EQ-INDX,2,410.4,0.95,Open Ended,10-Sep-24,NIFTY500 Equal Weight - TRI,9.53,10.15,8.97,0.04,-6.67,5.52,14.56,9.68,12.14,4.57,11.4,0,500,37528,18.77,28.65,52.44,Financials,2.4,8.49,7.24,14.19,0.91,1.83,0.99,0.29,Equity : Index Funds,NIL
Nippon India Nifty 500 Momentum 50 Index Fund-Reg(G),Himanshu Mange,EQ-INDX,5,552.3,0.93,Open Ended,30-Sep-24,Nifty500 Momentum 50 - TRI,9.11,10.08,8.76,-3.19,-10.68,9.6,13.84,28.95,19.29,12.25,12.91,0,50,127197,63.88,31.51,4.36,Capital Goods,0.02,0.76,7.09,20.71,0.7,4.27,1.59,25.03,Equity : Index Funds,NIL
Nippon India Nifty AAA CPSE Bond Plus SDL - Apr 2027 Maturity 60:40 Index Fund(G),Vivek Sharma,DT-M&LD,4,3560.9,0.32,Open Ended,29-Mar-22,Nifty AAA CPSE Bond Plus SDL Apr 2027 60:40 Index,11.65,11.65,10.8,0.56,1.61,3.85,7.87,7.23,5.42,12.78,12.28,0,38,61350,47.17,13.61,12.76,Automobile and Ancillaries,1.97,1.75,7.28,3.18,6.84,15.04,0.2,0.55,Debt : Medium to Long Duration,Nil
Nippon India Nifty AAA PSU Bond Plus SDL - Sep 2026 Maturity 50:50 Index Fund-Reg(G),Vivek Sharma,DT-B&PSU,5,445.7,0.36,Open Ended,27-Oct-22,Nifty AAA PSU Bond Plus SDL Sep 2026 50:50 Index,11.67,11.67,10.84,0.58,1.62,3.77,7.68,7.19,5.42,16.01,11.53,0,28,555831,76.53,37.78,10.09,Financials,1.53,1.38,7.25,3.07,6.92,16.17,0.18,0.52,Debt : Banking & PSU,Nil
Nippon India Nifty Alpha Low Volatility 30 Index Fund(G),Himanshu Mange,EQ-INDX,1,1163.3,0.87,Open Ended,19-Aug-22,NIFTY Alpha Low-Volatility 30 - TRI,16.39,18.67,13.89,-1.88,-12.42,-3.06,16.65,27.35,14.4,35.06,12.41,27,30,256536,86.91,12.98,3.84,Automobile and Ancillaries,4.3,0.15,7.34,8.16,0.9,1.43,0.86,13.84,Equity : Index Funds,Nil
Nippon India Nifty Auto ETF,Himanshu Mange,EQ-ETF,3,295.1,0.22,Open Ended,24-Jan-22,NIFTY AUTO - TRI,245,281.74,185.94,-1,-14.58,-8.27,25.07,38.32,21.9,4.55,5.84,64,15,195500,86.01,12.37,1.55,Automobile and Ancillaries,14.87,2.81,6.02,15.62,1.09,1.79,0.98,18.59,Equity : ETFs,Nil
Nippon India Nifty Auto Index Fund-Reg(G),Himanshu Mange,EQ-AUTO,1,74,1.8,Open Ended,04-Dec-24,NIFTY AUTO - TRI,10.17,10.17,9.55,0.62,0,3.65,7.71,25.84,6.83,5.58,6.01,0,57,70312,61.89,9.37,33.23,Financials,1.36,2.16,7.07,3.4,4.92,13.81,1.15,13.54,Equity : Sectoral - Auto,NIL
Nippon India Nifty Bank Index Fund-Reg(G),Himanshu Mange,EQ-INDX,3,129,0.8,Open Ended,22-Feb-24,NIFTY BANK - TRI,11,11.62,9.79,-1.98,-3.73,-3.05,9.22,21.72,6.16,21.67,6.56,14,12,538946,86.21,13.54,15.72,Financials,6.12,3.46,7.13,2.04,2.06,1.97,1.38,13.92,Equity : Index Funds,Nil
Nippon India Nifty G-Sec Jun 2036 Maturity Index Fund-Reg(G),Vivek Sharma,DT-GILT,1,707.8,0.42,Open Ended,19-Dec-22,Nifty G-Sec Jun 2036 Index,11.9,11.93,10.75,0.52,0.95,4.66,10.54,9.11,11.76,5.38,11.54,0,32,133077,31.65,19.21,30.33,Financials,11.33,7.61,6.99,2.27,2.42,4.13,1.3,2.53,Debt : Gilt,Nil
Nippon India Nifty G-Sec Oct 2028 Maturity Index Fund-Reg(G),Vivek Sharma,DT-M&LD,3,118.4,0.37,Open Ended,06-Mar-23,Nifty G-Sec Oct 2028 Index,11.54,11.54,10.7,0.53,1.37,4.05,7.93,24.35,25.69,20.17,7.22,0,30,203047,99.26,8.39,1.78,Healthcare,3.62,3.1,6.83,2.39,3.88,7.84,0.47,0.98,Debt : Medium to Long Duration,Nil
Nippon India Nifty G-Sec Sep 2027 Maturity Index Fund-Reg(G),Vivek Sharma,DT-GILT,4,411,0.4,Open Ended,06-Dec-22,Nifty G-Sec Sep 2027 Index,11.55,11.56,10.73,0.51,1.44,3.87,7.64,7.5,20.19,29.06,16.45,0,251,121074,95.95,8.39,24.33,Financials,2.56,2.23,6.8,2.52,4.55,9.33,0.34,0.78,Debt : Gilt,Nil
Nippon India Nifty IT Index Fund-Reg(G),Himanshu Mange,EQ-INDX,2,149.2,0.88,Open Ended,22-Feb-24,NIFTY IT - TRI,11.71,12.15,8.53,0.39,2.49,17.82,21.17,41.02,19.63,13.04,10.5,0,10,429503,83.51,16.08,4.41,Technology,0.12,6.76,7.18,12.9,10.54,3.06,0.77,1.32,Equity : Index Funds,Nil
Nippon India Nifty Midcap 150 Index Fund-Reg(G),Himanshu Mange,EQ-INDX,2,1636,0.8,Open Ended,19-Feb-21,Nifty Midcap 150 - TRI,24.22,25.44,19.21,1.51,-5.24,0.78,23.12,33.37,22.51,5.56,6.44,36,150,58832,6.46,86.58,6.8,Financials,10.46,3.89,7.47,14.39,1.1,1.58,0.95,17.5,Equity : Index Funds,Nil
Nippon India Nifty Next 50 Junior BeES FoF-Reg(G),Himanshu Mange,FOF-DOM,5,516.3,0.29,Open Ended,08-Mar-19,NIFTY NEXT 50,25.49,28.52,19.62,-3.39,-11.3,-5.14,28.01,28.29,18.08,19.55,6.01,0,74,223767,38.41,27.89,1.55,Financials,9.6,5.68,7.66,16.25,1.36,2.15,2.16,16.58,FoFs : Domestic,Nil
Nippon India Nifty Pharma ETF,Himanshu Mange,EQ-ETF,5,840.6,0.21,Open Ended,06-Jul-21,NIFTY PHARMA - TRI,24,24.25,17.42,5.46,0.67,19.03,39.65,37.6,18.89,15.5,9.47,53,20,120896,62.04,29,8.91,Healthcare,5.54,2.27,7.64,28.95,2.11,4,0.45,14.72,Equity : ETFs,1% on or before 6M Nil after 6M
Nippon India Nifty Realty Index Fund-Reg(G),Himanshu Mange,EQ-INDX,4,187.5,0.85,Open Ended,04-Dec-24,NIFTY REALTY - TRI,9.75,10.38,9.65,0.18,1.59,3.33,9.75,17.49,38.46,19.99,9.81,45,44,223609,36.92,23.76,12.63,Financials,3.22,7.02,6.78,16.61,1.95,1.94,1.08,11.43,Equity : Index Funds,NIL
Nippon India Nifty SDL Plus G-Sec - Jun 2029 Maturity 70:30 Index Fund-Reg(G),Vivek Sharma,DT-M&LD,2,297.8,0.39,Open Ended,20-Feb-23,Nifty SDL Plus G-Sec Jun 2029 70:30 Index,11.55,11.57,10.63,0.36,1.24,4.31,8.77,35.85,23.94,12.9,5.86,0,67,193009,47.33,1.28,2.59,Financials,4.26,3.53,7.04,3.33,3.97,7.47,0.4,1.14,Debt : Medium to Long Duration,Nil
Nippon India Nifty SDL Plus G-Sec-Jun 2028 Maturity 70:30 Index Fund-Reg(G),Vivek Sharma,DT-M&LD,1,402.4,0.4,Open Ended,24-Nov-22,Nifty SDL Plus G-Sec Jun 2028 70:30 Index,11.68,11.69,10.79,0.48,1.4,4.09,8.26,7.71,6.17,12.51,6.47,0,38,91696,83.86,29.5,10.89,Financials,3.18,2.72,7.03,2.92,4.31,9.2,0.38,0.94,Debt : Medium to Long Duration,Nil
Nippon India Nifty Smallcap 250 Index Fund-Reg(G),Himanshu Mange,EQ-INDX,2,1961.6,0.94,Open Ended,16-Oct-20,Nifty Smallcap 250 - TRI,34.79,36.07,26.21,0.99,-3.54,2.85,25.8,36.25,21.43,12.26,9.58,48,250,19550,67.75,8,91.94,Financials,0.27,3.72,7.31,17.09,1.1,1.56,0.96,19.96,Equity : Index Funds,Nil
Nippon India Nivesh Lakshya Fund(G),Pranay Sinha,DT-LD,2,9114.7,0.6,Open Ended,06-Jul-18,CRISIL Long Duration Debt Index,17.19,17.25,15.4,0.49,0.09,4.05,11.36,9.13,6.87,6.85,8.78,0,53,214400,98.61,10.92,18.92,Financials,22.09,10.6,7.09,2.42,2.34,4.07,1.51,2.96,Debt : Long Duration,1% on or before 1M Nil after 1M
Nippon India Overnight Fund-Reg(G),Siddharth Deb,DT-ON,5,8439,0.16,Open Ended,18-Dec-18,CRISIL Liquid Overnight Index,134.26,134.26,125.92,0.55,1.61,3.25,6.64,6.63,5.96,4.85,13.66,0,30,133459,83.5,14.14,15.85,Financials,0.01,3.56,6.72,0.28,34.53,2.11,0.39,0.01,Debt : Overnight,Nil
Nippon India Passive Flexicap FoF-Reg(G),Ashutosh Bhargava,FOF-DOM,5,237.4,0.58,Open Ended,01-Jan-21,NIFTY 500 - TRI,20.57,22.09,17.34,-0.74,-7.39,-0.93,15.71,21.24,14.91,21.9,11.54,8,44,76843,63.46,10.55,37.27,Healthcare,1.9,2.09,6.93,5.95,0.95,1.54,1.9,12.12,FoFs : Domestic,NIL
Nippon India Pharma Fund(G),Sailesh Raj Bhan,EQ-PHRM,3,8638.2,1.81,Open Ended,05-Jun-04,BSE Health Care - TRI,530.57,530.57,401.88,3.63,1.35,18.51,34.25,37.25,19.09,28.16,15.45,12,35,64699,37.95,31.59,27.39,Healthcare,1.98,2.88,7.09,24.9,2.23,4.34,0.4,12.1,Equity : Sectoral - Pharma,1% on or before 1M Nil after 1M
Nippon India Power & Infra Fund(G),Rahul Modi,EQ-POWER,2,7556.6,1.83,Open Ended,08-May-04,Nifty Infrastructure - TRI,352.46,383.04,272.84,-1.95,-8.34,-6.3,27,41.96,31.06,29.5,16.39,32,51,113432,54.14,23.77,20.39,Capital Goods,1.3,9.95,7.65,16.96,1.17,1.65,1.11,19.33,Equity : Sectoral - Energy / Power,1% on or before 1M Nil after 1M
Nippon India Quant Fund(G),Ashutosh Bhargava,EQ-THEM,1,88,0.97,Open Ended,18-Apr-08,BSE 200 - TRI,69.98,74.18,56.75,-0.86,-5.84,1.94,19.84,27.89,20.9,21.83,13.3,99,35,314088,80.42,15.81,1.63,Financials,5.75,2.03,6.78,10.66,0.95,1.36,1.1,17.01,Equity : Thematic,0.25% on or before 1M Nil after 1M
Nippon India Retirement Fund-Income Generation(G),Pranay Sinha,HY-SOL,1,156.4,2.09,Open Ended,11-Feb-15,CRISIL Hybrid 85+15 - Conservative Index,19.67,19.89,17.57,0.02,-1.22,2.74,11.29,10.71,7.76,7.59,7.25,0,28,347593,16.09,2.64,1.34,Financials,17.72,9.36,7.04,2.09,1.64,2.55,1.61,4.21,Hybrid : Solution Oriented,NIL
Nippon India Retirement Fund-Wealth Creation(G),Pranay Sinha,HY-SOL,3,3336.5,1.92,Open Ended,11-Feb-15,BSE 500 - TRI,29.18,30.67,23.38,-0.8,-5.42,1,20.6,26.56,17.75,16.4,6.94,45,67,202904,67.7,14.97,16.67,Financials,0.08,0.07,6.28,8.57,1.07,1.53,2.7,15.39,Hybrid : Solution Oriented,Nil
Nippon India Short Term Fund(G),Sushil Budhia,DT-SD,4,7627.1,0.94,Open Ended,18-Dec-02,CRISIL Short Duration Debt Index,50.44,50.44,46.73,0.63,1.61,4.13,7.96,7.38,5.97,6.33,7.01,0,39,424736,51.94,33.54,9.33,Automobile and Ancillaries,3.64,2.84,7.62,3,6.18,12.74,0.3,0.63,Debt : Short Duration,Nil
Nippon India Silver ETF,Vikram Dhawan,GOLD-ETF,3,5214,0.56,Open Ended,04-Feb-22,Silver,84.94,96.17,68.01,-4.22,-4.98,-2.68,15.72,10.09,6.6,26.36,13.93,35,50,184511,86.3,11.75,25.97,Technology,13.2,5.23,12.34,12.93,0.59,1.01,0.22,23.14,Gold : ETFs,Nil
Nippon India Silver ETF FOF-Reg(G),Himanshu Mange,FOF-DOM,5,497.7,0.58,Open Ended,02-Feb-22,Silver,13.53,15.34,10.89,-3.61,-4.52,-2.33,14.96,11.32,13.08,12.78,12.22,0,25,13189,52.9,45.23,1.78,Financials,4.46,2.27,3.51,10.94,0.56,0.98,0.8,23.76,FoFs : Domestic,1% on or before 15D Nil after 15D
Nippon India Small Cap Fund(G),Samir Rachh,EQ-SML,4,61646.4,1.43,Open Ended,16-Sep-10,Nifty Smallcap 250 - TRI,176.93,183.53,132.83,-0.11,-3.88,1.86,26.36,37.45,26.47,34.89,21.87,22,225,23605,11.51,13.98,69.56,Capital Goods,0.21,0.09,7.08,17.29,1.26,1.8,0.88,17.27,Equity : Small Cap,1% on or before 1Y Nil after 1Y
Nippon India Strategic Debt Fund(G),Sushil Budhia,DT-MD,2,117.4,1.07,Open Ended,26-Jun-14,CRISIL Medium Duration Debt Index,14.8,14.8,13.66,0.6,1.56,4.2,8.34,7.64,5.75,1.18,3.34,0,74,43510,34.16,20.93,15.72,Construction,4.71,3.41,8.12,2.92,5.08,10.31,0.42,0.83,Debt : Medium Duration,1% on or before 12M Nil after 12M
Nippon India Taiwan Equity Fund-Reg(G),Kinjal Desai,EQ-INTL,2,358.1,2.43,Open Ended,11-Dec-21,Taiwan Capitalization Weighted Stock Index,11.57,12.21,9.16,4.53,7.61,5.47,24.22,31.65,4.47,20.75,6.74,132,27,59072,45.42,23.29,3.86,Financials,6.02,3.2,6.99,21.47,0.8,1.27,0.42,29.55,Equity : International,1% on or before 3M Nil after 3M
Nippon India Ultra Short Duration Fund(G),Vivek Sharma,DT-USD,3,7783.3,1.12,Open Ended,06-Dec-01,CRISIL Ultra Short Term Debt Index,3887.6,3887.6,3626.6,0.62,1.72,3.48,7.21,6.95,6.17,6.21,5.94,0,30,163053,0.5,13.83,39.9,Healthcare,0.53,0.44,7.72,3.1,10.89,21.41,0.03,0.29,Debt : Ultra Short Duration,Nil
Nippon India US Equity Opp Fund(G),Kinjal Desai,EQ-INTL,5,719.2,2.39,Open Ended,23-Jul-15,CRISIL Liquid Overnight Index,33.9,35.18,27.4,-0.72,5.44,7.66,21.25,26.61,9.13,14.2,5.28,18,27,111588,61.11,19.29,30.7,Financials,6.9,0.46,6.66,16.53,1.24,2.02,0.16,13.89,Equity : International,1% on or before 1M Nil after 1M
Nippon India Value Fund(G),Dhrumil Shah,EQ-VAL,4,8535.6,1.85,Open Ended,08-Jun-05,NIFTY 500 - TRI,226.13,238.76,179.36,0.41,-5.57,1.98,22.31,32.57,22.8,24.28,15.88,49,83,135260,53.05,22.77,21.43,Financials,1.3,1.88,7.08,13.1,1.09,1.54,1.04,16.79,Equity : Value / Contra,Nil upto 10% of units and 1% for remaining units on or before 12M Nil after 12M
Nippon India Vision Fund(G),Amar Kalkundrikar,EQ-L&M,3,5546.2,1.96,Open Ended,08-Oct-95,NIFTY LargeMidcap 250 - TRI,1453.47,1504.57,1123.64,0.45,-4.04,2.8,26.13,30.82,20.77,21.43,12.68,106,77,166506,54.81,41.93,1.94,Financials,24.66,1.42,7.31,16.05,1.37,2.03,0.96,15.21,Equity : Large & Mid Cap,Nil upto 10% of units and 1% for remaining units on or before 12M Nil after 12M
NJ Balanced Advantage Fund-Reg(G),Viral Shah,HY-EQ,4,3988.5,1.89,Open Ended,29-Oct-21,NIFTY 50 Hybrid Composite Debt 50:50 Index,13.59,14.64,12.21,-0.52,-6.64,-1.24,10.21,16.73,10.85,21.47,12.92,482,83,156218,42.2,17.27,7.77,Energy,0.17,0.17,6.56,2.12,0.68,1.02,1.39,9.11,Hybrid : Equity Oriented,Nil upto 5% of units and 1% for remaining units on or before 30D Nil after 30D
NJ ELSS Tax Saver Scheme-Reg(G),Viral Shah,EQ-ELSS,2,250.7,2.31,Open Ended,16-Jun-23,NIFTY 500 - TRI,14.88,16.24,12.78,1.72,-8.7,-0.54,14.82,37.34,33.35,22.34,14.91,103,25,49657,15.27,57.23,26.94,Healthcare,3.98,2.07,7.55,6.68,0.72,1.13,0.83,14.98,Equity : Tax Saving (ELSS),Nil
NJ Flexi Cap Fund-Reg(G),Dhaval Patel,EQ-FLEX,4,1966.5,2.03,Open Ended,05-Sep-23,NIFTY 500 - TRI,13.98,16.13,12.01,-1.36,-12.39,-4.7,14.06,7.64,12.91,11.16,12.48,120,50,105429,55.28,29.71,13.84,Healthcare,0.32,2.87,7.06,5.9,0.63,0.93,0.96,17.17,Equity : Flexi Cap,Nil upto 5% of units and 1% for remaining units on or before 30D Nil after 30D
Old Bridge Focused Equity Fund-Reg(G),Tarang Agrawal,EQ-FLEX,2,1015.5,2.26,Open Ended,24-Jan-24,BSE 500 - TRI,11.82,12.9,9.4,-1.26,-7.7,3.43,7.37,10.03,13.13,17.6,6.76,18,23,49620,32.37,16.64,41.53,Healthcare,0.05,2.23,7.14,27.67,2.01,18.49,1.64,23.7,Equity : Flexi Cap,1% on or before 365D Nil after 365D
Parag Parikh Arbitrage Fund-Reg(G),Rajeev Thakkar,HY-ARB,1,1116.2,0.65,Open Ended,02-Nov-23,Nifty 50 Arbitrage - TRI,10.86,10.86,10.12,0.63,1.84,3.44,7.32,7.24,6.26,6,6.78,0,105,184863,47.81,16.7,4.73,Financials,0.36,0.33,7.16,3.43,3.06,6.46,-0.08,1.04,Hybrid : Arbitrage,0.25% on or before 30D Nil after 30D
Parag Parikh Conservative Hybrid Fund-Reg(G),Rajeev Thakkar,HY-DT(CO),1,2315.4,0.64,Open Ended,26-May-21,CRISIL Hybrid 85+15 - Conservative Index,14.34,14.38,12.78,0.09,-0.02,3.98,12.47,13.04,11.23,12.06,9.85,0,15,131973,7.95,2.52,2.04,Energy,3.88,3.11,7.26,6.3,2.57,4.02,0.65,3.22,Hybrid : Debt Oriented (Conservative),Nil upto 10% of units For remaining units 1% on or before 365D and Nil after 365D
Parag Parikh Dynamic Asset Allocation Fund-Reg(G),Rajeev Thakkar,HY-DYN,3,1384.8,0.62,Open Ended,27-Feb-24,CRISIL Hybrid 50+50 - Moderate Index,10.88,10.89,9.95,0.3,0.2,3.87,15.42,7.65,9.28,5.7,5.94,0,53,170598,25.65,5.65,5.09,Energy,4.09,3.22,7.27,0.91,0.63,8.74,0.46,14.59,Hybrid : Dynamic Asset Allocation,Nil upto 10% of units and 1% for remaining units on or before 1Y Nil after 1Y
Parag Parikh ELSS Tax Saver Fund-Reg(G),Rajeev Thakkar,EQ-ELSS,1,4385.2,1.72,Open Ended,24-Jul-19,NIFTY 500 - TRI,30.97,32.02,25.24,0.74,-3.4,5.82,20.45,24.66,17.88,23.15,6.83,15.13,29,271063,69.63,3.9,7.84,Financials,11.4,3.2,7,12.12,1.37,2.1,0.74,11.53,Equity : Tax Saving (ELSS),Nil
Parag Parikh Flexi Cap Fund-Reg(G),Rajeev Thakkar,EQ-FLEX,5,84640.6,1.33,Open Ended,28-May-13,NIFTY 500 - TRI,80.99,82.67,65.14,1.3,-0.96,6.22,23.92,30.15,16.31,24.75,17.46,22.07,64,316360,59.71,3.87,3.26,Financials,0.37,2.5,3.91,15.22,1.69,2.6,0.68,11.07,Equity : Flexi Cap,Nil upto 10% of units. For remaining units 2% on or before 365D 1% after 365D but on or before 730D Nil after 730D
Parag Parikh Liquid Fund-Reg(G),Raj Mehta,DT-LIQ,3,2360.7,0.26,Open Ended,11-May-18,CRISIL Liquid Debt Index,1402.91,1402.91,1312.03,0.56,1.66,3.37,6.95,6.76,6.02,4.95,5.76,0,79,67324,38.64,6.67,13.79,Energy,0.13,0.12,6.84,0.48,10.19,3.6,1.02,0.05,Debt : Liquid,0.007% for Day 1 0.0065% on Day 2 0.0060% on Day 3 0.0055% on Day 4 0.0050% on Day 5 0.0045% on Day 6 NIL on or after 7D
PGIM India Arbitrage Fund-Reg(G),Chetan Chavan,HY-ARB,2,90.1,1.09,Open Ended,27-Aug-14,Nifty 50 Arbitrage,17.78,17.78,16.63,0.55,1.67,3.32,7.01,6.83,5.8,4.95,5.62,100,27,224420,53.75,10.71,2.44,Energy,0.02,0.02,7.11,2.9,2.84,6.14,-0.02,1,Hybrid : Arbitrage,0.25% on or before 30D Nil after 30D
PGIM India Balanced Advantage Fund-Reg(G),Utsav Mehta,HY-DYN,2,1037.5,2.17,Open Ended,04-Feb-21,CRISIL Hybrid 50+50 - Moderate Index,14.83,15.49,13.12,-0.88,-4.43,0.34,10.54,13.2,9.17,12.31,12.46,50,60,329682,54.57,9.23,4.57,Financials,10.13,5.68,7.07,1.92,0.72,1.09,1.53,8.84,Hybrid : Dynamic Asset Allocation,0.50% on or before 90D Nil after 90D
PGIM India Corp Bond Fund(G),Puneet Pal,DT-CORP,5,95.3,1.01,Open Ended,30-Jan-03,CRISIL Composite Bond Index,41.3,41.3,38.38,0.47,1.33,3.93,7.59,6.99,5.68,6.1,6.45,0,74,538946,73.77,1.28,73.07,Financials,4.78,3.46,7.35,2.37,4.63,9.21,0.38,0.76,Debt : Corporate Bond,Nil
PGIM India CRISIL IBX Gilt Index - Apr 2028 Fund-Reg(G),Puneet Pal,DT-M&LD,5,27.9,0.41,Open Ended,22-Feb-23,CRISIL IBX Gilt Index - April 2028,11.51,11.51,10.69,0.57,1.39,3.96,7.74,18.54,6.6,4.46,7.02,0,54,166721,69.98,12.31,3.17,Healthcare,3.06,2.61,6.86,2.37,4.04,8.53,0.42,0.9,Debt : Medium to Long Duration,Nil
PGIM India Dynamic Bond Fund(G),Puneet Pal,DT-DYN,3,105.8,1.64,Open Ended,12-Jan-12,CRISIL Dynamic Bond Index,2528.03,2534.56,2315.77,0.22,0.39,3.75,8.98,7.45,5.72,5.61,7.03,0,20,96310,96.26,1.16,5.93,Energy,13.2,7.34,6.99,1.13,2.12,3.83,1.19,2.21,Debt : Dynamic Bond,Nil
PGIM India ELSS Tax Saver Fund-Reg(G),Sharma Vivek,EQ-ELSS,4,769.5,2.25,Open Ended,11-Dec-15,NIFTY 500 - TRI,34.98,36.17,28.8,1.5,-2.79,2.86,16.49,18.36,13.75,18.68,11.61,41,61,200663,59.01,21.72,14.49,Financials,1,2.57,7.13,7.89,0.94,1.42,0.84,12.98,Equity : Tax Saving (ELSS),Nil
PGIM India Emerging Markets Equity Fund(G),Chetan Gindodia,FOF-OVR,4,95.4,2.38,Open Ended,11-Sep-07,MSCI Emerging Market Index,15.49,16.08,12.38,2.24,2.38,6.61,20.64,17.55,-3.78,1.04,2.69,98,33,58757,70.78,1.25,3.71,Healthcare,9.89,2.84,6.9,12.9,1.11,1.84,1.42,15.36,FoFs : Overseas,0.50% on or before 90D Nil after 90D
PGIM India Equity Savings Fund(G),Anandha Padmanabhan Anjeneyan,HY-EQ,1,83,1.32,Open Ended,05-Feb-04,NIFTY 50 Equity Savings Index,47.67,47.78,44.22,0.39,0.18,2.49,7.43,7.85,6.31,7.21,7.77,36,41,381438,64.5,5.6,0.38,Financials,3.44,2.55,6.8,2.09,1.41,2.45,0.37,2.26,Hybrid : Equity Oriented,Nil
PGIM India Flexi Cap Fund-Reg(G),Anandha Padmanabhan Anjeneyan,EQ-FLEX,5,6354.3,1.78,Open Ended,04-Mar-15,NIFTY 500 - TRI,35.83,37.82,29.8,0.74,-4.89,2.4,16.42,18.39,9.7,20.53,4.89,56,62,194798,62.23,24.32,11.06,Financials,0.37,6.24,7.39,7.69,0.88,1.33,0.88,13.76,Equity : Flexi Cap,0.50% on or before 90D Nil after 90D
PGIM India Gilt Fund(G),Puneet Pal,DT-GILT,2,116.5,1.49,Open Ended,27-Oct-08,CRISIL Dynamic Gilt Index,29.08,29.18,26.63,0.19,0.07,3.65,8.96,7.68,5.67,5.75,6.86,0,28,140785,78.82,9.98,5.65,Financials,16.76,8.49,6.99,0.43,1.76,3.1,1.4,2.62,Debt : Gilt,Nil
PGIM India Global Equity Opp Fund(G),Chetan Gindodia,FOF-OVR,4,1356.5,2.38,Open Ended,13-May-10,MSCI AC World Index,43.17,45.4,33.64,-0.74,1.15,2.98,23.98,31.41,4.62,16.12,10.31,187,1,27568,78.14,15.89,6.79,Energy,0.01,2.16,7.42,19.03,1.16,1.92,0.46,17.62,FoFs : Overseas,0.50% on or before 90D Nil after 90D
PGIM India Global Select Real Estate Securities FoF-Reg(G),Chetan Gindodia,FOF-OVR,5,54.2,2.12,Open Ended,03-Dec-21,FTSE EPRA/NAREIT Developed Index,10.35,11.12,9.08,-5.99,-6.76,8.04,7.81,9.61,-0.73,21.4,6.29,0,61,283686,39.85,20.38,0.54,FMCG,10.22,3.81,7.32,0.98,0.37,0.58,1.27,12.9,FoFs : Overseas,0.50% on or before 90D Nil after 90D
PGIM India Healthcare Fund-Reg(G),Anandha Padmanabhan Anjeneyan,EQ-PHRM,4,1531.6,1.48,Open Ended,06-Dec-24,BSE Health Care - TRI,10.22,10.22,9.91,-1.07,-5.86,-1.93,23.72,23.04,6.86,11.01,6.38,0,66,64866,98.52,43.07,18.07,Financials,0.23,8.39,6.66,11.94,9.24,2.01,0.99,16.57,Equity : Sectoral - Pharma,0.50% on or before 90D Nil after 90D
PGIM India Hybrid Equity Fund(G),Sharma Vivek,HY-EQ,3,212.3,2.33,Open Ended,05-Feb-04,CRISIL Hybrid 35+65 - Aggressive Index,126.37,129.86,108.5,0.76,-1.17,2.45,15.06,15.99,8.98,12.06,8.59,30,39,278525,46.57,11.92,8.35,Financials,10.57,6.05,7,5.85,1.05,1.65,1.6,9.99,Hybrid : Equity Oriented,0.50% on or before 90D Nil after 90D
PGIM India Large and Mid Cap Fund(G),Vinay Paharia,EQ-L&M,3,597.2,2.34,Open Ended,12-Feb-24,NIFTY LargeMidcap 250 - TRI,12.21,12.67,9.93,1.34,-3.21,3.16,8.6,17.13,5.07,1.04,12.21,18,64,189318,53.94,35.77,4.86,Financials,31.71,3.07,7.09,13.91,0.8,1.48,1.56,0.32,Equity : Large & Mid Cap,0.50% on or before 90D Nil after 90D
PGIM India Large Cap Fund(G),Anandha Padmanabhan Anjeneyan,EQ-LC,1,593.5,2.38,Open Ended,30-Jan-03,NIFTY 100 - TRI,332.7,359.62,291.88,-0.2,-7.05,-0.6,10.36,15.25,10.69,13.04,10.5,49,43,410708,87.02,10.23,7.34,Financials,4.3,4.86,7.03,1.92,0.5,0.75,0.91,13.14,Equity : Large Cap,0.50% on or before 90D Nil after 90D
PGIM India Liquid Fund(G),Bhupesh Kalyani,DT-LIQ,3,450.8,0.22,Open Ended,04-Sep-07,CRISIL Liquid Debt Index,328.57,328.57,306.25,0.6,1.75,3.54,7.31,7.15,6.38,5.3,6.34,0,51,49317,62.57,31.59,26.44,Automobile and Ancillaries,0.11,0.11,7.03,0.71,9.49,5.34,0.91,0.08,Debt : Liquid,0.007% for Day 1 0.0065% on Day 2 0.0060% on Day 3 0.0055% on Day 4 0.0050% on Day 5 0.0045% on Day 6 NIL on or after 7D
PGIM India Midcap Opp Fund-Reg(G),Sharma Vivek,EQ-MID,5,11092.7,1.7,Open Ended,02-Dec-13,Nifty Midcap 150 - TRI,64.91,67.39,51.23,2.25,-3.6,2.29,21.66,21.44,13.41,28.56,15.98,41,77,70480,24.94,60.19,10.77,Financials,0.12,9.94,6.66,12.75,1.16,1.83,0.81,14.54,Equity : Mid Cap,0.50% on or before 90D Nil after 90D
PGIM India Money Market Fund-Reg(G),Puneet Pal,DT-MM,2,170.8,0.46,Open Ended,06-Mar-20,CRISIL Money Market Index,1278.45,1278.45,1192.71,0.6,1.7,3.52,7.21,7.15,6.23,13.78,7.5,0,30,155574,83.31,1.24,4.41,Financials,0.35,0.33,7.15,3.1,9.72,20.8,0.03,0.33,Debt : Money Market,Nil
PGIM India Multi Cap Fund-Reg(G),Sharma Vivek,EQ-MLC,4,341.1,2.39,Open Ended,10-Sep-24,Nifty500 Multicap 50:25:25 - TRI,9.75,10.21,9.15,0.73,-5.13,3.95,15.76,20.7,5.68,15.52,6.78,2,76,102130,47.07,20.92,28.52,Financials,0.32,7.34,6.96,0.55,5.53,20.74,1.04,0.33,Equity : Multi Cap,0.50% on or before 90D Nil after 90D
PGIM India Overnight Fund-Reg(G),Bhupesh Kalyani,DT-ON,2,74,0.15,Open Ended,27-Aug-19,Nifty 1D Rate Index,1292.37,1292.37,1211.9,0.55,1.62,3.25,6.66,6.62,5.96,4.89,9.57,0,17,148434,60.38,64.61,3.84,Financials,31.71,7.01,6.67,0.3,18.15,2.19,0.97,0.02,Debt : Overnight,Nil
PGIM India Retirement Fund-Reg(G),Vinay Paharia,HY-SOL,3,73.4,2.31,Open Ended,15-Apr-24,BSE 500 - TRI,11.9,12.31,9.9,0.86,-2.89,4.72,8.08,6.59,11.65,4.81,6.28,14,77,120668,45.09,24.64,27.3,Financials,0.12,0.46,6.92,3.25,0.91,0.83,1,1.9,Hybrid : Solution Oriented,Nil
PGIM India Small Cap Fund-Reg(G),Utsav Mehta,EQ-SML,5,1558.1,2.07,Open Ended,29-Jul-21,Nifty Smallcap 250 - TRI,16.31,16.95,12.53,-0.49,-3.81,4.26,20.16,22.46,12.51,6.39,9.85,51,65,17220,9.74,12.01,83.38,FMCG,3.64,3.66,7.27,12.45,1.05,1.63,0.68,15.12,Equity : Small Cap,0.50% on or before 90D Nil after 90D
PGIM India Ultra Short Duration Fund(G),Puneet Pal,DT-USD,4,241.3,0.92,Open Ended,04-Jul-08,CRISIL Ultra Short Term Debt Index,32.93,32.93,30.82,0.58,1.63,3.32,6.84,6.68,5.89,5.3,7.21,0,63,685223,46.94,15.53,1.9,Financials,0.35,0.32,7.27,2.72,9.29,19.41,0.03,0.3,Debt : Ultra Short Duration,Nil
Quant Absolute Fund(G),Sanjeev Sharma,HY-EQ,5,2198.8,2.04,Open Ended,20-Mar-01,NIFTY 50 Hybrid Composite Debt 65:35 Index,402.63,449.31,361.82,-2.97,-10.36,-7.61,10.46,13.51,13.61,23.26,14.91,244,17,356058,72.33,17.53,0.98,Financials,10.81,1.82,6.5,2.44,0.53,0.8,1.68,13.81,Hybrid : Equity Oriented,1% on or before 15D Nil after 15D
Quant Active Fund(G),Ankit Pande,EQ-MLC,5,10613.9,1.73,Open Ended,20-Mar-01,NIFTY 500 - TRI,650.34,731.25,573.02,-2.5,-9.76,-9.35,12.04,18.48,16.09,28.19,18.42,206,53,87995,41.84,25.49,28.92,Financials,103,3.86,7.23,4.59,0.52,0.74,1.02,18.73,Equity : Multi Cap,1% on or before 15D Nil after 15D
Quant BFSI Fund-Reg(G),Sandeep Tandon,EQ-FIN,3,626.2,2.34,Open Ended,20-Jun-23,Nifty Financial Services - TRI,15.93,17.86,13.78,0.69,-10.76,-8.75,13.13,5.13,5.59,29.73,11.27,526,17,76882,44.23,5.85,41.51,Financials,7.24,2.5,6.9,5.57,0.54,0.78,1.08,20.45,Equity : Sectoral - Financial Services,1% on or before 15D Nil after 15D
Quant Business Cycle Fund-Reg(G),Sandeep Tandon,EQ-THEM,4,1537.3,2.06,Open Ended,30-May-23,NIFTY 500 - TRI,17,19.42,14.11,-3.37,-12.08,-2.95,19.73,13.35,6.29,5.88,6.16,342,29,85068,49.71,9.49,36.95,Healthcare,0.13,0.14,7.32,11.14,0.84,1.24,1.03,19.35,Equity : Thematic,1% on or before 15D Nil after 15D
Quant Commodities Fund-Reg(G),Ankit Pande,EQ-THEM,1,446.2,2.43,Open Ended,27-Dec-23,NIFTY COMMODITIES - TRI,13.97,15.34,9.78,-0.65,-9.53,4.65,37.43,7.49,5.54,5.09,13.45,452,16,45776,31.05,4.48,55.98,Chemicals,7.23,3.79,7.09,25.7,1.32,2,1.12,23.71,Equity : Thematic,1% on or before 15D Nil after 15D
Quant Consumption Fund-Reg(G),Sandeep Tandon,EQ-CONS,3,337.7,2.41,Open Ended,24-Jan-24,Nifty India Consumption - TRI,10.64,12.03,9.84,-3.92,-11.59,-5.2,22.98,13.8,5.95,31.66,8.11,348,17,49752,44.3,24.06,24.66,FMCG,4.61,9.46,7.33,3.48,0.8,17.15,1.15,13.67,Equity : Thematic - Consumption,1% on or before 15D Nil after 15D
Quant Dynamic Asset Allocation Fund-Reg(G),Sandeep Tandon,HY-DYN,5,1341.1,2.12,Open Ended,12-Apr-23,NIFTY 50 Hybrid Composite Debt 50:50 Index,16.28,17.6,13.38,-0.91,-7.2,-3.78,20.15,7.64,5.72,18.13,11.41,378,18,259036,76.52,1.81,9.15,Financials,3.62,0.01,6.79,10.96,1.06,1.63,1.83,15.4,Hybrid : Dynamic Asset Allocation,1% on or before 15D Nil after 15D
Quant ELSS Tax Saver Fund(G),Ankit Pande,EQ-ELSS,5,10799,1.71,Open Ended,13-Apr-00,NIFTY 500 - TRI,358.74,416.78,322.26,-3.96,-13.76,-11.45,9.31,19.78,17.53,30.47,20.24,137,36,233530,85.26,5.38,5.9,Energy,2.85,0.11,7.74,1.81,0.39,0.56,1.02,17.92,Equity : Tax Saving (ELSS),Nil
Quant ESG Equity Fund-Reg(G),Ankit Pande,EQ-THEM,4,312.3,2.42,Open Ended,05-Nov-20,NIFTY100 ESG - TRI,33.2,37.75,28.19,-4.27,-11.36,-3.92,17.2,21.73,19.91,5.98,6.11,503,19,118781,54.39,12.93,26.43,Financials,1.32,0.11,6.84,9.53,0.88,1.33,0.86,15.8,Equity : Thematic,1% on or before 15D Nil after 15D
Quant Flexi Cap Fund(G),Ankit Pande,EQ-FLEX,5,7331.4,1.78,Open Ended,23-Sep-08,NIFTY 500 - TRI,97.72,111.94,83.77,-2.09,-12.97,-9.59,14.79,22.82,19.15,31.57,18.35,299,34,220915,74.52,5.69,13.77,Financials,3.07,0.29,7.57,7.41,0.71,1.03,0.99,17.53,Equity : Flexi Cap,1% on or before 15D Nil after 15D
Quant Focused Fund(G),Ankit Pande,EQ-LC,1,1117.9,2.18,Open Ended,01-Aug-08,NIFTY 500 - TRI,86.54,97.22,75.72,-2.35,-11.36,-6.43,12.11,21.01,17.2,21.74,15.53,453,17,339011,87.11,21.45,4.32,Financials,6.12,3.21,7.34,4.59,0.58,0.9,0.93,15.98,Equity : Large Cap,1% on or before 15D Nil after 15D
Quant Gilt Fund-Reg(G),Sanjeev Sharma,DT-GILT,2,125.5,1.41,Open Ended,21-Dec-22,CRISIL Dynamic Gilt Index,11.44,11.44,10.61,0.49,1.09,3.69,7.58,6.84,22.93,14.06,12.68,0,50,175786,32.02,18.37,8.42,Financials,8.64,4.84,6.92,1.81,3.48,7.32,0.52,0.97,Debt : Gilt,Nil
Quant Healthcare Fund-Reg(G),Sandeep Tandon,EQ-PHRM,2,439.6,2.39,Open Ended,17-Jul-23,Nifty India Consumption - TRI,16.12,17.63,12.4,-1.83,-7.2,7.28,30.19,23.02,6.08,26.63,6.24,223,21,16782,15.7,17.86,65.41,Healthcare,7.24,2.65,7.24,21.8,1.4,2.2,0.69,18.03,Equity : Sectoral - Pharma,1% on or before 15D Nil after 15D
Quant Infrastructure Fund(G),Ankit Pande,EQ-INFRA,5,3585.3,1.9,Open Ended,26-Aug-07,Nifty Infrastructure - TRI,39.61,44.31,31.72,-0.66,-8.54,-9.14,22.96,27.97,23.42,35.06,18.74,269,24,100456,59.16,4.66,31.37,Energy,9.14,3.11,7.24,14.39,0.92,1.35,1.2,22.18,Equity : Sectoral - Infrastructure,0.50% on or before 3M Nil after 3M
Quant Large & Mid Cap Fund(G),Ankit Pande,EQ-L&M,5,3692.7,1.9,Open Ended,11-Dec-06,NIFTY LargeMidcap 250 - TRI,119.19,132.04,99.2,-0.75,-9.99,-7.93,18.31,25.61,21.53,25.64,18.02,262,31,166721,53.5,37.8,2.64,FMCG,4.24,4.38,4.12,9.88,0.83,1.21,0.99,17.94,Equity : Large & Mid Cap,1% on or before 15D Nil after 15D
Quant Large Cap Fund-Reg(G),Sandeep Tandon,EQ-LC,2,2543.3,1.93,Open Ended,10-Aug-22,NIFTY 100 - TRI,14.99,16.38,12.8,-1.72,-9.07,-3.88,14.31,21.42,16.05,6.57,14.69,446,27,238588,79.17,5.91,8.92,Financials,8.81,0.79,8.02,6.88,0.72,1.11,0.9,15.75,Equity : Large Cap,1% on or before 15D Nil after 15D
Quant Liquid Plan(G),Sanjeev Sharma,DT-LIQ,5,1845.3,0.52,Open Ended,29-Sep-05,CRISIL Liquid Debt Index,39.97,39.97,37.34,0.59,1.73,3.46,7.06,6.87,6.17,5.47,6.5,0,61,191762,69.87,4.66,42.6,Capital Goods,0.13,0.12,7.38,1.51,10.21,12.32,1.26,0.15,Debt : Liquid,0.007% for Day 1 0.0065% on Day 2 0.0060% on Day 3 0.0055% on Day 4 0.0050% on Day 5 0.0045% on Day 6 NIL on or after 7D
Quant Manufacturing Fund-Reg(G),Sandeep Tandon,EQ-THEM,5,1007,2.22,Open Ended,14-Aug-23,Nifty India Manufacturing - TRI,15.7,17.81,12.38,-2.62,-12.34,-6,23.97,10.1,6.4,6.15,15.93,342,29,46211,39.85,7.66,50.71,Chemicals,4.04,0.46,7.15,14.89,0.99,1.49,1.02,20.14,Equity : Thematic,1% on or before 15D Nil after 15D
Quant Mid Cap Fund(G),Ankit Pande,EQ-MID,5,8941.2,1.75,Open Ended,26-Feb-01,Nifty Midcap 150 - TRI,225.37,253.48,187.92,-0.49,-9.92,-9.57,19.22,26.94,24.04,32.2,18.12,228,27,91634,17.32,69.88,3.88,Energy,10.68,6.18,7.46,11.04,0.83,1.21,1.01,19.34,Equity : Mid Cap,0.50% on or before 3M Nil after 3M
Quant Momentum Fund-Reg(G),Sandeep Tandon,EQ-THEM,2,2056.8,2.08,Open Ended,20-Nov-23,NIFTY 500 - TRI,14.34,16.24,11.44,-3.03,-11.92,-9.16,24.27,39.09,5.81,13.5,14.2,520,23,224154,70.26,9.66,13.57,Financials,4.22,0.37,7.15,15.3,1.07,1.58,1.05,19.27,Equity : Thematic,1% on or before 15D Nil after 15D
Quant Multi Asset Fund(G),Sanjeev Sharma,HY-MULTI,5,3152.6,1.88,Open Ended,20-Mar-01,BSE 200 - TRI,137.09,141.32,108.08,-1.1,-3.17,2.02,25.68,23.94,20.59,27.77,17.14,0,10,279136,35.81,8.63,5.79,Financials,0.67,0.51,6.5,15.4,1.54,2.36,1.76,13.36,Hybrid : Multi Asset Allocation,1% on or before 15D Nil after 15D
Quant Overnight Fund-Reg(G),Sanjeev Sharma,DT-ON,2,169.1,0.22,Open Ended,05-Dec-22,CRISIL Liquid Overnight Index,11.49,11.49,10.75,0.57,1.67,3.32,6.87,6.93,25.2,31.66,13.55,0,9,115434,78.82,10.13,1.62,Energy,5.79,2.05,6.55,1.39,9.51,12.5,1.78,0.14,Debt : Overnight,Nil
Quant PSU Fund-Reg(G),Sandeep Tandon,EQ-THEM,5,849.9,2.32,Open Ended,20-Feb-24,NIFTY PSE - TRI,10.4,12.86,9.45,-5.35,-17.21,-11.31,6.84,7.26,12.5,6.31,5.74,433,16,179006,50.27,27.23,3.86,Energy,8.13,2.4,7.13,10.46,1.34,0.79,0.19,20.15,Equity : Thematic,1% on or before 15D Nil after 15D
Quant Quantamental Fund-Reg(G),Sandeep Tandon,EQ-THEM,1,2346,2,Open Ended,30-Apr-21,NIFTY 200 - TRI,22.57,25.74,19.49,-3.1,-12.63,-10.26,13.97,25.68,26.42,15.04,7.1,424,23,278194,83.18,1.9,11.26,Financials,6,4.24,7.44,6.1,0.6,0.89,1.09,19.22,Equity : Thematic,1% on or before 15D Nil after 15D
Quant Small Cap Fund(G),Ankit Pande,EQ-SML,5,27160.8,1.6,Open Ended,16-Oct-96,Nifty Smallcap 250 - TRI,263.49,284.29,214.59,-3.24,-7.56,-2.67,22.72,33.65,25.71,45.15,20.41,114,84,37161,23.84,4.36,62.86,Financials,3.17,0.34,7.41,14.19,0.98,1.38,0.98,19.56,Equity : Small Cap,1% on or before 1Y Nil after 1Y
Quant Teck Fund-Reg(G),Sandeep Tandon,EQ-TECH,4,442.1,2.4,Open Ended,11-Sep-23,NIFTY IT - TRI,13.68,14.1,10.88,0.55,-2.32,1.84,23.79,7.35,5.96,20.04,5.48,468,15,40834,27.48,7.94,58.07,Technology,15.18,2.61,6.92,15.22,1.05,1.74,0.91,18.91,Equity : Sectoral - Technology,1% on or before 15D Nil after 15D
Quant Value Fund-Reg(G),Sandeep Tandon,EQ-VAL,1,1981.2,1.99,Open Ended,30-Nov-21,NIFTY 500 - TRI,20.11,22.21,16.17,-2.57,-9.07,-5.15,23.95,30.28,25.56,27.41,12.52,326,28,96208,51.85,2.83,35.6,Financials,7.92,3.8,6.92,15.04,0.98,1.42,1.14,21.3,Equity : Value / Contra,1% on or before 15D Nil after 15D
Quantum Dynamic Bond Fund-Reg(G),Pankaj Pathak,DT-DYN,1,110.8,0.96,Open Ended,19-May-15,CRISIL Dynamic Bond Index,20.51,20.56,18.77,0.41,0.34,3.89,9.1,8.1,6.86,6.64,6.46,0,69,131290,14.89,3.62,91.94,Financials,25.31,9.95,7,1.29,2.13,3.69,1.2,2.28,Debt : Dynamic Bond,Nil
Quantum ELSS Tax Saver Fund-Reg(G),George Thomas,EQ-ELSS,2,214.8,2,Open Ended,23-Dec-08,BSE 500 - TRI,124.11,130.04,100.05,-1.52,-5.1,1.25,21.28,24.4,18.57,18.37,12.35,17.34,30,217961,61.8,8.53,13.23,Financials,0.12,12.03,7.05,12.27,1.33,2.1,0.81,12.29,Equity : Tax Saving (ELSS),Nil
Quantum Equity FoF-Reg(G),Chirag Mehta,FOF-DOM,2,128.1,0.75,Open Ended,20-Jul-09,BSE 200 - TRI,81.85,86.67,66.38,-0.66,-5.98,0.94,19.8,22.86,14.52,17.12,12.9,8.43,69,143041,83.5,30.97,29.5,Healthcare,15.45,3.56,7.09,8.59,1.11,1.63,2.28,13.7,FoFs : Domestic,Nil upto 10% of Units and 1% For remaining Units on or before 365D Nil after 365D
Quantum ESG Best In Class Strategy Fund-Reg(G),Chirag Mehta,EQ-THEM,1,90.2,2.1,Open Ended,12-Jul-19,NIFTY100 ESG - TRI,24.28,25.91,20.16,-0.62,-7.08,3.2,15.64,20.87,12.1,17.83,11.61,17.43,54,121074,50.64,26.97,15.86,Financials,0.69,1.73,6.88,7.64,0.93,1.49,0.77,12.39,Equity : Thematic,Nil upto 10% of units and 1% for remaining units on or before 365D Nil after 365D
Quantum Ethical Fund-Reg(G),Chirag Mehta,EQ-THEM,5,90.5,2.35,Open Ended,20-Dec-24,Nifty500 Shariah - TRI,10.11,10.11,9.99,0.59,3.06,1.83,14.91,7.33,15.83,14.49,8.13,0,31,158693,19.73,20.14,14.04,Financials,22.61,1.8,7.04,0.91,1.05,1.6,1.38,5.55,Equity : Thematic,Nil upto 10% of units and 1% for remaining units on or before 365D Nil after 365D
Quantum Gold Fund ETF,Chirag Mehta,GOLD-ETF,4,239.7,0.78,Open Ended,22-Feb-08,Gold-India,64.17,66.66,51.81,-0.24,1.29,6.32,19.73,16.54,15.62,13.23,9.92,3.17,49,98803,28.59,8,13.98,Financials,5.09,0.04,7.48,14.24,1.16,1.8,0.25,12.9,Gold : ETFs,Nil
Quantum Gold Saving Fund-Reg(G),Chirag Mehta,GOLD-MF,3,143.1,0.21,Open Ended,19-May-11,Gold-India,29.52,30.59,23.81,0.08,1.09,6.2,19.88,16.74,15.71,13.21,9.66,9.27,1,83531,49.85,17.72,18.53,FMCG,4.26,3.35,7.85,13.91,1.17,1.94,0.37,12.76,Gold : MFs,Nil
Quantum Liquid Fund-Reg(G),Pankaj Pathak,DT-LIQ,2,504,0.25,Open Ended,07-Apr-06,CRISIL Liquid Debt Index,33.91,33.91,31.69,0.57,1.67,3.39,7.01,6.88,6.12,4.99,5.81,0,59,100456,81.42,8.01,19.89,Financials,0.1,0.08,6.85,0.53,9.57,3.94,2.17,0.06,Debt : Liquid,0.007% for Day 1 0.0065% on Day 2 0.0060% on Day 3 0.0055% on Day 4 0.0050% on Day 5 0.0045% on Day 6 NIL on or after 7D
Quantum Long Term Equity Value Fund-Reg(G),George Thomas,EQ-VAL,2,1189.4,2,Open Ended,13-Mar-06,BSE 500 - TRI,125.05,131.05,100.5,-1.56,-5.09,1.32,21.63,24.66,18.51,18.31,12.39,11.72,30,225318,63.46,8.59,12.63,Financials,0.07,5.27,7,12.57,1.35,2.13,0.82,12.41,Equity : Value / Contra,Nil upto 10% of units on or before 730D For remaining units 2% on or before 365D and 1% after 365D but before 730D Nil after 730D
Quantum Multi Asset Allocation Fund-Reg(G),Chirag Mehta,HY-MULTI,1,29.6,1.97,Open Ended,07-Mar-24,CRISIL Short Term Bond Index,10.86,11.16,9.88,-0.65,-2.97,1.6,18.11,7.4,35.56,6.88,10.01,326,38,283772,32.67,1.95,3.12,Financials,35.07,4.84,7.85,1.11,0.22,1.66,0.95,18.6,Hybrid : Multi Asset Allocation,1% on or before 90D Nil after 90D
Quantum Multi Asset FOFs-Reg(G),Chirag Mehta,FOF-DOM,2,59.9,0.47,Open Ended,11-Jul-12,NIFTY 50 - TRI,31.78,32.35,28,-0.25,-1.96,2.7,11.94,12.96,10.8,10.51,8.94,28.52,1,155296,19.57,13.65,5.54,FMCG,0.29,3.66,6.66,5.47,1.49,2.54,0.68,4.99,FoFs : Domestic,1% on or before 90D Nil after 90D
Quantum Nifty 50 ETF FoF-Reg(G),Hitendra Parekh,FOF-DOM,4,24,0.18,Open Ended,05-Aug-22,NIFTY 50 - TRI,14.12,15.29,12.28,-1.7,-7.88,-1.32,10.18,16.12,15.38,12.44,11.25,84.83,68,555837,99.31,64.92,21.39,Energy,1.36,8.27,7.59,4.31,0.53,0.87,0.72,12.19,FoFs : Domestic,Nil
Quantum Small Cap Fund-Reg(G),Chirag Mehta,EQ-SML,3,99.4,2.1,Open Ended,03-Nov-23,BSE 250 Small Cap - TRI,12.28,12.79,10.07,-1.05,-2.7,3.21,15.92,32.71,10.24,5.68,10.12,11.94,49,17137,11.43,4.1,67.59,Financials,14.75,7.58,6.86,8.85,0.94,1.44,0.63,12.81,Equity : Small Cap,Nil upto 10% of units and 1% for remaining units on or before 365D Nil after 365D
Samco Active Momentum Fund-Reg(G),Paras Matalia,EQ-THEM,3,874,2.24,Open Ended,05-Jul-23,NIFTY 500 - TRI,15.77,15.94,12.14,4.64,3.12,8.44,26.73,11.33,5.66,6.54,14.47,547,58,54003,31.38,21.41,40,Healthcare,13.43,11.61,7.33,18.02,1.25,1.77,0.89,18.03,Equity : Thematic,1% on or before 365D Nil after 365D
Samco Arbitrage Fund-Reg(G),Umeshkumar Mehta,HY-ARB,2,16.9,1.14,Open Ended,29-Nov-24,Nifty 50 Arbitrage - TRI,10.05,10.05,10,0.5,2.5,23.68,9.31,23.09,15.51,4.8,14.48,28,8,355917,56.43,9.14,82.15,Energy,0.53,3.28,7.22,2.65,0.99,21.71,0.07,17.08,Hybrid : Arbitrage,0.25% on or before 7D Nil after 7D
Samco Dynamic Asset Allocation Fund-Reg(G),Umeshkumar Mehta,HY-DYN,3,604.7,2.34,Open Ended,28-Dec-23,NIFTY 50 Hybrid Composite Debt 50:50 Index,11.02,11.64,9.92,2.14,-5.19,0.09,9.7,39.37,12.13,24.38,9.52,0,62,79259,47.17,19.49,19.44,Automobile and Ancillaries,1.25,1.12,6.24,-1.66,0.46,0.61,2.56,13.88,Hybrid : Dynamic Asset Allocation,Nil upto 25% of units and 1% for remaining units on or before 12M Nil after 12M
Samco ELSS Tax Saver Fund-Reg(G),Nirali Bhansali,EQ-ELSS,4,121.8,2.38,Open Ended,22-Dec-22,NIFTY 500 - TRI,14.78,15.43,12.69,0.89,-2,-0.81,9.55,21.36,8.73,12.49,8.24,177,36,34745,3.64,44.72,51.38,Financials,0.39,6.89,6.91,2.44,0.39,0.58,0.84,17.06,Equity : Tax Saving (ELSS),Nil
Samco Flexi Cap Fund-Reg(G),Nirali Bhansali,EQ-FLEX,4,601.7,2.38,Open Ended,04-Feb-22,NIFTY 500 - TRI,12.43,12.73,11.23,2.33,-2,-0.57,5.41,15.34,8.33,5.27,7.75,206,26,71148,30.86,39.72,29.51,Technology,6.75,2.51,7.33,-1.84,0.15,0.22,0.88,17.55,Equity : Flexi Cap,Nil upto 10% of units and 1% for remaining units on or before 12M Nil after 12M
Samco Multi Asset Allocation Fund-Reg(G),Nirali Bhansali,HY-MULTI,3,42,2.24,Open Ended,24-Dec-24,NIFTY 50 - TRI,10.1,10.1,10,0.55,-1.01,-0.66,40.75,34.67,12.39,16.22,14.12,0,30,515766,54.23,37.65,6.56,Financials,0.37,0.35,6.19,3.18,0.46,1.31,0.81,1.6,Hybrid : Multi Asset Allocation,Nil upto 10% of units and 1% for remaining units on or before 12M Nil after 12M
Samco Multi Cap Fund-Reg(G),Umeshkumar Mehta,EQ-MLC,2,354.1,2.38,Open Ended,30-Oct-24,Nifty500 Multicap 50:25:25 - TRI,9.79,10.1,9.59,-0.72,-7.12,4.64,11.76,7.09,5.5,23.32,6.39,269,100,37747,26.5,15.31,44.13,Automobile and Ancillaries,3.16,0.12,7.82,0.73,0.98,3.05,0.41,3.71,Equity : Multi Cap,Nil upto 10% of units and 1% for remaining units on or before 12M Nil after 12M
Samco Overnight Fund-Reg(G),Dhawal Ghanshyam Dhanani,DT-ON,5,61.1,0.33,Open Ended,12-Oct-22,CRISIL Liquid Overnight Index,1146.53,1146.53,1078.68,0.52,1.54,3.07,6.3,6.34,13.97,22.86,7.25,0,54,119680,95.95,15.41,3.5,Energy,2.65,6.77,5.75,0.08,4.18,0.51,0.03,0.02,Debt : Overnight,Nil
Samco Special Opportunities Fund-Reg(G),Paras Matalia,EQ-THEM,5,193.2,2.39,Open Ended,06-Jun-24,NIFTY 500 - TRI,9.71,10.62,9.16,0.94,-5.77,-6.5,9.04,7.61,16.23,5.3,18.49,53,31,17275,2.1,16.9,58.16,Financials,0.12,0.01,7.45,2.24,10.99,0.67,1.21,11.61,Equity : Thematic,1% on or before 365D Nil after 365D
SBI Arbitrage Opportunities Fund-Reg(G),Neeraj Kumar,HY-ARB,1,31422.1,0.95,Open Ended,03-Nov-06,Nifty 50 Arbitrage,32.69,32.69,30.42,0.66,1.84,3.46,7.51,7.49,6.52,5.38,5.82,1384,194,241392,55.18,14.85,2.14,Financials,0.3,0.5,7.5,3.45,3.22,7.45,-0.07,1.01,Hybrid : Arbitrage,0.25% on or before 1M Nil after 1M
SBI Automotive Opportunities Fund-Reg(G),Tanmaya Desai,EQ-AUTO,1,5934.6,1.83,Open Ended,05-Jun-24,NIFTY AUTO - TRI,9.72,11.35,9.27,-1.82,-15.18,-9.36,7.3,7.46,16.07,19.37,15.79,45,28,97855,59.98,15.68,22.36,Automobile and Ancillaries,0.2,2.63,7.24,0.3,0.97,1.97,0.02,0.33,Equity : Sectoral - Auto,1% on or before 1Y Nil after 1Y
SBI Balanced Advantage Fund-Reg(G),Dinesh Balachandran,HY-DYN,5,33186.8,1.57,Open Ended,31-Aug-21,NIFTY 50 Hybrid Composite Debt 50:50 Index,14.68,15.05,12.94,-0.29,-2.2,1.57,13.33,16.88,12.82,5.96,8.13,489,95,258819,53.24,8.73,3.81,Energy,8.16,4.88,7.43,5.82,1.47,2.15,1.07,6.07,Hybrid : Dynamic Asset Allocation,Nil upto 10% of units and 1% for remaining units on or before 1Y Nil after 1Y
SBI Banking & Financial Services Fund-Reg(G),Milind Agrawal,EQ-FIN,3,6548.4,1.81,Open Ended,26-Feb-15,Nifty Financial Services - TRI,38.69,40.04,31.49,-1.34,-2.21,2.23,19.75,19.67,17.79,13.83,12.26,237,26,222957,55.13,17.32,15.02,Financials,0.01,2.72,7.15,10.66,0.95,1.37,1.04,16.59,Equity : Sectoral - Financial Services,0.50% on or before 30D Nil after 30D
SBI Banking and PSU Fund-Reg(G),Rajeev Radhakrishnan,DT-B&PSU,3,3810.2,0.81,Open Ended,09-Oct-09,NIFTY Banking and PSU Debt Index,2980.24,2980.42,2767.64,0.5,1.34,3.88,7.63,7.09,5.66,5.94,7.03,0,59,109253,36.59,14.37,83.42,Technology,7.97,4.27,7.37,2.29,4.25,8.21,0.4,0.81,Debt : Banking & PSU,Nil
SBI BlueChip Fund-Reg(G),Saurabh Pant,EQ-LC,4,50502.3,1.5,Open Ended,20-Jan-06,BSE 100 - TRI,89.68,96.03,76.1,-1.46,-7.12,-0.2,13.05,18.44,13.68,16.38,12.81,44,45,346648,79.17,14.11,2.08,Financials,0.39,0.28,6.6,4.66,0.73,1.11,0.84,12.17,Equity : Large Cap,1% on or before 1Y Nil after 1Y
SBI BSE 100 ETF,Raviprakash Sharma,EQ-ETF,5,9.3,0.14,Open Ended,20-Mar-15,BSE 100 - TRI,279.36,301.56,237.11,-1.49,-7.81,-1.05,13.48,18.96,14.58,16.97,6.31,36,101,415145,92.33,7.64,3.85,Financials,0.01,2.42,7.17,5.12,0.68,1.03,1,14.14,Equity : ETFs,Nil upto 10% of units and 1% for above the limits on or before 1Y Nil after 1Y
SBI BSE Sensex ETF,Raviprakash Sharma,EQ-ETF,5,120613.6,0.04,Open Ended,15-Mar-13,BSE SENSEX - TRI,874.42,937.44,761.4,-1.64,-6.69,-0.81,9.84,15.67,12.44,15.23,12.46,11,30,684545,99.26,0.72,0.5,Financials,10.72,0.14,6.55,1.76,0.46,0.7,0.99,13.76,Equity : ETFs,Nil
SBI BSE Sensex Index Fund-Reg(G),Raviprakash Sharma,EQ-INDX,2,241.8,0.44,Open Ended,26-May-23,BSE SENSEX - TRI,12.95,13.9,11.32,-1.68,-6.8,-1.03,9.35,16.88,9.7,5.6,6.01,5,30,684540,99.2,0.72,2.64,Financials,5.66,0.43,7.59,0.93,0.42,0.65,1,13.82,Equity : Index Funds,0.20% on or before 15D Nil after 15D
SBI BSE Sensex Next 50 ETF,Raviprakash Sharma,EQ-ETF,2,19.8,0.12,Open Ended,25-Sep-18,BSE Sensex Next 50 - TRI,885.03,951.51,685.72,-0.64,-7.84,-0.66,26.47,31.2,21.91,22.2,11.29,31,51,122565,66.01,33.87,47.89,Financials,2.38,2.4,6.66,16.71,1.21,1.86,0.99,17.51,Equity : ETFs,Nil
SBI Conservative Hybrid Fund-Reg(G),Saurabh Pant,HY-DT(CO),4,10045.8,1.12,Open Ended,23-Mar-01,NIFTY 50 Hybrid Composite Debt 15:85 Index,69.88,70.39,62.72,0.03,-0.93,2.53,11.03,11.66,9.28,11.01,9.15,0,40,61343,7.55,2.75,12.36,Financials,7.04,4.1,7.83,4.28,1.85,2.77,0.84,3.64,Hybrid : Debt Oriented (Conservative),Nil for 10% of investment and 1% for remaining Investment on or before 1Y Nil after 1Y
SBI Consumption Opp Fund-Reg(G),Ashit Desai,EQ-CONS,3,3074,1.97,Open Ended,01-Jan-13,Nifty India Consumption - TRI,334.54,355.77,257.71,0.58,-6.73,6.5,23.99,27.78,22.93,23.35,16.45,29,49,48176,31.23,24.62,41.45,FMCG,0.65,0.02,7.61,15.37,1.5,2.47,0.58,12.16,Equity : Thematic - Consumption,0.10% on or before 30D Nil after 30D
SBI Contra Fund-Reg(G),Dinesh Balachandran,EQ-VAL,5,41906.9,1.5,Open Ended,05-Jul-99,BSE 500 - TRI,377.09,406.2,314.69,-1.16,-6.55,-0.5,18.75,28.22,22.88,29.37,15.97,167,88,140583,48.55,15.82,13.54,Financials,0.15,4.86,7.33,10.21,1.04,1.48,0.87,13.93,Equity : Value / Contra,1% on or before 1Y Nil after 1Y
SBI Corp Bond Fund-Reg(G),Rajeev Radhakrishnan,DT-CORP,3,20915.6,0.8,Open Ended,01-Feb-19,NIFTY Corporate Bond Index,14.81,14.81,13.73,0.48,1.45,4.06,7.85,7.23,5.91,6.18,11.54,0,86,91447,35.81,65.43,17.91,Financials,4.97,3.7,7.53,2.62,4.99,9.22,0.36,0.74,Debt : Corporate Bond,Nil
SBI CPSE Bond Plus SDL Sep 2026 50:50 Index Fund-Reg(G),Ranjana Gupta,DT-MD,1,9366,0.37,Open Ended,19-Jan-22,Nifty CPSE Bond Plus SDL Sep 2026 50:50 Index,11.75,11.75,10.91,0.54,1.59,3.78,7.71,7.24,19.25,4.82,11.76,0,103,217964,55.89,3.18,47.89,Financials,1.57,1.42,7.25,3.02,6.78,15.85,0.17,0.52,Debt : Medium Duration,0.15% on or before 30D Nil after 30D
SBI Credit Risk Fund-Reg(G),Lokesh Mallya,DT-CR,4,2289.2,1.55,Open Ended,14-Jul-04,NIFTY Credit Risk Bond Index,43.66,43.66,40.41,0.58,1.78,3.84,8.04,8.16,6.85,7.02,7.48,0,1,242567,48.73,13.57,11.56,Automobile and Ancillaries,3.15,2.25,8.67,3.35,4.18,8.44,0.18,0.92,Debt : Credit Risk,Nil for 8% of investment and 3% for remaining investment on or before 12M Nil for 8% of investment and 1.5% for remaining investment after 12M but before 24M Nil for 8% of investment and 0.75% for remaining investment after 24M but before 36M Nil after 36M
SBI CRISIL IBX Gilt Index - Apr 2029 Fund-Reg(G),Ranjana Gupta,DT-M&LD,5,2278.8,0.45,Open Ended,04-Oct-22,CRISIL IBX Gilt Index - April 2029,11.89,11.89,10.98,0.4,1.24,4.24,8.24,7.99,24.42,9.86,6.79,0,69,142612,83.76,66.55,6.78,Financials,4.37,3.68,6.82,2.24,3.14,5.61,0.6,1.28,Debt : Medium to Long Duration,0.15% on or before 30D Nil after 30D
SBI CRISIL IBX Gilt Index - June 2036 Fund-Reg(G),Ranjana Gupta,DT-LD,1,2432.5,0.54,Open Ended,04-Oct-22,CRISIL IBX Gilt Index - June 2036,12.15,12.19,11,0.45,0.86,4.53,10.31,8.99,5.46,5.72,14.37,0,73,220428,57.85,16.45,35.6,Financials,11.33,7.61,6.99,1.92,2.26,3.8,1.32,2.57,Debt : Long Duration,0.15% on or before 30D Nil after 30D
SBI CRISIL IBX SDL Index - Sep 2027 Fund-Reg(G),Ranjana Gupta,DT-M&LD,2,1103.8,0.4,Open Ended,04-Oct-22,CRISIL IBX SDL Index - September 2027,11.77,11.78,10.87,0.56,1.46,3.91,8.37,7.6,13.06,7.71,13.08,0,30,148596,85.1,3.63,21.86,Technology,2.65,2.32,7.07,3.12,4.32,9.19,0.31,0.93,Debt : Medium to Long Duration,0.15% on or before 30D Nil after 30D
SBI Dividend Yield Fund-Reg(G),Rohit Shimpi,EQ-DIV,3,9555.9,1.78,Open Ended,14-Mar-23,NIFTY 500 - TRI,15.06,16.28,12.64,-3.04,-8.41,-2.71,14.89,15.32,9.26,5.15,14.45,6,42,244924,65.3,16.45,8.29,Financials,1.73,2.8,6.92,6.53,0.81,1.2,0.88,13.53,Equity : Thematic - Dividend Yield,Nil upto 10% of units and 1% for remaining units on or before 1Y Nil after 1Y
SBI Dynamic Bond Fund-Reg(G),Rajeev Radhakrishnan,DT-DYN,3,3309.3,1.45,Open Ended,13-Jan-04,CRISIL Dynamic Bond Index,34.25,34.35,31.49,0.33,0.17,3.74,8.62,7.77,6.56,6.33,7.44,0,24,555828,12.41,18.05,6.77,Energy,20.67,8.71,7.15,0.81,1.95,3.3,1.18,2.19,Debt : Dynamic Bond,Nil for 10% of investment and 0.25% for remaining Investment on or before 1M Nil after 1M
SBI Energy Opportunities Fund-Reg(G),Raj Gandhi,EQ-POWER,1,10486,1.74,Open Ended,26-Feb-24,NIFTY ENERGY - TRI,10.45,12.05,9.66,0.24,-13.08,-7.67,16.26,21.58,6.4,18.27,6.01,64,28,160299,58.6,19.31,18.41,Energy,9.85,0.01,7.09,15.6,5.41,2,1.31,1.36,Equity : Sectoral - Energy / Power,1% on or before 1Y Nil after 1Y
SBI Equity Hybrid Fund-Reg(G),R. Srinivasan,HY-EQ,4,72428.4,1.4,Open Ended,06-Jan-96,CRISIL Hybrid 35+65 - Aggressive Index,279.63,291.3,240.58,-0.43,-3.87,1.16,14.62,15.8,11.19,13.78,11.76,56,39,279510,50.99,18.56,3.43,Financials,7.87,4.58,7.55,5.04,1.02,1.53,1.72,9.82,Hybrid : Equity Oriented,Nil for 10% of investments and 1% for remaining investment on or before 12M Nil after 12M
SBI Equity Minimum Variance Fund-Reg(G),Raviprakash Sharma,EQ-THEM,2,216.7,0.74,Open Ended,19-Mar-19,NIFTY 50 - TRI,23.53,26.69,21.17,-0.92,-12.48,-2.12,7.99,18.51,14.29,17.93,6.34,40,50,274603,93.64,6.34,6.77,FMCG,3.78,3.81,7.07,1.08,0.39,0.66,0.71,11.88,Equity : Thematic,0.50% on or before 15D Nil after 15D
SBI Equity Savings Fund-Reg(G),Neeraj Kumar,HY-EQ,3,5982.4,1.42,Open Ended,27-May-15,NIFTY 50 Equity Savings Index,23.27,23.5,20.81,0.28,0.16,3.37,11.98,14.75,10.3,11.2,6.92,0,115,128185,38.57,8.09,18.92,Financials,2.61,2.05,7.67,5.95,1.54,2.32,0.55,4.9,Hybrid : Equity Oriented,0.10% on or before 15D Nil after 15D
SBI ESG Exclusionary Strategy Fund-Reg(G),Rohit Shimpi,EQ-THEM,2,5806.1,1.93,Open Ended,01-Jan-91,NIFTY100 ESG - TRI,230.49,250.49,199.25,-2.31,-6.77,-2.07,12.88,18.43,11.09,15.2,12.3,31,40,304534,77.25,13.48,5.54,Financials,1.97,3.64,7.31,4.33,0.67,1.01,0.89,13.04,Equity : Thematic,1% on or before 1Y Nil after 1Y
SBI Flexicap Fund-Reg(G),Dinesh Balachandran,EQ-FLEX,3,22206.1,1.66,Open Ended,16-Sep-05,BSE 500 - TRI,107.84,115.3,93.26,0.07,-5.68,0.42,14.8,18.73,12.41,16.08,13.35,82,104,130718,48.41,20.08,21.2,Financials,0.3,9.95,7.33,6.58,0.83,1.22,0.84,12.85,Equity : Flexi Cap,0.10% on or before 30D Nil after 30D
SBI Floating Rate Debt Fund-Reg(G),Ardhendu Bhattacharya,DT-FL,2,1189.5,0.46,Open Ended,27-Oct-20,Nifty Short Duration Debt Index,12.76,12.77,11.81,0.42,1.56,3.88,8.16,7.83,6.66,6.33,7.36,0,24,70953,54.14,1.24,12.9,Healthcare,5.66,1.57,7.57,3.58,6.85,15.59,0.14,0.58,Debt : Floater,0.10% on or before 3D Nil after 3D
SBI FMP-1-3668D-Reg(G),Ranjana Gupta,DT-FMP,5,46.5,0,Closed Ended,28-Mar-19,Crisil Long Term Debt Index,15.63,15.66,14.35,0.3,1.31,4.42,9.03,8.24,6.58,6.98,18.04,19.3,30,212748,88.29,3.09,6.77,Technology,3.8,3.14,7.75,1.11,1.89,3.08,0.29,0.91,Debt : FTP/FMP,1% on or before 1Y Nil after 1Y
SBI FMP-34-3682D-Reg(G),Ranjana Gupta,DT-FMP,4,26.6,1.89,Closed Ended,05-May-20,Crisil Long Term Debt Index,13.18,13.19,12.05,0.59,1.3,4.41,9.18,8.17,6.38,19.1,7.38,132,37,684567,83.83,12.34,67.59,Automobile and Ancillaries,7.9,3.22,7.05,0.96,1.7,2.99,0.41,1.09,Debt : FTP/FMP,Nil
SBI FMP-41-1498D-Reg(G),Ranjana Gupta,DT-FMP,1,891.7,2.05,Closed Ended,25-Mar-21,CRISIL Medium Duration Debt Index,12.31,12.31,11.47,0.53,1.6,3.48,7.35,7.18,5.42,5.47,16.25,0,51,121679,98.33,1.9,6.56,Financials,0.28,7.67,7.32,0.71,5.15,5.54,0.02,0.14,Debt : FTP/FMP,1% on or before 1Y Nil after 1Y
SBI FMP-42-1857D-Reg(G),Ranjana Gupta,DT-FMP,2,462.6,1.4,Closed Ended,30-Mar-21,CRISIL Medium to Long Term Debt Index,12.41,12.41,11.52,0.53,1.58,3.78,7.75,7.4,5.64,15.51,10.11,87,91,119921,61.46,19.22,5.51,Financials,1.99,2.65,6.79,0.78,2.7,4.78,0.1,0.37,Debt : FTP/FMP,1% on or before 3M Nil after 3M
SBI FMP-43-1616D-Reg(G),Ranjana Gupta,DT-FMP,1,115.4,1.57,Closed Ended,29-Apr-21,CRISIL Medium Duration Debt Index,12.31,12.31,11.45,0.5,1.5,3.59,7.57,7.3,5.65,5.84,6.73,20,99,143043,38.41,26.27,22.57,Financials,22.1,0.76,7.09,0.76,3.35,5.33,0.05,0.26,Debt : FTP/FMP,0.50% on or before 90D Nil after 90D
SBI FMP-44-1855D-Reg(G),Ranjana Gupta,DT-FMP,5,372.5,0.4,Closed Ended,02-Jun-21,CRISIL Medium to Long Term Debt Index,12.25,12.25,11.34,0.53,1.58,3.88,7.93,7.47,5.72,24.75,13.96,32.19,36,429485,36.07,16.98,91.81,Financials,3.07,1.32,6.92,0.83,2.51,4.52,0.12,0.43,Debt : FTP/FMP,Nil upto 10% of units and for remaining units 1% on or before 15D and Nil after 15D
SBI FMP-45-1840D-Reg(G),Ranjana Gupta,DT-FMP,4,218.6,0.55,Closed Ended,17-Jun-21,CRISIL Medium to Long Term Debt Index,12.24,12.24,11.34,0.52,1.58,3.86,7.93,7.49,5.77,13.29,7.38,0,67,280659,31.67,75.05,0.15,Healthcare,4.74,2.64,4.4,0.86,2.62,4.7,0.11,0.42,Debt : FTP/FMP,1% on or before 15D Nil after 15D
SBI FMP-46-1850D-Reg(G),Ranjana Gupta,DT-FMP,1,127.4,0.48,Closed Ended,07-Jul-21,CRISIL Medium to Long Term Debt Index,12.22,12.22,11.33,0.5,1.52,3.8,7.87,7.34,5.66,9.83,16.24,0,46,175857,71.44,5.6,3.09,Financials,0.01,0.16,6.77,0.78,2.57,4.54,0.12,0.41,Debt : FTP/FMP,1% on or before 1M Nil after 1M
SBI FMP-47-1434D-Reg(G),Ranjana Gupta,DT-FMP,2,139.6,2.26,Closed Ended,23-Jul-21,CRISIL Medium Duration Debt Index,12.06,12.06,11.22,0.53,1.57,3.56,7.52,7.26,5.52,9.24,11.54,0,89,143043,53.88,9.28,0.03,Financials,7.89,3.56,7.52,0.78,3.86,5.52,0.03,0.22,Debt : FTP/FMP,Nil upto 25% of units and 1% for remaining units on or before 365D Nil after 365D
SBI FMP-48-1458D-Reg(G),Ranjana Gupta,DT-FMP,5,45.1,1.97,Closed Ended,04-Aug-21,CRISIL Medium Duration Debt Index,12.03,12.03,11.2,0.51,1.52,3.58,7.5,7.25,5.61,9.66,11.54,115,29,352192,39.49,4.31,36.52,Financials,20.38,0.3,7.02,0.76,3.78,5.56,0.04,0.22,Debt : FTP/FMP,0.25% on or before 7D Nil after 7D
SBI FMP-50-1843D-Reg(G),Ranjana Gupta,DT-FMP,5,117.7,2.17,Closed Ended,07-Sep-21,CRISIL Medium to Long Term Debt Index,11.94,11.94,11.07,0.53,1.55,3.87,7.98,7.49,5.6,14.65,9.84,482,70,143072,63.45,86.73,28.81,Automobile and Ancillaries,2.38,3.59,7.46,0.81,2.61,4.56,0.15,0.43,Debt : FTP/FMP,1% on or before 15D Nil after 15D
SBI FMP-51-1846D-Reg(G),Ranjana Gupta,DT-FMP,5,288.8,2.11,Closed Ended,16-Sep-21,CRISIL Medium to Long Term Debt Index,11.94,11.94,11.05,0.54,1.56,3.9,8.08,7.55,5.71,15.72,9.44,0,50,158503,83.29,8,27.39,Financials,2.55,2.27,7.33,0.88,2.72,4.81,0.15,0.44,Debt : FTP/FMP,0.25% on or before 30D
SBI FMP-52-1848D-Reg(G),Ranjana Gupta,DT-FMP,4,132.6,2.44,Closed Ended,28-Sep-21,CRISIL Medium to Long Term Debt Index,11.93,11.93,11.04,0.53,1.57,3.89,8.09,7.54,5.81,15.15,6.44,0,20,143043,86.29,3.09,18.87,Financials,14.61,2.61,7,0.91,2.7,4.72,0.13,0.44,Debt : FTP/FMP,1% on or before 15D Nil after 15D
SBI FMP-53-1839D-Reg(G),Ranjana Gupta,DT-FMP,4,298.7,1.57,Closed Ended,25-Oct-21,CRISIL Medium to Long Term Debt Index,11.94,11.94,11.04,0.51,1.54,3.92,8.18,7.57,5.82,18.37,9.83,7,38,17220,18.31,22.51,19.84,Financials,5.19,5.17,7.02,0.93,2.64,4.71,0.15,0.47,Debt : FTP/FMP,Nil
SBI FMP-54-1842D-Reg(G),Ranjana Gupta,DT-FMP,2,36.4,1.9,Closed Ended,08-Nov-21,CRISIL Medium to Long Term Debt Index,11.91,11.91,11.02,0.51,1.51,3.88,8.2,7.57,5.81,18.3,9.68,0,30,51791,55.83,5.6,13.77,Financials,2.62,0.01,7.35,0.96,2.53,4.54,0.14,0.5,Debt : FTP/FMP,NIL
SBI FMP-55-1849D-Reg(G),Ranjana Gupta,DT-FMP,1,245.4,2.06,Closed Ended,23-Nov-21,CRISIL Medium to Long Term Debt Index,11.89,11.89,11,0.52,1.53,3.91,8.18,7.54,5.79,22.51,6.39,45,1,209630,59.98,11.77,8.91,FMCG,0.94,0.87,7.24,0.93,2.49,4.43,0.15,0.5,Debt : FTP/FMP,1% on or before 90D Nil after 90D
SBI FMP-56-1232D-Reg(G),Ranjana Gupta,DT-FMP,4,279.8,0.36,Closed Ended,16-Dec-21,CRISIL Medium Duration Debt Index,11.76,11.76,10.94,0.53,1.58,3.56,7.45,7.25,5.56,6.54,9.76,19.98,1,346177,83.83,34.82,91.94,Financials,9.6,4.7,6.69,0.76,4.58,5.71,0.02,0.17,Debt : FTP/FMP,Nil
SBI FMP-57-1835D-Reg(G),Ranjana Gupta,DT-FMP,1,248.3,2.11,Closed Ended,13-Dec-21,CRISIL Medium to Long Term Debt Index,11.81,11.81,10.92,0.52,1.53,3.95,8.17,7.59,5.68,12.21,11.02,31,34,143900,79.17,11.72,14.09,Financials,4.38,2,7.02,0.86,2.52,4.49,0.17,0.49,Debt : FTP/FMP,0.10% on or before 30D Nil after 30D
SBI FMP-58-1842D-Reg(G),Ranjana Gupta,DT-FMP,4,242.5,0.29,Closed Ended,05-Jan-22,CRISIL Medium to Long Term Debt Index,11.91,11.91,11.01,0.55,1.54,3.93,8.26,7.59,20.52,24.31,12.25,24,41,97669,64.21,22.62,11.55,Financials,6.9,0.1,7.39,0.88,2.46,4.26,0.17,0.51,Debt : FTP/FMP,Nil for 10% of units and 1% for remaining units on or before 12M Nil after 12M
SBI FMP-59-1618D-Reg(G),Ranjana Gupta,DT-FMP,2,27,0.3,Closed Ended,31-Jan-22,CRISIL Medium to Long Term Debt Index,11.8,11.8,10.97,0.56,1.59,3.83,7.63,7.38,6.65,20.01,12.26,133,50,135337,49.18,3.66,34.16,Capital Goods,9.6,0.01,7.41,0.55,1.8,3.06,0.16,0.5,Debt : FTP/FMP,1% on or before 90D Nil after 90D
SBI FMP-6-3668D-Reg(G),Ranjana Gupta,DT-FMP,1,33.6,1.17,Closed Ended,16-May-19,Crisil Long Term Debt Index,15.19,15.23,13.99,0.31,1.27,4.31,8.78,8.01,6.31,6.74,7.46,32,115,417377,55.93,8,23.21,Travel,3.62,0.1,7.23,0.96,1.74,2.82,0.28,0.9,Debt : FTP/FMP,1% on or before 15D Nil after 15D
SBI FMP-60-1878D-Reg(G),Ranjana Gupta,DT-FMP,5,239,0.04,Closed Ended,15-Feb-22,CRISIL Medium to Long Term Debt Index,11.81,11.81,10.91,0.54,1.56,4.01,8.36,7.69,17.75,6.33,5.96,29,32,144226,36.67,19.05,26,Automobile and Ancillaries,4.3,0.78,7.55,0.91,2.49,4.37,0.19,0.53,Debt : FTP/FMP,0.10% on or before 30D Nil after 30D
SBI FMP-61-1927D-Reg(G),Ranjana Gupta,DT-FMP,3,323.9,0.14,Closed Ended,22-Mar-22,CRISIL Medium to Long Term Debt Index,11.84,11.85,10.94,0.52,1.51,3.98,8.34,7.65,6.55,5.91,11.15,0,30,264492,88.91,10.54,22.89,Financials,1.36,0.41,6.79,0.86,2.3,4.04,0.2,0.56,Debt : FTP/FMP,Nil
SBI FMP-64-1169D-Reg(G),Ranjana Gupta,DT-FMP,1,389.3,0.17,Closed Ended,30-Aug-22,CRISIL Medium Duration Debt Index,11.66,11.66,10.86,0.47,1.5,3.55,7.33,7.11,17.31,19.55,7.27,33,26,112834,98.74,4.33,1.94,Financials,3.62,1.42,6.99,0.58,2.87,4.48,0.08,0.26,Debt : FTP/FMP,1% on or before 12M Nil after 12M
SBI FMP-66-1361D-Reg(G),Ranjana Gupta,DT-FMP,5,659.5,1.99,Closed Ended,19-Jul-22,CRISIL Medium Duration Debt Index,11.89,11.89,11.02,0.51,1.57,3.8,7.81,7.4,9.9,22.86,7.11,23.04,71,134229,28.44,19.31,7.85,Financials,11.84,6.39,7.39,0.81,2.51,4.57,0.1,0.4,Debt : FTP/FMP,NIL
SBI FMP-67-1467D-Reg(G),Ranjana Gupta,DT-FMP,5,566.5,0.97,Closed Ended,29-Jul-22,CRISIL Medium to Long Term Debt Index,11.85,11.85,10.99,0.54,1.57,3.86,7.9,7.48,12.65,6.96,9.39,33,48,138929,41.41,17.58,76.31,Financials,0.01,0.01,6.71,0.78,2.66,4.54,0.14,0.4,Debt : FTP/FMP,Nil
SBI FMP-68-1302D-Reg(G),Ranjana Gupta,DT-FMP,5,187.5,0.26,Closed Ended,22-Sep-22,CRISIL Medium Duration Debt Index,11.74,11.74,10.92,0.59,1.58,3.8,7.57,7.15,15.23,19.68,7.48,30,50,120190,86.88,13.57,3.74,Financials,3.37,0.41,7.09,0.55,1.89,3.25,0.15,0.46,Debt : FTP/FMP,1% before 12M Nil on or after 12M
SBI FMP-72-1239D-Reg(G),Ranjana Gupta,DT-FMP,5,326.1,0.58,Closed Ended,22-Nov-22,CRISIL Medium Duration Debt Index,11.6,11.6,10.76,0.61,1.63,3.9,7.76,7.32,18.91,23.53,14.18,35.72,501,158806,92.14,7.53,18.5,Financials,5.15,5.65,7.09,0.66,2.09,3.61,0.16,0.48,Debt : FTP/FMP,Nil
SBI FMP-73-1226D-Reg(G),Ranjana Gupta,DT-FMP,2,195,2.22,Closed Ended,08-Dec-22,CRISIL Medium Duration Debt Index,11.57,11.57,10.74,0.61,1.63,3.89,7.75,7.32,33.96,16.22,18.35,56.44,62,277337,47.36,1.24,3.5,FMCG,0.06,0.11,8.46,0.66,2.08,3.58,0.15,0.48,Debt : FTP/FMP,NIL
SBI FMP-74-1243D-Reg(G),Ranjana Gupta,DT-FMP,4,153.4,2.2,Closed Ended,03-Jan-23,CRISIL Medium Duration Debt Index,11.54,11.54,10.69,0.53,1.59,3.86,7.95,26.12,17.79,4.83,16.68,0,41,18501,86.42,3.67,3.42,Technology,4.3,3.56,6.99,0.88,2.58,4.72,0.1,0.43,Debt : FTP/FMP,1% on or before 30D Nil after 30D
SBI FMP-76-1221D-Reg(G),Ranjana Gupta,DT-FMP,5,160.6,0.4,Closed Ended,24-Jan-23,CRISIL Medium Duration Debt Index,11.48,11.48,10.67,0.6,1.64,3.8,7.63,7.8,17.44,24.35,5.78,19,50,684545,44.19,8.09,2.11,Financials,2.42,11.05,6.96,0.6,2.31,3.92,0.14,0.39,Debt : FTP/FMP,NIL
SBI FMP-78-1170D-Reg(G),Ranjana Gupta,DT-FMP,3,121.5,0.04,Closed Ended,21-Feb-23,CRISIL Medium Duration Debt Index,11.46,11.46,10.64,0.54,1.63,3.77,7.64,29.23,21.85,5.3,7.75,0,36,210987,54.23,1.82,14.04,Financials,15.12,6.24,7.07,0.68,2.77,4.63,0.1,0.33,Debt : FTP/FMP,1% on or before 12M Nil after 12M
SBI FMP-79-1130D-Reg(G),Ranjana Gupta,DT-FMP,1,79.5,0.15,Closed Ended,14-Mar-23,CRISIL Medium Duration Debt Index,11.42,11.42,10.62,0.61,1.66,3.8,7.59,8.63,12.86,9.85,9.36,0,78,277337,9.14,20.14,26.44,Financials,2.95,5.66,6.97,0.58,2.2,3.69,0.14,0.4,Debt : FTP/FMP,Nil
SBI FMP-81-1157D-Reg(G),Ranjana Gupta,DT-FMP,5,397.5,1.88,Closed Ended,31-Mar-23,CRISIL Medium Duration Debt Index,11.36,11.36,10.54,0.55,1.67,3.89,7.84,27.24,6.6,15.71,7.99,482,50,684544,65.94,15.07,22.82,Financials,7.45,1.42,4.16,0.86,3.21,5.3,0.09,0.33,Debt : FTP/FMP,Nil
SBI Focused Equity Fund-Reg(G),R. Srinivasan,EQ-MLC,3,34747.3,1.57,Open Ended,11-Oct-04,BSE 500 - TRI,330.78,348.06,276.6,0.45,-3.64,1.24,17.84,19.83,9.57,16.59,13.92,31,26,56995,34.37,30.68,9.38,Financials,6.85,1.08,7.41,9.55,1.11,1.7,0.69,11.67,Equity : Multi Cap,1% on or before 1Y Nil after 1Y
SBI Gold ETF,Vandna Soni,GOLD-ETF,4,5907.9,0.65,Open Ended,18-May-09,Gold-India,66.5,68.84,53.59,-0.27,1.26,6.24,19.78,16.64,15.69,13.39,9.84,3,1,111691,76.89,29.55,15.53,Financials,0.01,0.66,7.27,15.6,1.2,1.79,-0.06,12.91,Gold : ETFs,Nil
SBI Gold-Reg(G),Raviprakash Sharma,GOLD-MF,1,2516.4,0.42,Open Ended,12-Sep-11,Gold-London Bullion Market association (LBMA),22.81,23.64,18.43,0.08,1.22,5.92,19.63,16.91,15.69,13.22,9.81,21.9,56,207945,69.98,29.88,6.77,Capital Goods,1.41,0.98,6.64,16.03,1.21,1.97,-0.14,12.95,Gold : MFs,1% on or before 15D Nil after 15D
SBI Healthcare Opp Fund-Reg(G),Tanmaya Desai,EQ-PHRM,2,3459.7,1.95,Open Ended,14-Jul-99,BSE Health Care - TRI,438.01,438.01,314.81,3.61,4.06,22.15,42.34,40.23,22.78,29.73,13.93,35,30,56826,27.85,25.88,38.39,Healthcare,4.71,0.42,7.17,30.47,2.74,4.9,0.39,11.81,Equity : Sectoral - Pharma,0.50% on or before 15D Nil after 15D
SBI Infrastructure Fund-Reg(G),Bhavin Vithlani,EQ-INFRA,2,5006.4,1.89,Open Ended,06-Jul-07,Nifty Infrastructure - TRI,50.36,55.47,41.36,-1.31,-8.84,-5.85,20.58,34.46,25.88,25.75,16.35,32,42,71717,35.07,18.81,38.23,Energy,22.67,3.42,7.24,12.02,1.08,1.57,0.88,15.14,Equity : Sectoral - Infrastructure,0.50% on or before 30D Nil after 30D
SBI Innovative Opportunities Fund-Reg(G),Prasad Padala,EQ-THEM,2,7897.5,1.77,Open Ended,20-Aug-24,NIFTY 500 - TRI,10.28,10.35,9.37,4.43,-1.19,4.77,6.81,8.76,10.64,4.42,6.61,45,36,56977,36.09,25.64,34.63,Technology,0.05,9.57,6.86,6.33,0.5,1.16,0.37,12.82,Equity : Thematic,1% on or before 1Y Nil after 1Y
SBI International Access-US Equity FoF-Reg(G),Pradeep Kesavan,FOF-OVR,5,980.6,1.6,Open Ended,22-Mar-21,S&P 500 ,16.59,17.27,13.24,-2.84,0.77,4.04,22.96,24.66,11.14,4.93,11.92,8,30,51791,76.92,29.09,10.98,Technology,25.6,0.41,7.32,18.12,1.27,2.03,0.33,14.95,FoFs : Overseas,1% on or before 1Y Nil after 1Y
SBI Large & Midcap Fund-Reg(G),Saurabh Pant,EQ-L&M,4,29328.8,1.61,Open Ended,28-Feb-93,NIFTY LargeMidcap 250 - TRI,593.91,630.36,494.26,-1.01,-5.32,1.08,18.42,22.53,17.25,20.98,15.19,59,79,121761,39.48,33.9,19.9,Financials,2.86,3.14,7.24,9.83,1.08,1.6,0.82,12.91,Equity : Large & Mid Cap,0.10% on or before 30D Nil after 30D
SBI Liquid Fund-Reg(G),R. Arun,DT-LIQ,4,64117,0.31,Open Ended,11-Mar-07,Nifty Liquid Fund Index,3947.17,3947.17,3680.58,0.58,1.71,3.49,7.26,7.1,6.32,5.27,6.25,0,70,291811,99.27,8.66,26.56,Energy,0.13,0.09,6.96,0.68,9.24,5.07,0.94,0.07,Debt : Liquid,0.007% for Day 1 0.0065% on Day 2 0.0060% on Day 3 0.0055% on Day 4 0.0050% on Day 5 0.0045% on Day 6 NIL on or after 7D
SBI Long Duration Fund-Reg(G),Tejas Soman,DT-LD,2,2668.8,0.68,Open Ended,21-Dec-22,CRISIL Long Duration Debt Index,11.95,12.01,10.71,0.3,-0.3,3.58,11.33,9.33,5.85,4.83,3.84,0,1,77333,88.16,7.86,53.75,Healthcare,29.05,11.58,7.11,1.44,2.01,3.54,1.77,3.3,Debt : Long Duration,Nil
SBI Long Term Equity Fund-Reg(G),Dinesh Balachandran,EQ-ELSS,3,27847.5,1.59,Open Ended,31-Mar-93,BSE 500 - TRI,431.16,459.1,335.63,-0.99,-6.46,0.36,27.29,34.02,24.55,24.29,14.79,22,59,182189,59.95,19.22,11.01,Financials,9.28,2.4,7.41,17.29,1.56,2.31,0.88,13.87,Equity : Tax Saving (ELSS),Nil
SBI LT Advantage Fund-I-Reg(G),R. Srinivasan,EQ-ELSS,2,53.3,1.73,Closed Ended,11-Feb-15,BSE 500,43.54,45.52,33.87,-1.78,-3.87,2.45,26.68,27.09,18.96,25.28,18.19,37,24,102968,39.39,12.76,25.24,Financials,7.54,5.08,8.07,16.61,1.33,1.96,0.91,15.84,Equity : Tax Saving (ELSS),0.20% on or before 30D Nil after 30D
SBI LT Advantage Fund-II-Reg(G),R. Srinivasan,EQ-ELSS,5,41.7,2.17,Closed Ended,01-Apr-15,BSE 500,44.56,47.57,35.36,-2.21,-5.96,0.36,23.99,25.67,17.75,25.03,12.92,42,24,83378,37.77,17.72,30.48,Financials,11.37,2.53,7.28,14.39,1.16,1.7,0.94,16.44,Equity : Tax Saving (ELSS),1% before 12M Nil on or after 12M
SBI LT Advantage Fund-III-Reg(G),R. Srinivasan,EQ-ELSS,4,78.7,0.63,Closed Ended,31-Mar-16,BSE 500,45.77,48.26,35.21,-2.5,-5.02,2.18,27.78,28.33,19.97,26.49,6.59,41,26,71785,35.99,16.57,38.01,Financials,103,3.2,7.16,17.54,1.34,1.98,0.93,16.47,Equity : Tax Saving (ELSS),NIL
SBI LT Advantage Fund-IV-Reg(G),R. Srinivasan,EQ-ELSS,4,221.7,1.69,Closed Ended,31-Mar-17,BSE 500,47.97,51.77,38.73,0.36,-7.22,1.65,21.32,23.14,17.35,27.41,12.3,61,23,122845,66.06,21.56,9.47,Financials,1.41,0.01,7.33,12.68,1.21,1.88,0.68,13.21,Equity : Tax Saving (ELSS),Nil
SBI LT Advantage Fund-V-Reg(G),Mohan Lal,EQ-ELSS,1,369.1,2.26,Closed Ended,27-Mar-18,BSE 500,28.71,29,19.49,0.74,-0.98,14.13,44.75,30.01,19.99,21.41,6.32,29,28,58953,36.97,12.3,46.03,Financials,0.01,1.91,6.68,30.06,2.26,3.46,0.85,15.18,Equity : Tax Saving (ELSS),Nil upto 12% of investments and 1% for remaining investments on or before 365D Nil after 365D
SBI LT Advantage Fund-VI-Reg(G),R. Srinivasan,EQ-ELSS,5,299.8,0.2,Closed Ended,17-Jul-18,BSE 500,31.7,33.57,25.07,0.46,-5.57,2.09,24.68,31.47,20.87,22.95,4.46,0,38,33225,19.66,10.54,53.75,Financials,14.61,0.94,7.18,15.04,1.27,1.84,0.82,15.09,Equity : Tax Saving (ELSS),Nil upto 10% of units and 1% for above the limits on or before 1Y Nil after 1Y
SBI Magnum Childrens Benefit Fund-Investment Plan-Reg(G),R. Srinivasan,HY-SOL,1,2961.9,1.92,Open Ended,29-Sep-20,CRISIL Hybrid 35+65 - Aggressive Index,43.36,43.36,30.49,6.98,2.52,11.88,39.96,34.67,23.94,15.38,5.86,0,29,33887,22.65,4.98,48.63,FMCG,1,2.2,6.66,26.01,2.41,3.94,1.6,12.73,Hybrid : Solution Oriented,3% on or before 1Y 2% after 1Y but on or before 2Y 1% after 2Y but on or before 3Y Nil after 3Y
SBI Magnum Childrens Benefit Fund-Savings Plan,Rajeev Radhakrishnan,HY-SOL,2,122.5,1.21,Open Ended,28-Jan-02,NIFTY 50 Hybrid Composite Debt 15:85 Index,107.69,108.33,91.5,0.2,0.69,7.7,17.41,17.25,11.91,13.6,11.65,0,18,12875,1.07,1.1,18.6,FMCG,9.6,5.43,7.39,10.33,3,5.12,0.73,4.16,Hybrid : Solution Oriented,3% on or before 1Y 2% after 1Y but on or before 2Y 1% after 2Y but on or before 3Y Nil after 3Y
SBI Magnum Comma Fund-Reg(G),Dinesh Balachandran,EQ-THEM,5,652.9,2.51,Open Ended,08-Aug-05,NIFTY COMMODITIES - TRI,99.56,111.69,86.14,-2.59,-11.44,-2.5,10.11,20.94,11.41,20.66,14.86,72,25,90947,49.8,12.79,30.56,Energy,31.71,2.16,7.36,2.49,0.39,0.55,1.2,21.46,Equity : Thematic,0.50% on or before 30D Nil after 30D
SBI Magnum Constant Maturity Fund-Reg(G),Tejas Soman,DT-GL10Y,1,1881.3,0.64,Open Ended,25-Dec-00,Nifty 10 yr Benchmark G-Sec,60.68,60.76,55.46,0.35,0.81,4.53,9.24,8.25,5.87,6.18,8.11,0,83,250843,98.74,15.06,4.72,Financials,9.85,6.84,6.93,1.41,2.24,3.91,1.14,2.13,Debt : Gilt (10 Yr Constant Duration),Nil
SBI Magnum Gilt Fund-Reg(G),Rajeev Radhakrishnan,DT-GILT,3,10979.1,0.94,Open Ended,23-Dec-00,Nifty All Duration G-Sec Index,63.41,63.64,58.14,0.25,0.05,3.81,8.88,8.16,6.83,6.94,8.03,0,12,133459,53.38,1.25,15.72,Automobile and Ancillaries,25.6,10.22,7.06,0.68,1.81,3.05,1.3,2.48,Debt : Gilt,Nil
SBI Magnum Global Fund-Reg(G),R. Srinivasan,EQ-MNC,5,6634.6,1.88,Open Ended,30-Sep-94,NIFTY MNC - TRI,374.24,385.03,328.81,0.46,-2.42,1.2,8.15,15.53,8,16.11,11.53,28,30,32073,13.74,25.98,35.67,FMCG,0.01,2.71,6.89,2.37,0.43,0.69,0.39,9.94,Equity : Thematic - MNC,1% on or before 12M Nil after 12M
SBI Magnum Income Fund-Reg(G),Lokesh Mallya,DT-M&LD,4,1808.2,1.46,Open Ended,25-Nov-98,CRISIL Medium to Long Term Debt Index,67.75,67.81,62.6,0.34,0.8,3.85,8.12,7.62,6.07,6.6,7.46,0,54,190366,81.72,13.41,0.98,Financials,13.01,5.82,7.58,1.49,2.52,4.37,0.81,1.53,Debt : Medium to Long Duration,Nil for 10% of investment and 1% for remaining Investment on or before 1Y Nil after 1Y
SBI Magnum Low Duration Fund-Reg(G),Rajeev Radhakrishnan,DT-LOWD,3,12461.3,1.02,Open Ended,26-Jul-07,CRISIL Low Duration Debt Index,3362.37,3362.37,3135.69,0.55,1.68,3.53,7.25,7,6.01,5.57,6.71,0,73,538945,26.56,13.23,37.97,Financials,1.61,0.84,7.62,2.9,9.85,19.02,0.08,0.32,Debt : Low Duration,Nil
SBI Magnum Medium Duration Fund-Reg(G),Lokesh Mallya,DT-MD,5,6660.6,1.22,Open Ended,05-Nov-03,NIFTY Medium Duration Debt Index,48.98,48.98,45.3,0.5,1.44,4.09,8.08,7.64,6.21,6.87,7.98,0,11,417462,44.61,11.76,15.97,Financials,5.47,3.64,7.86,2.52,4.28,8.22,0.46,0.9,Debt : Medium Duration,1% on or before 3M Nil after 3M
SBI Magnum Midcap Fund-Reg(G),Bhavin Vithlani,EQ-MID,4,21455,1.67,Open Ended,29-Mar-05,Nifty Midcap 150 - TRI,238.83,251.01,191.14,0.77,-5.41,0.08,20.39,28.24,19.14,27.02,15.83,44,65,51036,8.08,64.97,20.92,Financials,2.05,0.07,7.43,12,1.19,1.79,0.68,12.95,Equity : Mid Cap,1% on or before 1Y Nil after 1Y
SBI Magnum Ultra Short Duration Fund-Reg(G),R. Arun,DT-USD,4,12426,0.54,Open Ended,19-May-99,CRISIL Ultra Short Term Debt Index,5759.74,5759.74,5365.2,0.57,1.72,3.57,7.37,7.17,6.27,5.6,6.64,0,55,555827,48.73,11.86,3.67,Financials,0.85,0.42,7.43,3.18,10.78,21.71,0.03,0.3,Debt : Ultra Short Duration,Nil
SBI Multi Asset Allocation Fund-Reg(G),Mansi Sajeja,HY-MULTI,4,6843.1,1.45,Open Ended,30-Nov-05,BSE 500 - TRI,55.62,57.09,48.69,-0.32,-2.81,1.21,12.52,18.52,14.34,13.93,10.93,0,50,64771,15.48,4.45,15.9,Financials,5.02,3.09,8.07,6.12,1.12,1.65,0.87,7.8,Hybrid : Multi Asset Allocation,Nil for 10% of investment and 1% for remaining Investment on or before 12M Nil after 12M
SBI Multicap Fund-Reg(G),R. Srinivasan,EQ-MLC,1,18941.2,1.69,Open Ended,08-Mar-22,Nifty500 Multicap 50:25:25 - TRI,16.78,17.29,13.01,1.26,-3.09,6.69,26.76,25.11,-5.2,6.62,8.85,31,42,61350,33,22.47,36.07,Financials,4.97,6.62,7.13,17.31,1.6,2.43,0.73,13.09,Equity : Multi Cap,Nil upto 10% of units and 1% for remaining units on or before 1Y Nil after 1Y
SBI Nifty 10 yr Benchmark G-Sec ETF,Tejas Soman,DT-ETF,5,3115.8,0.14,Open Ended,10-Jun-16,Nifty 10 yr Benchmark G-Sec,242.64,243.27,221.53,0.39,1.03,4.69,9.36,8.55,5.72,5.27,12.38,0,46,91267,65.99,33.45,23.6,Healthcare,9.28,1.38,6.46,1.59,2.31,4.15,1.16,2.16,Debt : ETFs,Nil
SBI NIFTY 1D Rate ETF,Tejas Soman,DT-ETF,3,36.6,0.35,Open Ended,27-Oct-23,Nifty 1D Rate Index,1000,1000.17,1000,0.51,1.53,3.08,6.32,36.73,15.67,4.81,14.79,28,47,63999,99.26,13.6,46.03,Technology,6.85,0.14,6.97,0.76,7.17,7.62,1.78,0.1,Debt : ETFs,1% on or before 1Y Nil after 1Y
SBI Nifty 200 Quality 30 ETF,Raviprakash Sharma,EQ-ETF,2,131.6,0.5,Open Ended,10-Dec-18,NIFTY200 Quality 30 - TRI,226.22,250.59,192.51,-2.12,-10.74,-0.13,13.62,23.26,12.91,17.82,7.46,23,30,210993,75.3,23.76,0.94,Technology,5.26,6.91,7.37,6.38,0.74,1.24,0.76,13.2,Equity : ETFs,1% on or before 15D Nil after 15D
SBI Nifty 50 ETF,Raviprakash Sharma,EQ-ETF,3,199595.8,0.04,Open Ended,22-Jul-15,NIFTY 50 - TRI,255.32,276.32,221.86,-1.61,-7.82,-1.24,10.39,16.48,12.91,15.67,16.93,14,50,555827,98.74,1.25,3.4,Financials,3.4,0.43,7.45,2.27,0.49,0.75,0.99,13.83,Equity : ETFs,Nil upto 10% of units and 1% for remaining units on or before 1Y Nil after 1Y
SBI Nifty 500 Index Fund-Reg(G),Viral Chhadva,EQ-INDX,3,841.6,0.87,Open Ended,30-Sep-24,NIFTY 500 - TRI,9.4,9.79,9,-0.98,-7.37,3.47,13.47,7.04,14.29,4.75,9.58,0,501,220957,70.63,18.64,10.74,Financials,1.05,2.52,6.97,16.61,26.5,21.82,1.56,1.8,Equity : Index Funds,0.25% on or before 15D Nil after 15D
SBI Nifty Bank ETF,Raviprakash Sharma,EQ-ETF,1,4455.3,0.2,Open Ended,20-Mar-15,NIFTY BANK - TRI,525.07,553.56,453.42,-1.94,-3.56,-2.72,6.57,10.02,13.99,9.85,12.28,28,12,538946,86.42,13.58,6.5,Financials,0.01,0.01,6.73,-1.29,0.21,0.31,1.08,17.33,Equity : ETFs,Nil
SBI Nifty Consumption ETF,Harsh Sethi,EQ-ETF,1,19.9,0.29,Open Ended,22-Jul-21,Nifty India Consumption - TRI,119.35,133.16,96.14,-0.18,-10.75,2.38,20.42,25.09,19.09,7.33,14.3,22,30,277641,92.14,7.86,8.42,FMCG,1.23,1.88,6.93,11.69,1.16,2.13,0.74,12.93,Equity : ETFs,Nil
SBI Nifty Index Fund-Reg(G),Raviprakash Sharma,EQ-INDX,3,8679.2,0.48,Open Ended,17-Jan-02,NIFTY 50 - TRI,212.36,230.13,185.33,-1.65,-7.94,-1.47,9.89,15.93,12.37,14.97,11.51,16,50,555826,98.76,1.25,4.37,Financials,0.29,2.91,6.75,1.44,0.46,0.7,1,13.9,Equity : Index Funds,0.20% on or before 15D Nil after 15D
SBI Nifty India Consumption Index Fund-Reg(G),Harsh Sethi,EQ-INDX,4,363.7,0.9,Open Ended,30-Oct-24,Nifty India Consumption - TRI,10.1,10.1,9.58,-0.24,-5.43,3.23,7.4,7.73,13.74,7.02,13.53,49,30,277645,92.18,7.86,15.72,FMCG,2.82,0.91,7.25,15.6,1.38,-31.21,0.12,14.34,Equity : Index Funds,0.25% on or before 15D Nil after 15D
SBI Nifty IT ETF,Harsh Sethi,EQ-ETF,2,86.8,0.22,Open Ended,19-Oct-20,NIFTY IT - TRI,475.65,493.37,344.57,0.5,2.72,18.35,23.54,26.16,6.39,23.7,7.22,110,10,429503,83.85,16.15,24.97,Technology,3.58,0.07,7.37,16.08,1,1.83,0.74,19.35,Equity : ETFs,Nil
SBI Nifty Midcap 150 Index Fund-Reg(G),Harsh Sethi,EQ-INDX,4,702.7,1.01,Open Ended,03-Oct-22,Nifty Midcap 150 - TRI,18.4,19.32,14.58,1.54,-5.23,0.78,23.09,33.25,12.36,6.08,8.69,27,151,58791,6.44,86.71,6.78,Financials,5.26,3.64,6.73,14.19,1.09,1.56,0.96,17.41,Equity : Index Funds,0.25% on or before 30D Nil after 30D
SBI Nifty Next 50 ETF,Raviprakash Sharma,EQ-ETF,5,3019.5,0.15,Open Ended,20-Mar-15,NIFTY NEXT 50 - TRI,730.17,820.82,560.05,-3.42,-11.54,-5.17,28.48,28.52,18.52,20.01,18.74,41,50,143043,88.23,11.76,14.04,Financials,2.26,0.42,6.89,17.99,1.16,1.67,1.14,20.03,Equity : ETFs,Nil for 10% of investments and 1% for remaining investments on or before 12M Nil after 12M
SBI Nifty Next 50 Index Fund-Reg(G),Raviprakash Sharma,EQ-INDX,4,1494.3,0.78,Open Ended,19-May-21,NIFTY NEXT 50 - TRI,18.65,21.01,14.4,-3.48,-11.7,-5.51,27.55,27.62,17.7,5.8,6.01,43,50,143043,88.27,11.77,24.28,Financials,3.04,2.14,2.9,16.91,1.12,1.63,1.14,20.06,Equity : Index Funds,0.25% on or before 30D Nil after 30D
SBI Nifty Private Bank ETF,Harsh Sethi,EQ-ETF,4,166,0.15,Open Ended,19-Oct-20,Nifty Private Bank - TRI,255.94,276.47,227.2,-1.74,-6,-4.84,0.69,7.7,12.33,13.34,9.18,46,10,417377,83.31,13.6,3.08,Financials,0.01,4.86,7.06,-6.8,-0.12,-0.18,1.04,17.01,Equity : ETFs,Nil
SBI Nifty Smallcap 250 Index Fund-Reg(G),Harsh Sethi,EQ-INDX,4,1247.8,1.01,Open Ended,03-Oct-22,Nifty Smallcap 250 - TRI,19.36,20.07,14.58,1,-3.53,2.76,25.85,36.39,15.31,16.99,12.21,43,250,19549,66.26,8.01,91.99,Financials,2.39,6.39,7.15,16.91,1.09,1.54,0.96,19.9,Equity : Index Funds,0.25% on or before 30D Nil after 30D
SBI Nifty50 Equal Weight ETF,Viral Chhadva,EQ-ETF,4,22.3,0.3,Open Ended,16-Jul-24,NIFTY50 Equal Weight - TRI,30.17,33.72,29.16,-1.54,-11.57,-5.56,8.82,6.43,6.44,10.58,7.09,13,50,290199,96.29,3.66,14.72,Financials,0.47,0.2,7.38,7.13,0.68,1.87,0.62,0.02,Equity : ETFs,Nil
SBI Nifty50 Equal Weight Index Fund-Reg(G),Viral Chhadva,EQ-INDX,3,1056.2,1.02,Open Ended,31-Jan-24,NIFTY50 Equal Weight - TRI,11.09,12.42,10,-1.61,-11.75,-3.14,40.83,22.59,5.4,6.31,15.98,30,50,290186,96.38,3.67,5.39,Financials,7.95,6.45,7.21,2.67,1.49,1.89,0.53,4.16,Equity : Index Funds,0.25% on or before 15D Nil after 15D
SBI Overnight Fund-Reg(G),R. Arun,DT-ON,4,20131.6,0.15,Open Ended,24-Sep-02,CRISIL Liquid Overnight Index,4038.63,4038.63,3789.41,0.55,1.6,3.22,6.6,6.58,5.92,4.82,5.61,0,96,102161,7.95,16.9,20.73,Financials,1.62,0.38,6.66,0.25,32.34,1.9,0.23,0.01,Debt : Overnight,Nil
SBI PSU Fund-Reg(G),Rohit Shimpi,EQ-THEM,1,4686.1,1.86,Open Ended,07-Jul-10,BSE PSU - TRI,30.88,35.15,24.72,-4.54,-9.89,-7.14,22.89,38.06,35.36,23.81,11.51,42,25,179277,69.88,21.13,2.89,Energy,9.89,3.82,6.87,14.34,0.8,1.12,1.36,26.29,Equity : Thematic,0.50% on or before 30D Nil after 30D
SBI Quant Fund-Reg(G),Sukanya Ghosh,EQ-THEM,2,2258.6,0.12,Open Ended,26-Dec-24,NIFTY 200 - TRI,10.23,10.23,9.98,0.02,-5.42,1.2,43.76,7.8,11.76,6.68,7.27,0,36,538938,0.86,3.56,7.86,Financials,1.38,6.57,6.69,3.2,9.9,0.79,0.91,14.54,Equity : Thematic,0.50% on or before 6M Nil after 6M
SBI Retirement Benefit Fund-Aggressive Hybrid Plan-Reg(G),Rohit Shimpi,HY-SOL,4,1531.6,2.1,Open Ended,10-Feb-21,CRISIL Hybrid 35+65 - Aggressive Index,18.42,19.61,16.16,-2.01,-6.02,-2.69,11.17,17.13,13.63,6.08,11.84,0,44,184118,49.35,15.79,14.17,Financials,2.97,0.35,7.05,1.66,0.67,1,1.83,10.38,Hybrid : Solution Oriented,Nil
SBI Retirement Benefit Fund-Aggressive Plan-Reg(G),Rohit Shimpi,HY-SOL,5,2773.6,1.93,Open Ended,10-Feb-21,BSE 500 - TRI,19.81,21.42,17.25,-2.53,-7.47,-4.3,11.33,19.02,15.32,5.44,17.51,0,44,194204,63.11,18.69,16.94,Financials,1.05,0.7,6.96,0.83,0.58,0.86,2.24,12.67,Hybrid : Solution Oriented,Nil
SBI Retirement Benefit Fund-Conservative Hybrid Plan-Reg(G),Rohit Shimpi,HY-SOL,5,275.8,1.67,Open Ended,10-Feb-21,CRISIL Hybrid 65+35 - Conservative Index,15.08,15.48,13.64,-0.75,-2.6,0.55,9.6,12.43,9.96,18.6,14.58,0,44,189880,24.1,7.31,6.87,Financials,15.18,7.58,7.21,1.34,0.97,1.47,1.38,5.55,Hybrid : Solution Oriented,Nil
SBI Retirement Benefit Fund-Conservative Plan-Reg(G),Rohit Shimpi,HY-SOL,1,177.8,1.38,Open Ended,10-Feb-21,CRISIL Hybrid 85+15 - Conservative Index,13.76,13.89,12.56,-0.09,-0.97,2.38,9.11,10.18,8.44,27.77,5.87,0,44,190809,11.99,3.63,3.34,Financials,18.32,8.27,7.3,1.34,1.48,2.3,1.2,3.28,Hybrid : Solution Oriented,Nil
SBI Savings Fund-Reg(G),R. Arun,DT-MM,2,28254.2,0.76,Open Ended,14-Jul-04,CRISIL Money Market Index,39.93,39.93,37.25,0.57,1.67,3.46,7.21,7.06,6.14,5.47,6.5,0,57,684539,62.22,30.68,2.01,FMCG,0.45,0.39,7.36,3.02,10.15,20.7,0.03,0.3,Debt : Money Market,NIL
SBI Short Term Debt Fund-Reg(G),Rajeev Radhakrishnan,DT-SD,3,13354,0.85,Open Ended,26-Jul-07,CRISIL Short Duration Debt Index,30.71,30.71,28.51,0.5,1.52,3.95,7.68,7.19,5.96,6.06,6.95,0,35,797401,0.99,23.89,84.84,Energy,3.62,2.71,7.57,2.55,5.35,10.83,0.33,0.66,Debt : Short Duration,Nil
SBI Silver ETF,Vandna Soni,GOLD-ETF,4,503.8,0.42,Open Ended,03-Jul-24,Silver,86.9,98.29,78.89,-3.62,-4.49,-2.04,7.21,7.39,15.85,5.76,9.49,10,73,314088,83.5,19.96,4.3,Financials,6.87,4.8,7.48,15.75,1.3,1.54,0.96,0.91,Gold : ETFs,Nil
SBI Silver ETF FOF-Reg(G),Harsh Sethi,FOF-DOM,5,289.6,0.63,Open Ended,11-Jul-24,Silver,9.41,10.62,8.67,-3.5,-4.24,3.63,10.72,31.65,18.78,6.39,8.94,0,42,101149,55.81,16.83,0.77,Financials,0.3,3.49,7.45,9.53,1.26,13.48,1.26,24.16,FoFs : Domestic,1% on or before 15D Nil after 15D
SBI Small Cap Fund-Reg(G),R. Srinivasan,EQ-SML,2,33285.2,1.57,Open Ended,09-Sep-09,BSE 250 Small Cap - TRI,179.93,188.83,142.03,0.31,-5,1.31,25.22,25.34,19.44,27.17,19.99,78,58,15143,36.07,5.19,81.18,Financials,0.02,2.93,7.4,16.35,1.38,2.08,0.67,14.2,Equity : Small Cap,1% on or before 1Y Nil after 1Y
SBI Technology Opp Fund-Reg(G),Vivek Gedda,EQ-TECH,3,4585.7,1.89,Open Ended,07-Jan-13,BSE TECk Index - TRI,225.69,233.07,168.43,2.44,3.45,17.97,30.08,27.4,11.17,27.36,17.33,25,32,156660,47.32,13.83,23.74,Technology,1.86,0.1,7.45,20.16,1.59,2.92,0.7,14.9,Equity : Sectoral - Technology,0.50% on or before 15D Nil after 15D
Shriram Aggressive Hybrid Fund-Reg(G),Deepak Ramaraju,HY-EQ,4,49.1,2.3,Open Ended,06-Dec-13,CRISIL Hybrid 35+65 - Aggressive Index,32.15,33.9,27.96,1.28,-5.24,-1.5,13.26,17.35,11.99,12.61,9.44,474.6,41,131733,37.72,24.48,3.67,Healthcare,3.62,2.93,7.28,3.02,0.73,1.02,2.22,13.13,Hybrid : Equity Oriented,NIL for 12% of units and 1% for remaining units on or before 90D Nil after 90D
Shriram Balanced Advantage Fund-Reg(G),Deepak Ramaraju,HY-DYN,4,57.9,2.3,Open Ended,05-Jul-19,NIFTY 50 Hybrid Composite Debt 50:50 Index,17.51,18.27,15.86,2.05,-4.11,-1.76,9.15,14.49,10.52,10.87,11.54,552.3,21,211527,46.89,19.05,0.5,Healthcare,3.99,3.26,7.37,-0.4,0.48,0.67,2.11,12.12,Hybrid : Dynamic Asset Allocation,NIL for 12% of units and 1% for remaining units on or before 90D Nil after 90D
Shriram ELSS Tax Saver Fund-Reg(G),Deepak Ramaraju,EQ-ELSS,1,53.5,2.25,Open Ended,25-Jan-19,NIFTY 500 - TRI,23.12,24.37,19.57,1.51,-5.32,-2.45,16.57,21.03,14.52,15.52,12.38,655.7,50,100891,42.55,32.23,18.92,Healthcare,1.17,2.73,7.03,8.27,0.76,1.06,1.04,17.8,Equity : Tax Saving (ELSS),Nil
Shriram Flexi Cap Fund-Reg(G),Deepak Ramaraju,EQ-FLEX,2,140.7,2.3,Open Ended,28-Sep-18,NIFTY 500 - TRI,22.28,23.65,18.95,1.73,-5.11,-3.03,15.92,21.52,14.92,15.33,11.7,814.5,55,86564,37.55,33.72,22.13,Healthcare,10.72,2.92,8.07,7.53,0.7,0.99,1.06,18.39,Equity : Flexi Cap,NIL for 12% of units and 1% for remaining units on or before 90D Nil after 90D
Shriram Liquid Fund-Reg(G),Deepak Ramaraju,DT-LIQ,3,158.2,0.25,Open Ended,14-Nov-24,Nifty Liquid Fund Index,1010.09,1010.09,1000,0.58,1.51,3.94,13.8,7.32,5.08,4.63,6.29,83.92,30,86564,6.46,24.69,8.91,Healthcare,3.02,0.15,6.83,12.22,10.57,1.37,0.95,19.76,Debt : Liquid,0.007% for Day 1 0.0065% on Day 2 0.0060% on Day 3 0.0055% on Day 4 0.0050% on Day 5 0.0045% on Day 6 NIL on or after 7D
Shriram Multi Asset Allocation Fund-Reg(G),Deepak Ramaraju,HY-MULTI,4,160.5,2.3,Open Ended,08-Sep-23,NIFTY 50 - TRI,12.38,13.14,11.2,1.01,-4.16,-4.21,8.8,25.83,-0.09,6.51,6.73,507.8,41,130614,36.06,26.51,3.31,Healthcare,2.82,2.41,7.56,-0.38,0.41,0.56,2.04,13.83,Hybrid : Multi Asset Allocation,NIL for 12% of units and 1% for remaining units on or before 90D Nil after 90D
Shriram Multi Sector Rotation Fund-Reg(G),Deepak Ramaraju,EQ-THEM,5,3443.2,2.3,Open Ended,09-Dec-24,NIFTY 500 - TRI,10.04,10.06,9.81,-1.64,-10.67,2.24,15.79,6.91,15.23,4.95,5.89,0,61,99385,52.15,86.74,36.66,Financials,1.62,3.6,6.89,5.17,11.11,1.69,0.22,28.96,Equity : Thematic,1% on or before 3M Nil after 3M
Shriram Nifty 1D Rate Liquid ETF,Deepak Ramaraju,DT-ETF,3,26.5,0.35,Open Ended,05-Jul-24,Nifty 1D Rate Index,1030.93,1030.93,1000,0.52,1.52,3.48,23.4,7.06,8.14,16.27,7.09,93,78,556099,48.26,4.15,15.33,Technology,9.6,0.48,6.66,2.62,3.28,2.28,0.21,19.96,Debt : ETFs,NIL upto 15% of investment and 1% in excess of 15% of investment on or before 1M NIL after 1M
Shriram Overnight Fund-Reg(G),Deepak Ramaraju,DT-ON,4,269.8,0.15,Open Ended,26-Aug-22,CRISIL Liquid Overnight Index,11.6,11.6,10.89,0.53,1.58,3.19,6.55,6.55,5.55,19.18,7.17,0,30,122713,46.86,12.23,2.79,Automobile and Ancillaries,0.01,0.01,6.68,0.23,17.15,1.7,0.05,0.01,Debt : Overnight,Nil
Sundaram Aggressive Hybrid Fund(G),S. Bharath,HY-EQ,4,5469.4,1.84,Open Ended,14-Jan-00,CRISIL Hybrid 35+65 - Aggressive Index,160.3,166.24,134.45,0.37,-4.01,2.88,17.48,17.49,12.57,15.59,12.33,67.3,70,209191,49.63,13.09,8.93,Financials,6.9,4.68,6.77,7.74,1.24,1.85,1.75,10.33,Hybrid : Equity Oriented,Nil upto 25% of units within 1Y 1% in excess of limit within 1Y Nil after 1Y
Sundaram Arbitrage Fund(G),Rohit Seksaria,HY-ARB,4,230.5,1,Open Ended,21-Apr-16,Nifty 50 Arbitrage - TRI,13.99,13.99,13.07,0.62,1.69,3.31,7.16,6.96,5.85,4.42,12.33,82.3,36,346753,63.99,4.33,0.06,Financials,0.51,0.2,5.53,3.15,2.93,6.63,-0.07,1,Hybrid : Arbitrage,Nil upto 25% of units and 0.25% for remaining units on or before 15D Nil after 15D
Sundaram Balanced Advantage Fund(G),S. Bharath,HY-DYN,1,1539.7,2.08,Open Ended,16-Dec-10,NIFTY 50 Hybrid Composite Debt 50:50 Index,34.67,35.67,30.26,-0.02,-3.15,2.56,12.88,13.88,11.19,10.81,7.79,71.8,63,310645,57.28,10.81,3.74,Financials,7.24,4.85,7.02,4.33,1.04,1.53,1.47,8.37,Hybrid : Dynamic Asset Allocation,Nil upto 25% of units and 1% for remaining units on or before 1Y Nil after 1Y
Sundaram Banking & PSU Fund(G),Sandeep Agarwal,DT-B&PSU,2,336,0.4,Open Ended,30-Dec-04,NIFTY Banking and PSU Debt Index,41.18,41.18,38.14,0.52,1.44,4.11,7.93,7.4,5.91,5.63,6.68,0,23,48945,61.08,11.76,17.42,Energy,5.17,3.49,7.3,2.82,5.21,10.75,0.35,0.74,Debt : Banking & PSU,Nil
Sundaram Business Cycle Fund-Reg(G),Ratish Varier,EQ-THEM,2,1549.5,2.04,Open Ended,25-Jun-24,NIFTY 500 - TRI,10.96,11.1,10,1.63,-0.93,8.52,34.62,17.35,15.09,23.07,7.27,9.7,44,76586,36.07,13.27,34.92,Financials,4.2,5.87,7.06,12.57,2.37,23.08,0.42,14.39,Equity : Thematic,1% on or before 365D Nil after 365D
Sundaram Conservative Hybrid Fund(G),Dwijendra Srivastava,HY-DT(CO),5,27.5,2.14,Open Ended,08-Mar-10,CRISIL Hybrid 85+15 - Conservative Index,28.85,29.16,26.51,0.03,-0.93,2.66,8.15,8.71,6.73,8.31,7.11,0,26,424695,18.19,1.93,0.37,Financials,9.8,4.88,6.85,0.66,1.1,1.64,1.13,3.66,Hybrid : Debt Oriented (Conservative),Nil
Sundaram Consumption Fund(G),Ratish Varier,EQ-CONS,2,1585.7,2.19,Open Ended,12-May-06,Nifty India Consumption - TRI,100.69,107.41,78.18,0.89,-7.01,7.82,20.8,26.75,20.6,18.81,14.68,27.7,31,177209,72.49,9.28,13.37,FMCG,4.24,6.89,6.68,12.68,1.32,2.35,0.65,12.11,Equity : Thematic - Consumption,0.50% on or before 30D Nil after 30D
Sundaram Corp Bond Fund(G),Dwijendra Srivastava,DT-CORP,4,734.9,0.56,Open Ended,30-Dec-04,NIFTY Corporate Bond Index,38.4,38.4,35.57,0.49,1.35,4.15,7.93,7.08,5.94,6.41,7.37,0,54,58754,35.26,35.55,30.48,Automobile and Ancillaries,6.12,4.03,7.3,2.67,4.73,9.22,0.4,0.81,Debt : Corporate Bond,Nil
Sundaram Diversified Equity(G),Sudhir Kedia,EQ-ELSS,2,1558,2.18,Open Ended,02-May-05,NIFTY 500 - TRI,217.37,229.5,184.4,0.03,-5.29,0.77,12.79,18.18,13.56,15.96,11.7,22.8,63,255235,72.41,14.51,9.96,Financials,0.11,0.75,7.13,4.44,0.69,1.03,0.89,13,Equity : Tax Saving (ELSS),Nil
Sundaram Dividend Yield Fund(G),Ratish Varier,EQ-DIV,4,941.3,2.26,Open Ended,15-Oct-04,NIFTY 500 - TRI,137.78,147.83,116.62,-1.42,-7.31,-0.68,15.75,25.25,16.86,20.27,14.14,51.6,63,210685,67.75,13.23,13.61,Financials,2.18,3.5,10.88,7.16,0.78,1.11,1.02,15.79,Equity : Thematic - Dividend Yield,Nil upto 24% of units and 1% for remaining units on or before 365D Nil after 365D
Sundaram ELSS Tax Saver Fund-Reg(G),Sudhir Kedia,EQ-ELSS,4,1355.9,2.22,Open Ended,31-Mar-96,NIFTY 500 - TRI,500.84,527.46,412.59,0.05,-5.26,0.83,16.47,20.73,15.31,18.98,13.58,32.2,69,159426,68.26,14.27,12.74,Financials,5.27,1.3,6.7,7.79,0.93,1.37,0.9,13.31,Equity : Tax Saving (ELSS),Nil
Sundaram Equity Savings Fund(G),Sudhir Kedia,HY-EQ,3,1004.8,2.19,Open Ended,23-May-02,NIFTY 50 Equity Savings Index,68.27,68.97,59.75,0.63,-1.24,3.51,12.88,14.08,10.84,12.94,9.44,65.2,57,245484,49.58,10.95,7.82,Financials,3.58,2.5,6.96,5.75,1.42,2.12,0.91,5.92,Hybrid : Equity Oriented,0.50% on or before 7D
Sundaram Fin Serv Opp Fund(G),Rohit Seksaria,EQ-FIN,4,1449.8,2.12,Open Ended,10-Jun-08,Nifty Financial Services - TRI,96.25,103.82,85.23,-2.04,-7.29,-5.26,7.7,19.52,18.78,14.49,12.51,72.5,26,148529,61.77,6.57,26.56,Financials,2.51,6.7,6.66,-0.4,0.29,0.41,1.07,17.16,Equity : Sectoral - Financial Services,0.50% on or before 30D Nil after 30D
Sundaram Flexi Cap Fund-Reg(G),Sudhir Kedia,EQ-FLEX,3,2105.1,2.01,Open Ended,06-Sep-22,NIFTY 500 - TRI,14.57,15.26,12.05,-0.09,-4.66,3.49,15.33,20.07,19.09,6.33,7.43,27.3,66,220428,69.94,13.27,15.34,Financials,6.27,0.01,6.66,6.78,0.85,1.27,0.9,13.28,Equity : Flexi Cap,Nil upto 25% of units and 1% for remaining units on or before 365D Nil after 365D
Sundaram Focused Fund(G),S. Bharath,EQ-FLEX,4,1118,2.25,Open Ended,11-Nov-05,NIFTY 500 - TRI,163.05,172.22,133.95,-0.85,-5.31,1.31,17.37,21.18,13.86,18.58,13.45,56.5,29,345701,82.92,8.39,2.84,Financials,5.82,2.57,7.19,8.64,0.93,1.38,0.95,14.48,Equity : Flexi Cap,0.25% before 7D Nil after 7D
Sundaram Global Brand Fund(G),Patanjali Srinivasan,FOF-OVR,5,114.8,2.31,Open Ended,22-Aug-07,MSCI AC World Index,32.34,32.91,27.91,2.23,3.12,6.61,13.23,21.36,7.58,12.35,8.43,0,30,179006,19.15,11.69,83.3,Financials,4.34,0.9,7.16,8.85,0.91,1.42,0.53,11.22,FoFs : Overseas,Nil upto 25% of units and 1% for remaining units on or before 365D Nil after 365D
Sundaram Infra Advantage Fund(G),Ashish Aggarwal,EQ-INFRA,3,989.3,2.38,Open Ended,29-Sep-05,Nifty Infrastructure - TRI,94.15,100.14,74.64,-0.61,-6.23,-3.66,24.25,32.59,21.9,24.12,14.37,37.7,59,112834,53.49,15.71,26,Capital Goods,3.06,9.94,6.86,14.31,1.02,1.41,1.15,19.7,Equity : Sectoral - Infrastructure,0.50% on or before 30D Nil after 30D
Sundaram Large and Mid Cap Fund(G),S. Bharath,EQ-L&M,2,6917.8,1.79,Open Ended,27-Feb-07,NIFTY LargeMidcap 250 - TRI,86.47,89.63,68.65,0.56,-3.87,2.66,21.39,24.47,15.38,18.36,14.51,39.5,77,166127,52.71,32.64,9.83,Financials,10.44,0.3,7.04,12.05,1.12,1.62,0.96,15.08,Equity : Large & Mid Cap,Nil upto 25% of units and 1% for remaining units on or before 365D Nil after 365D
Sundaram Large Cap Fund-Reg(G),Ashwin Jain,EQ-LC,4,3452.3,1.91,Open Ended,08-Oct-20,NIFTY 100 - TRI,21.08,22.59,18.32,-0.49,-6.5,0.06,11.48,16.65,12.46,6.21,16.41,28.1,40,408754,85.89,6.88,0.98,Financials,5.09,3.84,7.11,3.02,0.58,0.86,0.96,13.68,Equity : Large Cap,Nil upto 25% of units and 1% for remaining units on or before 1Y Nil after 1Y
Sundaram Liquid Fund(G),Dwijendra Srivastava,DT-LIQ,1,6538.8,0.32,Open Ended,30-Aug-04,Nifty Liquid Fund Index,2227.33,2227.33,2076.08,0.59,1.73,3.52,7.3,7.13,6.37,5.2,5.28,0,50,118413,46.29,35.55,20.52,Financials,0.11,0.11,7.11,0.71,9.92,5.39,0.38,0.07,Debt : Liquid,0.007% for Day 1 0.0065% on Day 2 0.0060% on Day 3 0.0055% on Day 4 0.0050% on Day 5 0.0045% on Day 6 NIL on or after 7D
Sundaram Low Duration Fund(G),Sandeep Agarwal,DT-LOWD,2,440.7,1.13,Open Ended,14-Sep-04,NIFTY Low Duration Debt Index,3334.98,3334.98,3110.13,0.58,1.63,3.68,7.24,6.84,5.96,5.44,4.46,0,43,282620,6.41,12.9,11.79,Automobile and Ancillaries,0.98,0.78,7.59,2.92,8.31,19.83,0.09,0.39,Debt : Low Duration,Nil
Sundaram LT Micro Cap Tax Adv Fund-Sr III-Reg(G),Rohit Seksaria,EQ-ELSS,1,82.3,1.43,Closed Ended,18-Nov-16,Nifty Smallcap 100,33.24,35.35,26.41,-0.01,-5.07,-1.16,13.66,29.99,21.16,28.92,5.28,34,35,14177,0.99,6.67,88.53,Financials,3.64,0.28,6.66,6.43,0.62,0.9,0.8,16.83,Equity : Tax Saving (ELSS),Nil
Sundaram LT Micro Cap Tax Adv Fund-Sr IV-Reg(G),Rohit Seksaria,EQ-ELSS,3,38.2,1.44,Closed Ended,24-Mar-17,Nifty Smallcap 100,28.8,30.64,22.95,-0.04,-5.19,-1.11,13.56,30.18,21.15,29.24,4.2,34,35,13908,0.97,6.12,89.09,Financials,1.85,1.28,7.49,6.35,0.62,0.9,0.8,16.79,Equity : Tax Saving (ELSS),Nil
Sundaram LT Micro Cap Tax Adv Fund-Sr V-Reg(G),Rohit Seksaria,EQ-ELSS,1,32.8,1.41,Closed Ended,05-Jul-17,Nifty Smallcap 100,27.91,29.52,22.01,0.06,-4.62,-0.32,15.16,29.82,20.38,28.95,6.11,34,36,14049,0.86,5.53,89.79,Financials,0.16,0.1,6.69,7.74,0.7,1.02,0.81,16.84,Equity : Tax Saving (ELSS),0.25% on or before 1M Nil after 1M
Sundaram LT Micro Cap Tax Adv Fund-Sr VI-Reg(G),Rohit Seksaria,EQ-ELSS,4,38.9,1.42,Closed Ended,28-Sep-17,Nifty Smallcap 100,26.73,28.21,21.29,0.16,-4.4,0.09,14.43,30.62,21.24,29.48,7.43,34,34,13189,69.88,6.21,92.96,Financials,0.05,0.1,7.58,7.06,0.67,0.97,0.79,16.64,Equity : Tax Saving (ELSS),0.007% for Day 1 0.0065% on Day 2 0.0060% on Day 3 0.0055% on Day 4 0.0050% on Day 5 0.0045% on Day 6 NIL on or after 7D
Sundaram LT Tax Adv Fund-Sr I-Reg(G),Rohit Seksaria,EQ-ELSS,4,20,1.44,Closed Ended,26-Mar-15,BSE 500,31.74,33.78,27.65,-1.23,-6.34,-1.77,11.48,16.8,14.25,17.53,6.28,28,31,395939,81.72,12.34,3.28,Financials,2.38,4.41,7.29,3.05,0.56,0.83,0.99,14.3,Equity : Tax Saving (ELSS),1% on or before 90D Nil after 90D
Sundaram LT Tax Adv Fund-Sr II-Reg(G),Rohit Seksaria,EQ-ELSS,1,12.8,1.38,Closed Ended,21-Mar-16,BSE 500,34.67,36.83,30.14,-1.41,-6.23,-1.75,11.64,17.02,14.22,17.56,9.62,28,32,424736,83.17,10.92,2.59,Financials,2.91,0.01,6.84,3.12,0.57,0.83,1.01,14.59,Equity : Tax Saving (ELSS),Nil
Sundaram LT Tax Adv Fund-Sr III-Reg(G),Rohit Seksaria,EQ-ELSS,2,36,1.41,Closed Ended,28-Mar-18,BSE 500,27.9,29.56,22.47,-0.5,-5.41,-1.81,12.36,29.77,21.61,28.56,15.88,28,38,14567,1.12,7.86,90.07,Financials,4,1.86,6.96,5.22,0.56,0.82,0.78,16.23,Equity : Tax Saving (ELSS),1% on or before 90D Nil after 90D
Sundaram LT Tax Adv Fund-Sr IV-Reg(G),Rohit Seksaria,EQ-ELSS,3,23,1.4,Closed Ended,29-Jun-18,BSE 500,32.33,34.16,26,-0.4,-5.25,-1.59,12.54,30.06,21.44,28.44,7.18,28,38,14009,1.16,6.46,88.8,Financials,12.06,2.07,7.1,5.37,0.57,0.84,0.78,16.17,Equity : Tax Saving (ELSS),0.007% for Day 1 0.0065% on Day 2 0.0060% on Day 3 0.0055% on Day 4 0.0050% on Day 5 0.0045% on Day 6 NIL after 7D
Sundaram Medium Duration Fund(G),Dwijendra Srivastava,DT-MD,1,44.4,2.18,Open Ended,18-Dec-97,NIFTY Medium Duration Debt Index,66.46,66.5,62.54,0.34,0.91,3.2,6.22,5.79,4.05,4,5.48,0,63,216796,61.8,66.17,36.47,Financials,4.91,3.7,7.01,0.4,1.97,3.64,0.56,1.06,Debt : Medium Duration,1% on or before 12M Nil after 12M
Sundaram Mid Cap Fund-Reg(G),S. Bharath,EQ-MID,1,12425.3,1.73,Open Ended,19-Jul-02,Nifty Midcap 150 - TRI,1399.9,1442.27,1038.84,1.62,-3.9,6.88,31.5,36.8,25.3,24.5,15.93,46.8,80,60175,18.06,61.05,14.96,Financials,22.22,10.11,7.3,21.27,1.61,2.4,0.88,15.98,Equity : Mid Cap,Nil upto 25% of units and 1% for remaining units on or before 365D Nil after 365D
Sundaram Money Market Fund-Reg(G),Sandeep Agarwal,DT-MM,1,584.3,0.28,Open Ended,26-Sep-18,Nifty Money Market Index,14.43,14.43,13.43,0.62,1.78,3.61,7.48,7.26,6.39,5.53,15.97,0,79,143043,67.66,19.49,3.41,Healthcare,0.39,0.39,7.3,3.35,10.76,22.47,0.03,0.32,Debt : Money Market,Nil
Sundaram Multi Asset Allocation Fund-Reg(G),Rohit Seksaria,HY-MULTI,2,2442.3,1.86,Open Ended,25-Jan-24,NIFTY 500 - TRI,11.33,11.84,10,-0.78,-4.73,0.66,7.93,38.56,5.99,4.87,15.47,0,56,296037,55.9,5.82,3.92,Financials,4.52,3.59,6.82,19.48,9.6,2.35,1.01,0.6,Hybrid : Multi Asset Allocation,Nil upto 30% of units and 1% for remaining units on or before 365D Nil after 365D
Sundaram Multi Cap Fund(G),Sudhir Kedia,EQ-MLC,4,2760.8,1.99,Open Ended,25-Oct-00,Nifty500 Multicap 50:25:25 - TRI,379.34,398.6,308.24,0.37,-5.62,1.44,19.61,25.68,16.09,21.13,14.88,67.8,71,122713,46.16,23.96,25.56,Financials,4.88,2.76,7.55,10.91,1.08,1.56,0.88,14.23,Equity : Multi Cap,Nil upto 25% of units and 1% for remaining units on or before 365D Nil after 365D
Sundaram Nifty 100 Equal Weight Fund(G),Rohit Seksaria,EQ-INDX,3,97.3,1.04,Open Ended,27-Jul-99,Nifty100 Equal Weight - TRI,169.59,189.04,142,-2.06,-10.96,-4.05,16.42,23.45,15.74,18.3,11.34,36.1,100,200082,87.89,10.8,16.67,Financials,18.32,2.29,6.96,7.89,0.82,1.19,0.98,15.67,Equity : Index Funds,Nil
Sundaram Overnight Fund-Reg(G),Sandeep Agarwal,DT-ON,4,873.9,0.18,Open Ended,20-Mar-19,Nifty 1D Rate Index,1328.21,1328.21,1246.34,0.55,1.6,3.22,6.59,6.59,5.92,4.81,6.56,0,10,298194,42.8,12.23,17.17,Energy,0.94,0.24,6.66,0.25,29.74,1.86,0.95,0.01,Debt : Overnight,Nil
Sundaram Services Fund-Reg(G),Rohit Seksaria,EQ-THEM,4,3907.1,1.91,Open Ended,21-Sep-18,Nifty Services Sector - TRI,33.39,34.92,27.01,0.34,-4.24,5.34,18.62,23.92,16.66,21.4,14.14,78.2,52,103110,48.66,12.31,33.17,Financials,3.67,9.6,6.94,9.95,1.08,1.59,0.84,13.2,Equity : Thematic,Nil upto 25% of units and 1% for remaining units on or before 365D Nil after 365D
Sundaram Short Duration Fund(G),Dwijendra Srivastava,DT-SD,2,235,0.85,Open Ended,13-May-03,Nifty Short Duration Debt Index,42.43,42.43,39.31,0.51,1.41,4.14,7.9,7.34,6.04,6.28,5.89,0,30,684559,37.72,21.51,51.1,FMCG,3.28,2.41,7.29,2.7,4.8,10.15,0.37,0.79,Debt : Short Duration,Nil
Sundaram Small Cap Fund(G),Rohit Seksaria,EQ-SML,3,3424.3,1.94,Open Ended,15-Feb-05,Nifty Smallcap 250 - TRI,261.99,272.96,207.47,0.03,-4.4,3.28,19.77,31.78,19.66,27.63,14.29,62.7,81,16135,5.52,6.31,83.42,Financials,5.42,0.56,7.77,11.64,0.99,1.42,0.79,15.85,Equity : Small Cap,Nil upto 25% of units and 1% for remaining units on or before 365D Nil after 365D
Sundaram Ultra Short Duration Fund(G),Sandeep Agarwal,DT-USD,1,2073.4,1.48,Open Ended,28-Dec-07,NIFTY Ultra Short Duration Debt Index,2601.1,2601.1,2444.58,0.54,1.52,3.12,6.41,6.26,5.4,4.57,5.34,0,30,158693,65.1,80.1,19.44,Financials,0.39,0.37,7.33,2.32,8.97,18.14,0.03,0.27,Debt : Ultra Short Duration,Nil
Tata Arbitrage Fund-Reg(G),Sailesh Jain,HY-ARB,5,12589,1.08,Open Ended,18-Dec-18,Nifty 50 Arbitrage,13.9,13.9,12.94,0.66,1.83,3.46,7.46,7.28,6.19,5.44,7.44,551.29,158,169031,44.19,18.19,4.18,Financials,0.32,0.3,7.52,3.55,3.4,7.73,-0.09,0.96,Hybrid : Arbitrage,0.25% on or before 30D
Tata Balanced Adv Fund-Reg(G),Rahul Singh (Tata),HY-DYN,4,10258.2,1.7,Open Ended,28-Jan-19,CRISIL Hybrid 50+50 - Moderate Index,20.02,20.71,17.89,-0.4,-3.42,0.35,10.87,14.07,11.26,12.99,8.37,30.47,73,310223,55.65,7.52,3.39,Financials,4.04,2.4,7.39,2.82,0.95,1.38,1.32,7.08,Hybrid : Dynamic Asset Allocation,Nil upto 12% of original cost of investments and 1% for more than 12% on or before 90D Nil after 90D
Tata Banking & Financial Services Fund-Reg(G),Amey Sathe,EQ-FIN,2,2378,1.97,Open Ended,28-Dec-15,Nifty Financial Services - TRI,39.25,41.63,33.01,-1.39,-4.44,-0.04,9.18,15.98,16.53,12.51,5.79,20.43,34,166236,56.74,13.15,26.99,Financials,10.81,2.13,7.43,1.66,0.41,0.59,0.95,15.8,Equity : Sectoral - Financial Services,0.25% on or before 30D
Tata BSE Select Business Groups Index Fund-Reg(G),Kapil Menon,EQ-INDX,5,109.8,1.04,Open Ended,12-Dec-24,BSE Select Business Groups Index - TRI,9.69,10,9.41,0.51,-4.1,2.67,23.67,6.96,21.06,5.34,16.45,93,30,158003,38.43,16.14,19.92,Financials,17.07,4.32,7.23,15.3,5.9,1.22,1.24,13.77,Equity : Index Funds,0.25% on or before 15D
Tata BSE Sensex Index Fund-Reg(G),Kapil Menon,EQ-INDX,1,368.5,0.58,Open Ended,25-Feb-03,BSE SENSEX - TRI,199.72,214.46,174.91,-1.69,-6.83,-1.09,9.19,14.96,11.78,14.21,11.41,8.9,30,684554,99.27,0.72,8.28,Financials,3.37,2.69,7.64,0.81,0.42,0.65,1,13.89,Equity : Index Funds,0.25% on or before 7D Nil after 7D
Tata Business Cycle Fund-Reg(G),Rahul Singh (Tata),EQ-THEM,2,2875.5,1.91,Open Ended,04-Aug-21,NIFTY 500 - TRI,19.13,20.68,15.88,-1.24,-7.9,-1.72,18.51,26.63,22.32,12.18,12.33,45.88,76,109444,52.53,16.05,30.33,Financials,0.39,4.73,7.17,9.9,0.96,1.35,0.96,15.37,Equity : Thematic,Nil upto 12% of investment and 1% for remaining investments on or before 90D Nil after 90D
Tata Corp Bond Fund-Reg(G),Abhishek Sonthalia,DT-CORP,5,2762.6,0.86,Open Ended,01-Dec-21,CRISIL Corporate Bond Index,11.85,11.85,10.95,0.54,1.44,4.07,8.21,7.55,5.76,5.47,6.95,0,69,54003,49.83,33.87,7.06,Capital Goods,5.7,3.56,7.66,2.92,5.22,10.38,0.39,0.78,Debt : Corporate Bond,Nil
Tata CRISIL IBX Gilt Index - April 2026 Index Fund-Reg(G),Amit Somani,DT-MD,3,1026.2,0.35,Open Ended,30-Sep-22,CRISIL IBX Gilt Index - April 2026,11.71,11.71,10.92,0.55,1.49,3.59,7.2,7.13,0.46,5.25,9.93,0,34,429503,99.27,1.25,26.44,Financials,1.3,1.21,6.82,2.55,5.85,13.4,0.19,0.53,Debt : Medium Duration,Nil
Tata Digital India Fund-Reg(G),Meeta Shetty,EQ-TECH,5,12659,1.66,Open Ended,28-Dec-15,NIFTY IT - TRI,55.14,56.85,39.93,1.1,2.72,17.43,30.44,32.43,10.53,29.34,9.84,22.28,37,220342,70.82,9.9,15.94,Technology,1.16,1.2,7.25,20.89,1.45,2.78,0.77,17.08,Equity : Sectoral - Technology,0.25% on or before 30D
Tata Dividend Yield Fund-Reg(G),Sailesh Jain,EQ-DIV,1,985.7,2.2,Open Ended,20-May-21,NIFTY 500 - TRI,17.65,19.09,15.2,-2.27,-7.92,-4.76,11.84,23.61,15.78,12.51,18.02,22.83,70,113620,51.85,22.9,23.74,Financials,0.4,3.09,7.09,3.91,0.53,0.72,1.06,17.59,Equity : Thematic - Dividend Yield,Nil upto 12% of investments and 1% for remaining units on or before 365D Nil after 365D
Tata ELSS Tax Saver Fund-Reg(G),Tejas Gutka,EQ-ELSS,2,4662.9,1.82,Open Ended,13-Oct-14,NIFTY 500 - TRI,44.79,47.21,36.03,-0.26,-5.72,2.27,19.55,22.33,16.79,18.13,14.92,16.28,58,131290,58.67,10.22,26.49,Financials,22.1,4.72,7.2,10.43,1.01,1.44,0.99,15.25,Equity : Tax Saving (ELSS),Nil
Tata Equity P/E Fund(G),Sonam Udasi,EQ-VAL,1,8639.7,1.78,Open Ended,29-Jun-04,NIFTY 500 - TRI,357,381.75,284.98,-0.5,-7.2,-1.02,21.6,29.81,21.51,20.63,14.98,83.92,41,108228,50.98,14.85,24.33,Financials,2.86,0.13,7.01,12.57,1.02,1.42,1.05,17.56,Equity : Value / Contra,Nil upto 12% on investment and 1% for rest investment on or before 12M Nil after 12M
Tata Equity Savings Fund-Reg(G),Sailesh Jain,HY-EQ,2,224.1,1.13,Open Ended,27-Apr-00,NIFTY 50 Equity Savings Index,53.1,53.46,47.65,0.29,0.38,2.56,11.24,11.83,8.85,9.28,7.28,33,36,433477,57.85,7.97,1.28,Financials,4.88,3.56,6.97,4.21,1.51,2.17,0.9,4.51,Hybrid : Equity Oriented,0.25% on or before 7D Nil after 7D
Tata Ethical Fund-Reg(G),Abhinav Sharma,EQ-THEM,4,3288.8,1.91,Open Ended,24-May-96,Nifty500 Shariah - TRI,399.61,436.49,345.08,-2.18,-9.1,-2.23,13.19,20.47,10.73,19.82,12.62,31.34,64,99494,41.84,34.97,15.67,Technology,17.07,5.06,7.4,6,0.77,1.23,0.73,12.66,Equity : Thematic,0.50% on or before 90D Nil after 90D
Tata Flexi Cap Fund-Reg(G),Amey Sathe,EQ-FLEX,2,2976.4,1.93,Open Ended,06-Sep-18,NIFTY 500 - TRI,23.05,24.72,19.42,-2.03,-7.01,0.02,12.94,20.96,12.29,15.28,8.61,42.54,50,129720,50.59,16.47,28.36,Financials,0.11,0.14,6.19,5.24,0.72,1.04,0.82,13.03,Equity : Flexi Cap,Nil upto 12% of original cost of investments and 1% for more than 12% on or before 12M Nil after 12M
Tata Floating Rate Fund-Reg(G),Akhil Mittal,DT-FL,3,141.7,0.73,Open Ended,07-Jul-21,CRISIL Short Duration Debt Index,12.24,12.24,11.36,0.66,1.76,3.94,7.7,7.41,6.38,16.05,11.03,0,50,220719,83.31,11.74,10.21,Financials,7.9,3.55,7.72,3.2,7.85,15.79,0.14,0.46,Debt : Floater,NIL
TATA FMP-61-D-91D(G),Akhil Mittal,DT-FMP,1,72.3,1.96,Closed Ended,05-Dec-24,CRISIL Liquid Debt Index,10.06,10.06,10,-0.79,-7.01,0.93,26.12,23.6,15.63,6.33,12.41,8,73,555827,63.44,61.02,21.2,Financials,4.7,3.86,6.65,3.65,2.17,1.14,0.17,12.92,Debt : FTP/FMP,Nil
Tata Focused Equity Fund-Reg(G),Meeta Shetty,EQ-MLC,1,1870,2.04,Open Ended,05-Dec-19,NIFTY 500 - TRI,24.17,25.52,19.76,0.16,-4.99,2.7,18.37,23.63,17.15,18.89,10.15,40.8,30,137875,58.24,18,23.09,Financials,3.5,3.64,7.04,9.6,0.94,1.35,0.99,15.58,Equity : Multi Cap,Nil upto 12% of original cost of invesment and 1% for more than 12% original cost of investment on or before 365D Nil after 365D
Tata Gilt Securities Fund-Reg(G),Akhil Mittal,DT-GILT,1,978,1.38,Open Ended,04-Sep-99,CRISIL Dynamic Gilt Index,74.84,75.14,68.92,0.19,0.69,3.76,8.29,7.75,5.93,5.56,6.47,0,22,283686,69.87,2.73,3.15,Financials,23.99,10.12,7.05,1.13,2.17,3.85,0.94,1.81,Debt : Gilt,Nil
Tata Gold ETF,Tapan Patel,GOLD-ETF,2,289.6,0.38,Open Ended,12-Jan-24,Gold-India,7.6,7.81,6.07,0.15,1.45,6.73,22.1,7.3,6.29,21.4,9.85,39.24,47,220957,91.13,17.26,1.34,Financials,3.57,6.43,7.12,5.64,1.11,1.21,0.99,11.44,Gold : ETFs,1% on or before 15D Nil after 15D
Tata Gold ETF FoF-Reg(G),Tapan Patel,FOF-DOM,2,121.6,0.71,Open Ended,19-Jan-24,Gold-India,12.08,12.52,9.86,-0.07,1.13,5.93,28.34,26.63,12.14,11.91,12.72,2.52,74,108228,7.95,16.75,10.73,Financials,5.26,0.12,7.91,0.33,0.78,3.33,0.24,11.81,FoFs : Domestic,0.50% on or before 7D Nil after 7D
Tata Housing Opportunities Fund-Reg(G),Tejas Gutka,EQ-THEM,2,578.6,2.35,Open Ended,02-Sep-22,Nifty Housing - TRI,15.76,17.09,13.1,-0.38,-8.36,-4.35,12.68,25.62,11.44,14.89,5.62,8.31,31,77654,42.4,23.13,33.04,Construction,0.14,2.47,6.96,4.41,0.56,0.81,0.97,16.67,Equity : Thematic,1% on or before 30D Nil after 30D
Tata Hybrid Equity Fund-Reg(G),Satish Chandra Mishra,HY-EQ,3,4150.4,1.92,Open Ended,08-Oct-95,CRISIL Hybrid 35+65 - Aggressive Index,433.68,456.22,370.99,-0.64,-5,0.78,13.82,15.32,12.96,14.42,10.46,30.87,45,298194,57.19,8.95,9.19,Financials,7.95,4.51,7.43,4.44,0.9,1.3,1.8,10.85,Hybrid : Equity Oriented,Nil upto 12% of investments and 1% for remaining investments on or before 365D Nil after 365D
Tata India Consumer Fund-Reg(G),Sonam Udasi,EQ-CONS,2,2414.3,1.99,Open Ended,28-Dec-15,Nifty India Consumption - TRI,47.23,49.14,35.42,2.45,-3.52,11.72,26.91,32.44,20.88,22.08,7.15,57.74,40,77716,45.59,16.47,29.61,FMCG,0.13,2.76,6.9,17.99,1.63,2.83,0.64,13.02,Equity : Thematic - Consumption,0.25% on or before 30D
Tata India Innovation Fund-Reg(G),Meeta Shetty,EQ-THEM,4,1648.5,1.72,Open Ended,28-Nov-24,NIFTY 500 - TRI,10.25,10.25,9.92,1.45,-3.56,3.68,23.66,12.96,20.03,5.3,10.83,485,27,126902,17.45,4.59,11.56,Technology,0.56,0.01,6.64,4.18,4.31,0.94,0.91,4.99,Equity : Thematic,1% on or before 90D
Tata India Pharma & Healthcare Fund-Reg(G),Meeta Shetty,EQ-PHRM,1,1213.9,2.14,Open Ended,28-Dec-15,NIFTY PHARMA - TRI,32.01,32.01,23.07,4.58,2.34,21.31,40.42,39.19,21.06,28.11,16.24,9.47,34,59132,35.11,33.75,26.86,Healthcare,3.71,1.98,7,29.48,2.42,4.48,0.44,13.08,Equity : Sectoral - Pharma,0.25% on or before 30D
Tata Infrastructure Fund-Reg(G),Abhinav Sharma,EQ-INFRA,3,2403.7,2.05,Open Ended,31-Dec-04,BSE India Infrastructure Index - TRI,180.55,204.97,145.73,-2.61,-10.82,-9.77,22.65,33.7,24.57,26.41,15.57,19.98,67,44505,32.02,19.98,43.94,Capital Goods,0.12,1.24,6.24,13.99,0.96,1.35,1.07,20.15,Equity : Sectoral - Infrastructure,0.25% on or before 30D
Tata Large & Mid Cap Fund-Reg(G),Chandraprakash Padiyar,EQ-L&M,2,8342.4,1.76,Open Ended,25-Feb-93,NIFTY LargeMidcap 250 - TRI,520.94,562.21,436.92,-1.57,-7.61,-1.52,15.42,19.52,16.9,18.66,13.66,11.91,51,139444,43.81,35.25,15.32,Financials,2.46,3.68,7.77,7.43,0.83,1.18,0.89,14.39,Equity : Large & Mid Cap,Nil upto 12% of investment and 1% for remaining investments on or before 90D Nil after 90D
Tata Large Cap Fund-Reg(G),Abhinav Sharma,EQ-LC,3,2435.5,2.03,Open Ended,07-May-98,NIFTY 100 - TRI,490.95,528.23,418.05,-1.6,-7.44,-2.29,13.36,19.4,13.91,16.05,11.82,33.59,53,286477,79.35,11.27,6.1,Financials,0.32,2.79,6.64,4.79,0.66,0.96,1,14.87,Equity : Large Cap,Nil upto 12% of investments and 1% for remaining investments on or before 365D Nil after 365D
Tata Liquid Fund-Reg(G),Amit Somani,DT-LIQ,4,23348,0.32,Open Ended,01-Sep-04,CRISIL Liquid Debt Index,3975.39,3975.39,3705.09,0.59,1.75,3.54,7.32,7.13,6.35,5.3,6.31,0,146,415145,50.5,5.84,12.54,Technology,0.13,0.13,7.18,0.73,10.58,5.3,1.24,0.07,Debt : Liquid,0.007% for Day 1 0.0065% on Day 2 0.0060% on Day 3 0.0055% on Day 4 0.0050% on Day 5 0.0045% on Day 6 NIL on or after 7D
Tata Mid Cap Growth Fund-Reg(G),Satish Chandra Mishra,EQ-MID,3,4494.4,1.86,Open Ended,01-Jul-94,Nifty Midcap 150 - TRI,432.38,460.19,344.62,-0.28,-6.36,-2.36,22.64,31.89,20.66,24.66,16.24,32.19,69,48945,11.09,63.41,21.69,Financials,5.88,0.01,7.37,13.81,1.1,1.57,0.93,16.9,Equity : Mid Cap,Nil upto 12% of investments and 1% for remaining investments on or before 365D Nil after 365D
Tata Money Market Fund-Reg(G),Amit Somani,DT-MM,4,27482.5,0.41,Open Ended,22-May-03,CRISIL Money Market Index,4541.97,4541.97,4219.25,0.62,1.78,3.67,7.67,7.52,6.62,6.02,6.04,0,29,308002,86.88,61.82,5.47,Financials,0.31,0.31,7.3,3.5,10.99,22.64,0.03,0.33,Debt : Money Market,Nil
Tata Multi Asset Opp Fund-Reg(G),Rahul Singh (Tata),HY-MULTI,1,3430.8,1.88,Open Ended,04-Mar-20,BSE 200,22.31,23.1,19.33,-0.15,-3.15,0.68,14.56,16.45,13.21,7.05,8.1,13.77,73,208840,47.76,6.73,11.55,Financials,5.22,2.74,7.17,5.62,1.13,1.6,1.61,9.16,Hybrid : Multi Asset Allocation,Nil upto 12% of investments and 1% for remaining investments on or before 365D Nil after 365D
Tata Multicap Fund-Reg(G),Rahul Singh (Tata),EQ-MLC,1,3172.2,1.88,Open Ended,02-Feb-23,Nifty500 Multicap 50:25:25 - TRI,14.56,15.59,12.4,-0.78,-7.12,-1.67,12.29,34.04,13.86,8.23,7.38,31.32,76,73208,39.31,25.51,32.17,Financials,3.78,5.74,8.02,4.38,0.58,0.8,0.99,16.25,Equity : Multi Cap,Nil upto 12% of investment and 1% for remaining investment on or before 365D Nil after 365D
Tata Nifty 50 ETF,Kapil Menon,EQ-ETF,2,687.3,0.07,Open Ended,01-Jan-19,NIFTY 50 - TRI,258.31,279.56,224.56,-1.61,-7.83,-1.26,10.34,16.41,12.89,15.71,7.54,9.43,50,556030,98.71,1.24,40,Financials,3.08,2.45,7.43,1.92,0.5,0.76,1,13.96,Equity : ETFs,1% on or before 30D Nil after 30D
Tata NIFTY 50 Index Fund-Reg(G),Kapil Menon,EQ-INDX,3,1079.6,0.52,Open Ended,25-Feb-03,NIFTY 50 - TRI,149.53,162.13,130.68,-1.66,-7.99,-1.55,9.73,15.78,12.29,14.95,11.54,6.84,50,555830,98.74,1.25,12.7,Financials,0.37,2.8,7.43,1.34,0.46,0.7,0.99,13.94,Equity : Index Funds,0.25% on or before 7D Nil after 7D
Tata Nifty Auto Index Fund-Reg(G),Kapil Menon,EQ-AUTO,2,76.3,1.11,Open Ended,26-Apr-24,NIFTY AUTO - TRI,10.81,12.45,9.97,-1.09,-14.72,-8.55,10.87,29.93,18.02,6.41,6.93,9.6,15,195447,85.94,12.39,1.55,Automobile and Ancillaries,4.61,3.84,7.38,8.04,3.68,1.7,1.09,0.02,Equity : Sectoral - Auto,0.25% on or before 15D Nil after 15D
Tata Nifty Capital Markets Index Fund-Reg(G),Kapil Menon,EQ-INDX,1,84,1.09,Open Ended,24-Oct-24,Nifty Capital Markets Index - TRI,11.16,11.46,9.68,7.76,1.22,3.21,19.32,39.38,26.51,15.44,8.63,18.5,15,40052,47.36,49,50.98,Financials,5.47,1.63,7.77,15.12,0.59,9.05,1.38,21.68,Equity : Index Funds,0.25% on or before 15D
Tata Nifty Financial Services Index Fund-Reg(G),Kapil Menon,EQ-INDX,1,45.1,1.11,Open Ended,26-Apr-24,Nifty Financial Services - TRI,11.19,11.76,9.75,-1.78,-3.78,-0.38,15.18,7.95,20.9,10.84,14.12,21,20,610616,95.52,3.62,0.77,Financials,9.1,0.42,6.66,2.04,1.63,14.03,0.3,2.13,Equity : Index Funds,0.25% on or before 15D Nil after 15D
Tata Nifty G-Sec Dec 2026 Index Fund-Reg(G),Amit Somani,DT-MD,5,108.3,0.35,Open Ended,16-Jan-23,Nifty G-sec Dec 2026 Index,11.44,11.44,10.66,0.53,1.42,3.69,7.35,29.99,5.22,27.96,6.97,0,52,256524,30.86,31.22,42.6,Financials,1.85,1.7,6.8,2.47,4.9,10.29,0.26,0.66,Debt : Medium Duration,Nil
Tata Nifty G-Sec Dec 2029 Index Fund-Reg(G),Amit Somani,DT-M&LD,2,179.6,0.45,Open Ended,13-Jan-23,Nifty G-Sec Dec 2029 Index,11.6,11.6,10.71,0.47,1.25,4.31,8.24,36.8,11.76,14.53,13.92,0,76,96310,86.41,88.24,6.6,Technology,4.57,3.8,6.84,2.27,3.26,5.92,0.61,1.25,Debt : Medium to Long Duration,Nil
Tata Nifty India Digital ETF,Kapil Menon,EQ-ETF,1,161.5,0.4,Open Ended,31-Mar-22,Nifty India Digital  - TRI,101.74,104.06,73.8,1.84,1.22,14.19,33.34,37.25,25.81,14.86,10.53,35.47,30,175176,57.32,38.6,4.05,Technology,28.47,0.11,7.09,22.58,1.6,2.88,0.87,16.87,Equity : ETFs,Nil
Tata Nifty India Digital ETF FoF-Reg(G),Meeta Shetty,FOF-DOM,2,97.9,0.48,Open Ended,13-Apr-22,Nifty India Digital  - TRI,15.71,16.08,11.67,1.72,0.79,13.51,30.98,37.31,16.71,6.04,7.89,452,30,48636,50.64,19.42,82.15,Financials,1.14,0.41,7.15,21.24,1.74,3.09,1.13,14.11,FoFs : Domestic,Nil upto 12% of investment and 1% for remaining investments on or before 365D Nil after 365D
Tata Nifty India Tourism Index Fund-Reg(G),Kapil Menon,EQ-INDX,4,283.9,1.09,Open Ended,24-Jul-24,Nifty India Tourism Index - TRI,10.64,10.64,9.17,6.1,2.35,-1.15,12.99,15.82,6.14,20.29,5.79,30.1,15,62529,19.19,58.06,22.78,Travel,22.1,2.87,7.07,-4.51,1.21,1.97,1.2,10.47,Equity : Index Funds,0.25% on or before 15D
Tata Nifty Midcap 150 Momentum 50 Index Fund-Reg(G),Kapil Menon,EQ-INDX,1,686,1.05,Open Ended,20-Oct-22,Nifty Midcap150 Momentum 50 - TRI,18.97,19.93,14.48,0.97,-4.52,1.69,29.92,39.61,12.93,18.56,13.3,109.45,50,76845,19.47,80.58,19.9,Financials,2.61,1.42,7.16,19.81,1.21,1.74,1.07,20.83,Equity : Index Funds,0.25% on or before 90D Nil after 90D
Tata Nifty MidSmall Healthcare Index Fund-Reg(G),Kapil Menon,EQ-INDX,2,123.5,1.11,Open Ended,26-Apr-24,Nifty MidSmall Healthcare - TRI,13.11,13.11,9.68,5.48,4.72,22.96,7.98,11.5,10.3,4.9,15.66,8.94,30,47248,89.59,65.36,34.88,Healthcare,0.15,6.84,7.09,7.53,0.46,1.91,1.86,15.07,Equity : Index Funds,0.25% on or before 15D Nil after 15D
Tata Nifty Pvt Bank ETF,Kapil Menon,EQ-ETF,1,11,0.14,Open Ended,30-Aug-19,Nifty Private Bank - TRI,259.38,280.3,230.15,-1.74,-6,-4.8,0.76,7.75,12.32,7.43,5.84,43.19,10,417462,83.29,13.61,3.07,Financials,4.3,11.05,7.06,-7.21,-0.12,-0.18,1.03,17.03,Equity : ETFs,1% on or before 15D Nil after 15D
Tata Nifty Realty Index Fund-Reg(G),Kapil Menon,EQ-INDX,1,54,1.1,Open Ended,26-Apr-24,NIFTY REALTY - TRI,10.77,11.82,9.61,1.9,-5.78,-5.74,15.52,7.58,6.46,6.25,8.29,84.91,10,81254,37.39,48.82,13.79,Construction,10.08,0.06,6.96,1.49,1.09,1.85,1.08,0.33,Equity : Index Funds,0.25% on or before 15D Nil after 15D
Tata Nifty SDL Plus AAA PSU Bond Dec 2027 60:40 Index Fund-Reg(G),Amit Somani,DT-M&LD,3,859.4,0.47,Open Ended,30-Mar-22,Nifty SDL Plus AAA PSU Bond Dec 2027 60: 40 Index - TRI,11.82,11.83,10.94,0.53,1.46,3.91,8.1,7.41,25.69,6.16,6.76,0,59,134205,46.63,37.78,17.45,Financials,2.86,2.45,7.2,3.05,4.92,11.18,0.29,0.79,Debt : Medium to Long Duration,Nil
Tata Nifty200 Alpha 30 Index Fund-Reg(G),Kapil Menon,EQ-INDX,3,182,1.09,Open Ended,05-Sep-24,Nifty200 Alpha 30 - TRI,9.22,10.01,8.59,0.53,-8.45,-3.2,17.78,12.17,5.56,5.38,15.45,38.27,30,136117,63.46,36.54,3.26,Automobile and Ancillaries,2.55,2.05,7.64,2.17,4.78,0.25,0.86,25.96,Equity : Index Funds,0.25% on or before 15D
Tata Nifty500 Multicap India Manufacturing 50:30:20 Index Fund-Reg(G),Kapil Menon,EQ-INDX,3,120.3,1.11,Open Ended,26-Apr-24,Nifty500 Multicap India Manufacturing 50:30:20 - TRI,11.08,12,9.81,-0.35,-8.52,-2.15,23.66,7.21,5.9,25.53,18.19,20.37,76,119680,51.79,29.71,18.38,Automobile and Ancillaries,0.56,1.39,7.11,6.25,0.52,1.28,0.99,3.78,Equity : Index Funds,0.25% on or before 15D Nil after 15D
Tata Nifty500 Multicap Infrastructure 50:30:20 Index Fund-Reg(G),Kapil Menon,EQ-INDX,1,79.1,1.11,Open Ended,26-Apr-24,Nifty500 Multicap Infrastructure 50:30:20 - TRI,10.55,11.51,9.59,-0.37,-8.51,-5.53,18.96,20.85,5.71,27.06,7.67,30.42,75,145599,51.55,28.36,19.95,Energy,2.51,0.11,6.92,1.69,1.31,1.76,0.91,0.4,Equity : Index Funds,0.25% on or before 15D Nil after 15D
Tata Overnight Fund-Reg(G),Amit Somani,DT-ON,4,4126.6,0.18,Open Ended,27-Mar-19,CRISIL Liquid Overnight Index,1318.3,1318.3,1236.77,0.55,1.61,3.23,6.61,6.59,5.92,4.82,13.31,0,71,24499,28.39,3.09,16.67,Financials,0.01,0.01,6.66,0.28,27.56,1.97,0.45,0.01,Debt : Overnight,Nil
Tata Quant Fund-Reg(G),Sailesh Jain,EQ-THEM,2,67.1,2.39,Open Ended,22-Jan-20,BSE 200 - TRI,15.15,16.96,13.12,-1.7,-10.11,-2.61,10.4,18.13,13.56,13.93,11.54,303.41,30,131553,63.81,26.68,0.37,Construction,7.66,1.73,6.81,2.57,0.47,0.73,0.89,14.83,Equity : Thematic,Nil upto 12% of original cost of invesment and 1% for more than 12% original cost of investment on or before 365D Nil after 365D
Tata Resources & Energy Fund-Reg(G),Satish Chandra Mishra,EQ-POWER,3,1047.3,2.16,Open Ended,28-Dec-15,NIFTY COMMODITIES - TRI,42.54,47.14,36.15,-3.39,-10.83,-5.48,13.18,20.3,14.13,22.86,12.68,11.18,50,79299,48,20.3,27.13,Energy,9.03,10.25,7.04,5.19,0.53,0.74,1.16,20.83,Equity : Sectoral - Energy / Power,0.25% on or before 30D
Tata Retirement Sav Fund - Cons Plan(G),Sonam Udasi,HY-SOL,2,174.6,2.17,Open Ended,04-Nov-11,CRISIL Short Term Debt Hybrid 75+25 Index,31.05,31.23,27.96,0.26,-0.65,2.77,10,11.22,7.4,8.23,8.1,0,52,89221,12.41,6.6,9.98,Financials,3.8,2.23,7.07,3.35,1.25,1.8,0.88,4.77,Hybrid : Solution Oriented,Nil on or after age of 60Y 1% before 61 months from the Date of allotment
Tata Retirement Sav Fund - Mod Plan(G),Sonam Udasi,HY-SOL,3,2176.8,2,Open Ended,04-Nov-11,CRISIL Hybrid 25+75 - Aggressive Index,65.36,66.35,52.24,0.87,-1.52,4.89,20.01,23.23,14.28,15.5,13.04,55.15,51,87409,33.81,19.1,26.92,Financials,4.84,2.84,7.28,10.11,1.21,1.72,1.84,12.82,Hybrid : Solution Oriented,Nil on or after age of 60Y 1% before 61 months from the Date of allotment
Tata Retirement Sav Fund - Prog Plan(G),Sonam Udasi,HY-SOL,4,2108.2,2,Open Ended,04-Nov-11,NIFTY 500 - TRI,67.51,69.25,52.62,1.17,-2.8,4.54,22.25,26.25,15.33,16.53,13.99,70.55,54,82026,38.83,22.46,33.08,Financials,35.07,3.68,7.19,11.64,1.18,1.69,2.09,15.01,Hybrid : Solution Oriented,Nil on or after age of 60Y 1% before 61 months from the Date of allotment
Tata Silver ETF,Tapan Patel,GOLD-ETF,3,122.7,0.45,Open Ended,12-Jan-24,Silver,8.65,9.72,6.81,-2.81,-3.87,-1.39,12.65,7.4,14.91,24.66,12.39,32.36,68,134634,2.26,20.78,3.08,Financials,2.56,2.23,7.65,14.19,1.58,1.3,0.36,16.01,Gold : ETFs,1% on or before 15D Nil after 15D
Tata Silver ETF FoF-Reg(G),Tapan Patel,FOF-DOM,2,71.8,0.61,Open Ended,19-Jan-24,Silver,11.91,13.48,9.66,-3.56,-4.68,-2.5,9.27,20.61,19.09,45.15,15.98,8.17,50,155296,13.27,5.65,6.77,Healthcare,3.06,2.61,7.47,3.18,1.12,1.08,-0.14,17.8,FoFs : Domestic,0.50% on or before 7D Nil after 7D
Tata Small Cap Fund-Reg(G),Chandraprakash Padiyar,EQ-SML,3,9572.5,1.69,Open Ended,12-Nov-18,Nifty Smallcap 250 - TRI,42.49,44.66,30.17,-0.92,-3.77,7.08,31.76,32.79,24.28,31.74,6.4,18.06,54,11447,55.81,8.12,82.63,Chemicals,15.45,3.63,7.47,22.53,1.49,2.2,0.74,17.63,Equity : Small Cap,Nil upto 12% of original cost of investments and 1% for more than 12% on or before 12M Nil after 12M
Tata ST Bond Fund-Reg(G),Murthy Nagarajan,DT-SD,3,2879.6,1.19,Open Ended,08-Aug-02,CRISIL Short Duration Debt Index,45.94,45.94,42.8,0.5,1.37,3.7,7.34,7.05,5.65,5.8,6.06,0,21,102968,16.09,8.93,13.79,Financials,4.2,2.81,7.45,2.19,4.73,9.81,0.35,0.68,Debt : Short Duration,Nil
Tata Treasury Advantage Fund-Reg(G),Akhil Mittal,DT-LOWD,3,2520.3,0.58,Open Ended,06-Sep-05,CRISIL Low Duration Debt Index,3781.75,3781.75,3522.4,0.6,1.71,3.62,7.38,7.13,6.11,5.87,6.28,0,10,108006,64.99,9.67,17.97,Financials,0.94,0.81,7.36,3.1,9.96,19.73,0.07,0.33,Debt : Low Duration,Nil
Tata Ultra Short Term Fund-Reg(G),Akhil Mittal,DT-USD,3,3253.2,1.15,Open Ended,22-Jan-19,CRISIL Ultra Short Term Debt Index,13.69,13.69,12.8,0.62,1.7,3.43,6.98,6.73,5.86,5.11,10.12,0,51,69935,87.08,53.88,19.93,FMCG,0.39,0.36,7.57,2.85,10.52,20.24,0.03,0.28,Debt : Ultra Short Duration,Nil
Tata Young Citizen Fund,Amey Sathe,HY-SOL,4,366.7,2.56,Open Ended,14-Oct-95,NIFTY 500 - TRI,61.63,65.84,52.57,-0.79,-6.75,-0.55,12.65,20.3,13.55,18.65,11.84,39.07,54,99450,49.73,11.82,33.29,Financials,1.86,1.55,5.57,5.09,0.75,1.13,1.38,12.22,Hybrid : Solution Oriented,Compulsory Lock-in Option 5Y or till the child attains age of majority (whichever is earlier). 1% - If redeemed before child attains 18Y of age
Taurus Banking & Fin Serv Fund-Reg(G),Anuj Kapil,EQ-FIN,5,11.1,2.46,Open Ended,22-May-12,BSE BANKEX - TRI,50.3,52.86,44.32,-2.22,-3.92,-2.13,8.89,12.81,14.58,11.12,10.26,31,19,368395,79.26,11.12,8.17,Financials,2.56,8.15,6.86,0.73,0.36,0.52,1.05,16.85,Equity : Sectoral - Financial Services,1% on or before 365D Nil after 365D
Taurus ELSS Tax Saver Fund-Reg(G),Anuj Kapil,EQ-ELSS,5,80.6,2.48,Open Ended,31-Mar-96,BSE 500 - TRI,187.65,191.32,153.7,0.61,-2.54,5.58,20.64,25.79,19.09,17.98,13.53,61,32,155749,67.64,10.16,17.63,Financials,1.05,3.2,6.63,12.6,1.17,1.75,0.87,14.53,Equity : Tax Saving (ELSS),Nil
Taurus Ethical Fund-Reg(G),Anuj Kapil,EQ-MLC,2,263.2,2.36,Open Ended,20-Mar-09,BSE 500 Shariah - TRI,130.86,141.6,107.86,-2.1,-8.66,0.07,19.08,24.55,14.94,20.04,12.89,114,57,142998,60.33,20.16,17.18,Technology,10.84,0.41,7.66,11.06,1.1,1.77,0.81,13.79,Equity : Multi Cap,1% on or before 365D Nil after 365D
Taurus Flexi Cap Fund-Reg(G),Anuj Kapil,EQ-FLEX,1,370.9,2.64,Open Ended,29-Jan-94,BSE 500 - TRI,233.25,245.78,193.76,-0.21,-5.91,-0.46,17.5,22.99,16.82,15.52,9.8,78,54,171906,69.77,11.86,16.13,Financials,2.55,0.01,2.9,8.95,0.89,1.28,1.02,15.82,Equity : Flexi Cap,1% on or before 365D Nil after 365D
Taurus Infrastructure Fund-Reg(G),Anuj Kapil,EQ-INFRA,1,9.9,2.51,Open Ended,05-Mar-07,Nifty Infrastructure - TRI,68.68,75,56.29,-2.34,-9.8,-4.6,18.75,30.03,21.45,22.54,14.18,110,32,62712,46.29,11.86,37.27,Energy,4.91,0.13,7.22,9.85,0.76,1.07,1.17,20.83,Equity : Sectoral - Infrastructure,1% on or before 365D Nil after 365D
Taurus Large Cap Fund-Reg(G),Anuj Kapil,EQ-LC,3,50.5,2.6,Open Ended,28-Feb-95,BSE 100 - TRI,157.42,166.6,130.19,-0.61,-6.1,0.71,18.06,20.85,16.05,15.05,9.98,69,38,294678,83.27,4.03,8.42,Financials,0.01,0.12,7.61,9.37,0.96,1.4,1,15.04,Equity : Large Cap,1% on or before 365D Nil after 365D
Taurus Mid Cap Fund-Reg(G),Anuj Kapil,EQ-MID,3,129.6,2.57,Open Ended,05-Sep-94,Nifty Midcap 150 - TRI,121.19,131.7,104.6,-1.26,-7.9,-4.13,11.3,24.59,18.61,22.51,15.48,130,55,36542,6.52,72.78,19.14,Financials,5.17,6.51,6.82,4.28,0.48,0.67,1.04,19.8,Equity : Mid Cap,1% on or before 365D Nil after 365D
Taurus Nifty 50 Index Fund-Reg(G),Anuj Kapil,EQ-INDX,3,4.8,1.04,Open Ended,10-Jun-10,NIFTY 50 - TRI,45.86,49.7,40.35,-1.69,-8,-1.77,9.04,14.88,11.7,15.05,11.29,4,50,555814,98.27,1.24,19.98,Financials,0.01,2.65,7.7,0.73,0.41,0.63,0.98,13.77,Equity : Index Funds,1% on or before 365D Nil after 365D
Templeton India Equity Income Fund(G),Rajasa Kakulavarapu,EQ-DIV,1,2398.7,2.07,Open Ended,18-May-06,NIFTY 500 - TRI,138.35,151.35,114.58,-1.36,-8.35,0.2,19.86,26.82,19.25,24.35,15.24,9.89,44,190366,51.53,12.31,11.02,Energy,8.64,2.4,6.96,11.87,1.04,1.51,0.91,15.85,Equity : Thematic - Dividend Yield,1% on or before 1Y
Templeton India Value Fund(G),Ajay Argal,EQ-VAL,4,2199.3,2.05,Open Ended,05-Sep-03,NIFTY 500 - TRI,706.32,771.65,593.52,-2.32,-9,-4.94,14.65,24.67,21.74,23.35,14.17,37.98,46,154448,64.28,5.64,22.57,Financials,3.06,2.4,7.08,6.83,0.78,1.13,0.95,14.86,Equity : Value / Contra,1% on or before 1Y
TRUSTMF Banking & PSU Fund-Reg(G),Jalpan Shah,DT-B&PSU,2,190.3,0.71,Open Ended,01-Feb-21,CRISIL Banking and PSU Debt Index,1215.75,1215.75,1132.57,0.46,1.42,3.79,7.38,6.95,5.3,5.47,12.46,0,40,290187,30.97,86.73,32.02,Financials,3.18,2.61,7.36,2.82,6.22,12.22,0.17,0.54,Debt : Banking & PSU,Nil
TRUSTMF Corporate Bond Fund-Reg(G),Jalpan Shah,DT-CORP,1,75.3,0.65,Open Ended,20-Jan-23,CRISIL Corporate Bond Index,1143.75,1143.95,1062.76,0.51,1.36,4.03,7.62,6.59,15.16,7.02,8.44,0,40,80542,25.09,5.58,2.87,Financials,4.74,3.94,7.2,2.47,3.79,7.28,0.36,0.93,Debt : Corporate Bond,Nil
TRUSTMF Flexi Cap Fund-Reg(G),Mihir Vora,EQ-FLEX,3,832.9,2.23,Open Ended,26-Apr-24,NIFTY 500 - TRI,12.24,12.31,9.76,2.98,1.76,9.2,7.79,33.72,26.47,6.08,7.11,0,62,99333,42.38,23.74,28.07,Financials,1.97,3.32,6.9,6.83,0.55,1.18,0.99,9.66,Equity : Flexi Cap,1% on or before 180D Nil after 180D
TRUSTMF FMP-SR-II-Reg(G),Jalpan Shah,DT-FMP,2,58.2,1.62,Closed Ended,31-Mar-23,CRISIL Medium Duration Debt Index,1156.57,1156.57,1062.15,0.68,2.07,4.3,8.94,2.26,6.17,5.75,16.41,33.59,10,334329,96.56,7.86,19.93,Textile,4.97,2.79,7.33,4.46,9.6,19.62,0.13,0.51,Debt : FTP/FMP,Nil upto 10% of units and 1% for remaining units on or before 3M Nil after 3M
TRUSTMF Liquid Fund-Reg(G),Jalpan Shah,DT-LIQ,4,280.9,0.25,Open Ended,23-Apr-21,CRISIL Liquid Debt Index,1227.67,1227.67,1145.51,0.58,1.71,3.48,7.19,7.06,6.29,15.91,13.51,0,62,210685,66.07,8,23.74,Financials,0.1,0.09,7.02,0.91,8.34,7.45,1.72,0.11,Debt : Liquid,0.007% for Day 1 0.0065% on Day 2 0.0060% on Day 3 0.0055% on Day 4 0.0050% on Day 5 0.0045% on Day 6 NIL on or after 7D
TRUSTMF Money Market Fund-Reg(G),Jalpan Shah,DT-MM,5,83.4,0.31,Open Ended,17-Aug-22,CRISIL Money Market Index,1175.83,1175.83,1095.17,0.63,1.78,3.66,7.38,7.2,31.06,4.95,14.18,0,57,68910,96.99,75.05,68.22,Financials,0.4,0.37,7.3,3.25,10.85,22.08,0.03,0.31,Debt : Money Market,Nil
TRUSTMF Overnight Fund-Reg(G),Jalpan Shah,DT-ON,1,149.5,0.12,Open Ended,18-Jan-22,CRISIL Liquid Overnight Index,1188.85,1188.85,1114.8,0.55,1.65,3.28,6.66,6.64,17.4,23.05,7.48,0,16,17275,61.89,33.9,3.71,Financials,0.01,0.01,6.7,0.55,6.06,7.54,0.46,0.09,Debt : Overnight,Nil
TRUSTMF Short Duration Fund-Reg(G),Jalpan Shah,DT-SD,2,137,0.73,Open Ended,06-Aug-21,CRISIL Short Duration Debt Index,1195.9,1195.9,1116.38,0.5,1.4,3.81,7.11,6.85,5.63,28.44,5.96,0,51,9701,22.87,11.74,91.85,Financials,3.2,2.57,7.28,2.09,4.34,8.35,0.33,0.71,Debt : Short Duration,Nil
TRUSTMF Small Cap Fund-Reg(G),Mihir Vora,EQ-SML,4,405.2,2.31,Open Ended,04-Nov-24,Nifty Smallcap 250 - TRI,10.93,10.93,9.64,5.03,-6.72,-1.59,7.59,5.28,13.36,5.6,5.96,287,52,19688,87.01,17.91,73.07,Healthcare,19.65,0.01,7.05,2.44,0.44,12.22,0.3,14.35,Equity : Small Cap,1% on or before 180D Nil after 180D
Union Active Momentum Fund-Reg(G),Gaurav Chopra,EQ-THEM,2,20082.9,0.79,Open Ended,19-Dec-24,NIFTY 500 - TRI,10.31,10.31,10,-1.66,-1.72,1.31,7.71,15.66,25.9,16.59,8.61,60,30,92479,79.17,17.04,33.78,Financials,3.62,0.24,7.34,3.25,1.21,0.71,0.8,12.3,Equity : Thematic,1% on or before 1Y Nil after 1Y
Union Aggressive Hybrid Fund-Reg(G),Sanjay Bembalkar,HY-EQ,1,636.9,2.4,Open Ended,18-Dec-20,CRISIL Hybrid 35+65 - Aggressive Index,17.74,18.32,15.19,0.57,-3.46,1.92,15,17.75,11.4,14.72,11.51,107,69,203606,48.95,16.75,9.27,Financials,5.45,3.81,7.11,5.64,0.97,1.38,1.73,11.11,Hybrid : Equity Oriented,1% on or before 15D Nil after 15D
Union Arbitrage Fund-Reg(G),Vishal Thakker,HY-ARB,4,233.5,1.02,Open Ended,20-Feb-19,Nifty 50 Arbitrage,13.61,13.61,12.66,0.66,1.86,3.41,7.54,7.29,6.08,5.27,11.42,1308,95,203047,52.56,16.17,3.98,Financials,0.1,0.09,6.91,3.65,3.16,6.96,-0.1,1.06,Hybrid : Arbitrage,0.25% on or before 1M Nil after 1M
Union Balanced Advantage Fund-Reg(G),Sanjay Bembalkar,HY-DYN,4,1457.1,2.13,Open Ended,29-Dec-17,NIFTY 50 Hybrid Composite Debt 50:50 Index,19.76,20.2,17.66,0.31,-2.19,0.82,10.22,13.22,9.59,11.83,6.61,555,89,243890,52.9,11.35,5.18,Financials,3,2.06,6.75,2.07,0.73,1.04,1.46,8.64,Hybrid : Dynamic Asset Allocation,1% on or before 15D Nil after 15D
Union Business Cycle Fund-Reg(G),Harshad Patwardhan,EQ-THEM,2,573.8,2.4,Open Ended,05-Mar-24,NIFTY 500 - TRI,11.38,12.07,9.86,1.17,-5.85,-1.4,6.35,7.45,9.17,4.58,16.45,0,57,203832,61.11,23.44,9.85,Financials,3.88,1.58,7.17,3.05,0.37,1.55,0.95,7.3,Equity : Thematic,1% on or before 1Y Nil after 1Y
Union Childrens Fund-Reg(G),Gaurav Chopra,HY-SOL,2,61,2.35,Open Ended,19-Dec-23,BSE 500 - TRI,12.29,12.84,10.01,0.58,-4.41,3.14,20.08,8,14.5,16.09,12.26,235,73,118413,52.47,22.99,22.9,Financials,0.02,0.35,7.43,9.42,1.08,1.55,2.17,14.58,Hybrid : Solution Oriented,Nil
Union Corporate Bond Fund-Reg(G),Parijat Agrawal,DT-CORP,2,259.6,0.69,Open Ended,25-May-18,CRISIL Corporate Bond Index,14.59,14.59,13.51,0.52,1.39,4.12,7.94,7.17,5.56,6,11.41,0,76,598490,75.83,20.38,4.15,Financials,4.84,3.7,7.38,2.82,5.04,9.3,0.35,0.77,Debt : Corporate Bond,1% on or before 15D Nil after 15D
Union Dynamic Bond(G),Parijat Agrawal,DT-DYN,3,79.1,1.5,Open Ended,13-Feb-12,CRISIL Dynamic Bond Index,22.4,22.46,20.61,0.28,0.29,3.74,8.48,7.42,4.99,5.46,5.99,0,1,89788,15.48,23.67,6.76,Capital Goods,15.57,8.39,6.94,0.66,1.88,3.17,1.2,2.26,Debt : Dynamic Bond,1% on or before 15D Nil after 15D
Union ELSS Tax Saver Fund(G),Vinod Malviya,EQ-ELSS,4,935.5,2.25,Open Ended,23-Dec-11,BSE 500 - TRI,64.69,68.05,53.96,-0.17,-5.14,1.64,17.44,22.28,15.1,20.11,12.04,129,75,160046,60.13,20.53,17.34,Financials,19.65,5.87,7.2,8.69,0.94,1.35,0.93,14.28,Equity : Tax Saving (ELSS),Nil
Union Equity Savings Fund-Reg(G),Sanjay Bembalkar,HY-EQ,2,140.3,1.98,Open Ended,09-Aug-18,Crisil Equity Savings Index,16.45,16.52,15.06,0.31,-0.43,1.93,8.55,10.25,7.35,8.29,6.44,766,90,252722,58.05,6.87,3.86,Financials,0.23,0.2,6.67,2.09,0.93,1.35,0.79,4.74,Hybrid : Equity Oriented,1% on or before 15D Nil after 15D
Union Flexi Cap Fund-Reg(G),Sanjay Bembalkar,EQ-FLEX,4,2268.8,2.02,Open Ended,10-Jun-11,BSE 500 - TRI,51.4,53.01,42.91,1.3,-3.57,2.3,17.31,22.7,14.37,19.73,12.12,175,72,163053,59.48,20.14,18.04,Financials,1.3,0.11,6.86,8.52,0.91,1.31,0.93,14.48,Equity : Flexi Cap,1% on or before 15D Nil after 15D
Union FMP-Sr 13-Reg(G),Devesh Thacker,DT-FMP,4,25,0.78,Closed Ended,29-Mar-23,CRISIL Medium Duration Debt Index,11.29,11.29,10.53,0.54,1.47,3.58,7.23,11.51,13.97,6.38,5.88,56,77,58754,86.01,7.97,27.13,Financials,103,0.1,6.75,2.62,6.03,13.64,0.18,0.53,Debt : FTP/FMP,Nil
Union Focused Fund-Reg(G),Pratik Dharmshi,EQ-MLC,3,423.3,2.49,Open Ended,05-Aug-19,BSE 500 - TRI,26.07,26.51,21.62,1.46,-1.68,2.07,17.05,19.39,12.63,18.11,6.24,169,29,224544,65.4,14.54,13.98,Financials,4.01,2.89,7.3,8.04,0.84,1.22,0.96,15.3,Equity : Multi Cap,1% on or before 15D Nil after 15D
Union Gilt Fund-Reg(G),Parijat Agrawal,DT-GILT,2,140.4,1.13,Open Ended,08-Aug-22,CRISIL Dynamic Gilt Index,11.77,11.82,10.81,0.18,0,3.68,8.75,7.64,26.51,5.63,4.89,0,29,598490,52.87,14.54,24.28,Financials,22.61,10.11,6.93,0.5,1.75,2.9,1.34,2.57,Debt : Gilt,Nil
Union Innovation & Opp Fund-Reg(G),Gaurav Chopra,EQ-THEM,1,894.2,2.23,Open Ended,06-Sep-23,NIFTY 500 - TRI,15.04,15.21,10.48,3.62,1.78,13.39,41.77,14.11,5.58,28.8,12.99,60,50,37492,26.77,31.59,39.84,Technology,4.74,1.36,7.75,28.65,1.9,2.89,0.86,17.33,Equity : Thematic,1% on or before 1Y Nil after 1Y
Union Large & Midcap Fund-Reg(G),Vinod Malviya,EQ-L&M,1,847.3,2.28,Open Ended,06-Dec-19,NIFTY LargeMidcap 250 - TRI,25.98,26.81,20.93,2.47,-2.83,2.19,21.22,24.28,14.47,20.73,14.15,211,77,139322,50.33,40.3,7.49,Financials,6.85,1.51,7.66,11.77,1.03,1.46,1.01,16.4,Equity : Large & Mid Cap,1% on or before 15D Nil after 15D
Union Largecap Fund-Reg(G),Sanjay Bembalkar,EQ-LC,3,438.1,2.5,Open Ended,11-May-17,BSE 100 - TRI,23.44,24.85,20.24,0,-5.75,-2.04,13.07,18.13,11.73,15.41,6.01,196,52,363477,83.79,13.76,4.61,Financials,1.64,0.3,7.29,4.41,0.64,0.91,1.01,14.91,Equity : Large Cap,1% on or before 15D Nil after 15D
Union Liquid Fund(G),Devesh Thacker,DT-LIQ,4,4336.6,0.17,Open Ended,15-Jun-11,CRISIL Liquid Debt Index,2428.98,2428.98,2263.06,0.59,1.75,3.55,7.35,7.19,6.41,5.35,5.88,0,30,189880,22.65,29.5,18.19,Financials,0.11,0.1,7.02,0.76,12.08,5.35,0.45,0.06,Debt : Liquid,0.007% for Day 1 0.0065% on Day 2 0.0060% on Day 3 0.0055% on Day 4 0.0050% on Day 5 0.0045% on Day 6 NIL on or after 7D
Union Medium Duration Fund-Reg(G),Parijat Agrawal,DT-MD,2,81.5,0.87,Open Ended,14-Sep-20,CRISIL Medium Duration Debt Index,12.32,12.33,11.46,0.43,1.14,3.79,7.5,7.11,5.18,5.95,7.66,0,67,151495,58.3,38.6,4.36,Healthcare,4.71,3.68,6.78,1.92,3.3,6.03,0.5,1.03,Debt : Medium Duration,1% on or before 15D Nil after 15D
Union Midcap Fund-Reg(G),Gaurav Chopra,EQ-MID,4,1380.7,2.1,Open Ended,23-Mar-20,BSE 150 MidCap - TRI,48.2,49.72,36.71,3.18,-2.65,3.69,29.09,31.04,18.91,28.56,7.48,215,74,60614,18.03,67.89,11.43,Financials,0.11,6.85,6.69,18.57,1.33,1.91,0.98,17.69,Equity : Mid Cap,1% on or before 15D Nil after 15D
Union Money Market Fund-Reg(G),Parijat Agrawal,DT-MM,5,193.3,0.94,Open Ended,26-Aug-21,CRISIL Money Market Index,1190.24,1190.24,1116.08,0.56,1.59,3.27,6.65,6.45,5.65,15.68,5.81,0,30,329504,45.8,13.25,33.08,Financials,0.32,0.29,7.19,2.55,9.49,19.28,0.03,0.28,Debt : Money Market,NIL
Union Multi Asset Allocation Fund-Reg(G),Sanjay Bembalkar,HY-MULTI,1,868.5,2.17,Open Ended,10-Sep-24,NIFTY 50 - TRI,10.14,10.24,9.67,1.11,-1.28,-3.53,10.72,7.28,5.66,14.58,6.73,0,77,211630,45.42,13.59,8.35,Financials,6.59,4.38,7,3.12,0.63,0.7,0.99,0.29,Hybrid : Multi Asset Allocation,1% on or before 15D Nil after 15D
Union Multicap Fund-Reg(G),Harshad Patwardhan,EQ-MID,4,1090.3,2.2,Open Ended,19-Dec-22,Nifty500 Multicap 50:25:25 - TRI,16.1,16.77,12.83,1.59,-3.8,3.57,23.26,27.81,12.93,7.46,11.86,151,84,93710,43.22,25.44,27.91,Financials,5.26,2.89,7.58,13.71,1.18,1.68,0.95,15.71,Equity : Mid Cap,1% on or before 15D Nil after 15D
Union Overnight Fund-Reg(G),Tarun Singh,DT-ON,3,169.6,0.17,Open Ended,27-Mar-19,CRISIL Liquid Overnight Index,1316.2,1316.2,1234.69,0.55,1.6,3.22,6.62,6.59,5.93,4.81,6.93,0,43,168323,22.71,14.54,7.34,Financials,0.01,0.01,6.71,0.28,25.23,2.02,1.07,0.01,Debt : Overnight,Nil
Union Retirement Fund-Reg(G),Pratik Dharmshi,HY-SOL,5,154,2.38,Open Ended,22-Sep-22,BSE 500 - TRI,15.48,16.27,12.84,-0.07,-5.21,0.66,17.99,24.38,6.39,14.71,15,107,73,146044,54.75,22.25,17.71,Financials,1.14,4.97,7.54,7.31,0.94,1.34,2.25,14.79,Hybrid : Solution Oriented,Nil
Union Small Cap Fund-Reg(G),Pratik Dharmshi,EQ-SML,4,1661.9,2.1,Open Ended,10-Jun-14,BSE 250 Small Cap - TRI,52.1,53.08,38.22,1.83,-0.4,7.86,24.67,33.16,20.69,29.69,15.42,146,73,13964,6.44,14.6,79.28,Capital Goods,4.71,2.88,7.13,16.05,1.11,1.58,0.84,18.35,Equity : Small Cap,1% on or before 15D Nil after 15D
Union Value Fund-Reg(G),Vinod Malviya,EQ-VAL,3,300.5,2.47,Open Ended,05-Dec-18,BSE 500 - TRI,27.77,29.27,23.42,-1.19,-5.7,-0.58,16.96,25.25,18.32,20.56,11.42,133,62,119921,53.19,14.76,28.18,Financials,1.15,0.12,7.06,8.44,0.85,1.2,0.98,15.73,Equity : Value / Contra,1% on or before 15D Nil after 15D
UTI Aggressive Hybrid Fund-Reg(G),V. Srivatsa,HY-EQ,4,6107.3,1.88,Open Ended,02-Jan-95,CRISIL Hybrid 35+65 - Aggressive Index,399.49,414.68,327.25,-0.14,-3.97,3.28,19.8,23.02,17.1,18.6,12.26,33,65,148460,41.39,15.93,11.85,Financials,10.46,6.51,7.09,10.21,1.46,2.15,1.64,10.31,Hybrid : Equity Oriented,Nil for 10% of units and 1% for remaining units on or before 12M Nil after 12M
UTI Annual Interval Fund-I-(G),Sunil Patil,DT-FMP,4,13.1,0.54,Interval,18-Jul-07,CRISIL Low Duration Debt Index,33.33,33.33,31.18,0.53,1.47,3.23,6.86,6.73,5.91,5.79,5.94,0,29,429503,58.05,8.95,39.9,Chemicals,0.56,1.57,7.01,2.7,8.8,18.49,0.04,0.32,Debt : FTP/FMP,Nil
UTI Annual Interval Fund-II-(G),Sunil Patil,DT-FMP,3,12.7,0.66,Interval,24-Sep-07,CRISIL Low Duration Debt Index,32.86,32.86,30.74,0.56,1.57,3.39,6.9,6.85,6.02,5.09,6.01,0,30,162708,49.95,18.75,24.07,Automobile and Ancillaries,0.21,2.06,7.25,2.8,9.41,19.6,0.02,0.3,Debt : FTP/FMP,Nil
UTI Arbitrage Fund-Reg(G),Sharwan Kumar Goyal,HY-ARB,4,6461.7,0.74,Open Ended,29-Jun-06,Nifty 50 Arbitrage,33.88,33.88,31.48,0.7,1.88,3.56,7.67,7.44,6.3,5.4,5.91,1266,164,191762,49.83,15.64,3.15,Financials,0.4,0.4,7.39,3.75,3.47,7.79,-0.09,1.01,Hybrid : Arbitrage,0.25% on or before 15D Nil after 15D
UTI Balanced Advantage Fund-Reg(G),Sachin Trivedi,HY-DYN,2,3002.6,1.93,Open Ended,10-Aug-23,NIFTY 50 Hybrid Composite Debt 50:50 Index,12.16,12.49,10.75,-0.63,-2.85,2.64,11.28,49.12,12.85,16.42,14.88,0,64,368648,60.23,5.29,2.67,Financials,3.54,2.81,7.24,3.48,1.03,1.61,1.19,6.76,Hybrid : Dynamic Asset Allocation,Nil upto 10% of units and 1% for remaining units on or before 12M Nil after 12M
UTI Banking & PSU Fund-Reg(G),Anurag Mittal,DT-B&PSU,2,806.1,0.54,Open Ended,03-Feb-14,NIFTY Banking and PSU Debt Index,20.98,20.98,19.5,0.54,1.51,3.88,7.6,7.12,8.17,7.2,6.81,0,59,79259,18.31,27.29,0.06,Financials,2.66,2.25,7.33,2.67,5.1,10.23,0.29,0.69,Debt : Banking & PSU,Nil
UTI Banking and Financial Services Fund-Reg(G),Preethi R S,EQ-FIN,1,1170.3,2.2,Open Ended,30-Jul-05,Nifty Financial Services - TRI,173.61,183.03,148.32,-1.3,-5.01,-0.55,11.41,16.02,15.83,10.58,9.49,74,34,207945,67.31,13.35,15.89,Financials,0.94,1.36,6.83,3.23,0.51,0.74,1.06,16.87,Equity : Sectoral - Financial Services,1% on or before 30D Nil after 30D
UTI BSE Housing Index Fund-Reg(G),Sharwan Kumar Goyal,EQ-INDX,1,25.6,0.99,Open Ended,07-Jun-23,BSE Housing - TRI,15.38,16.16,12.17,1.62,-5.81,-4.62,20.07,7.37,12.41,5.93,16.24,51.78,24,86876,38.41,58.25,3.17,Construction,6,0.33,7.11,11.34,0.87,1.3,1.05,19.08,Equity : Index Funds,Nil
UTI BSE Low Volatility Index Fund-Reg(G),Sharwan Kumar Goyal,EQ-INDX,1,540.6,0.91,Open Ended,03-Mar-22,BSE Low Volatility Index - TRI,16.2,18.02,14.4,-0.34,-10.77,-4.27,10.52,20.43,7.18,5.75,14.37,65.29,30,214410,74.71,19.96,5.47,FMCG,9.85,5.76,7.24,3.33,0.59,1,0.69,11.61,Equity : Index Funds,Nil
UTI BSE Sensex ETF,Sharwan Kumar Goyal,EQ-ETF,2,45792.2,0.05,Open Ended,01-Sep-15,BSE SENSEX - TRI,869.01,931.62,756.67,-1.64,-6.69,-0.8,9.84,15.68,12.44,15.22,11.87,10.62,30,684544,99.26,0.72,45.89,Financials,9.19,6.18,6.83,1.79,0.46,0.72,0.99,13.84,Equity : ETFs,Nil
UTI BSE Sensex Index Fund-Reg(G),Sharwan Kumar Goyal,EQ-INDX,4,193.7,0.3,Open Ended,31-Jan-22,BSE SENSEX - TRI,14.18,15.21,12.38,-1.66,-6.76,-0.95,9.52,15.3,15.31,19.26,6.95,22.72,30,684545,99.33,0.72,7.85,Financials,17.07,3.67,7.16,1.11,0.44,0.68,1,13.9,Equity : Index Funds,NIL
UTI BSE Sensex Next 50 ETF,Sharwan Kumar Goyal,EQ-ETF,2,24.6,0.22,Open Ended,08-Mar-19,BSE Sensex Next 50 - TRI,88.19,94.8,68.3,-0.65,-7.83,-0.64,26.52,31.28,21.93,22.14,16.7,24.78,51,122507,65.98,33.84,8.42,Financials,0.01,0.87,6.68,16.96,1.23,1.88,0.99,17.61,Equity : ETFs,Nil
UTI Childrens Equity Fund(G),Vishal Chopda,HY-SOL,5,1121.7,2.25,Open Ended,08-Mar-04,NIFTY 500 - TRI,84.42,91.34,70.82,-1.14,-8.11,-1.16,13.82,19.34,11.14,16.61,12.12,24,57,182563,65.02,23.25,10.09,Financials,0.01,0.01,6.62,4.36,0.77,1.21,1.9,12.84,Hybrid : Solution Oriented,Nil
UTI Childrens Hybrid Fund,Vishal Chopda,HY-SOL,2,4562.1,1.74,Open Ended,12-Jul-93,CRISIL Short Term Debt Hybrid 60+40 Index,39.17,40.22,34.94,-0.25,-2.89,1.92,10.72,12.24,9.01,10.7,8.69,28,59,183363,26.27,9.33,4.06,Financials,10.81,6.66,7.11,2.47,1.15,1.82,1.32,5.51,Hybrid : Solution Oriented,Nil
UTI Conservative Hybrid Fund-Reg(G),Amit Premchandani,HY-DT(CO),3,1649.4,1.81,Open Ended,16-Dec-03,NIFTY 50 Hybrid Composite Debt 15:85 Index,66.75,67.55,59.45,-0.26,-1.36,3.45,11.55,11.5,8.75,9.86,8.36,31,63,181324,15.09,4.53,3.84,Financials,10.84,6.45,7.09,4.31,1.88,2.88,1.01,3.9,Hybrid : Debt Oriented (Conservative),NIL upto 10% of units and 1% for remaining units on or before 12M NIL after 12M
UTI Corporate Bond Fund-Reg(G),Anurag Mittal,DT-CORP,4,4699.3,0.58,Open Ended,08-Aug-18,NIFTY Corporate Bond Index,15.65,15.66,14.51,0.47,1.45,4.01,7.86,7.34,6.01,6.45,13.51,0,82,126944,6.46,1.82,7.82,FMCG,4.88,3.66,7.35,2.52,4.8,9.67,0.41,0.78,Debt : Corporate Bond,Nil
UTI Credit Risk Fund-Reg(G),Ritesh Nambiar,DT-CR,1,316.1,1.65,Open Ended,19-Nov-12,CRISIL Credit Risk Debt Index,16.4,16.4,15.2,0.45,1.58,4.28,7.88,7.21,6.11,0.94,3.05,0,24,230740,76.27,3.21,17.97,Financials,2.92,2.08,8.01,3.02,5.37,12.78,0.26,0.71,Debt : Credit Risk,Nil upto 10% of units and 1% for remaining units on or before 12M Nil after 12M
UTI CRISIL SDL Maturity April 2033 Index Fund-Reg(G),Sunil Patil,DT-LD,3,337.4,0.41,Open Ended,21-Dec-22,CRISIL IBX SDL Index - April 2033,11.84,11.84,10.63,1.02,1.66,4.98,10.77,8.7,6.69,6.08,11.27,0,18,16235,62.88,0.72,34.88,Technology,7.95,5.77,7.25,4.13,3.4,7.44,0.71,1.84,Debt : Long Duration,Nil
UTI CRISIL SDL Maturity June 2027 Index Fund-Reg(G),Sunil Patil,DT-M&LD,4,77.1,0.4,Open Ended,11-Jan-23,CRISIL IBX SDL Index - June 2027,11.51,11.52,10.65,0.54,1.48,3.88,8.24,6.51,16.88,5.57,4.46,0,63,19551,70.14,17.75,11.4,Financials,2.23,1.99,7.08,3.28,5.01,10.83,0.25,0.8,Debt : Medium to Long Duration,Nil
UTI Dividend Yield Fund-Reg(G),Amit Premchandani,EQ-DIV,4,4203.2,2,Open Ended,03-May-05,NIFTY 500 - TRI,176.33,189.77,137.18,-2.46,-7.97,2.33,24.58,30.67,17.56,21.64,13.48,27,55,165585,62.57,13.94,19.42,Financials,3.15,2.42,7.48,15.12,1.4,2.12,0.89,14.04,Equity : Thematic - Dividend Yield,1% before 1Y Nil on or after 1Y
UTI Dynamic Bond Fund-Reg(G),Sudhir Agarwal,DT-DYN,2,555,1.53,Open Ended,23-Jun-10,CRISIL Dynamic Bond Index,29.66,29.72,27.29,0.36,0.84,4.12,8.61,7.32,8.22,8.23,6.76,0,61,86876,50.33,1.24,3.4,Financials,14.35,6.9,7.09,1.49,2.47,4.46,0.97,1.77,Debt : Dynamic Bond,NIL
UTI ELSS Tax Saver Fund-Reg(G),Vishal Chopda,EQ-ELSS,4,3871.5,1.88,Open Ended,01-Aug-05,NIFTY 500 - TRI,205.4,222.01,171.76,-1.11,-8.03,-0.99,14.26,19.85,11.65,17.14,12.28,22,57,182651,65.1,23.25,10.08,Financials,4.07,3.42,7.52,6.05,0.8,1.26,0.85,12.86,Equity : Tax Saving (ELSS),Nil
UTI Equity Savings Fund-Reg(G),V. Srivatsa,HY-EQ,2,641.9,1.66,Open Ended,30-Aug-18,Crisil Equity Savings Index,17.66,17.85,16.02,0.11,-1.31,2.15,9.31,12.64,10.57,11.06,14.59,526,46,347436,63.37,4.23,18.6,Financials,5.15,3.83,6.65,3.07,1.31,2.11,0.66,3.83,Hybrid : Equity Oriented,1% on or before 30D Nil after 30D
UTI Flexi Cap Fund-Reg(G),Ajay Tyagi,EQ-FLEX,4,26298.2,1.66,Open Ended,01-Aug-05,NIFTY 500 - TRI,325.23,338.73,262.51,-0.08,-4.86,4.79,15.17,18.39,6.65,16.27,12.41,7,63,149893,59.13,24.09,12.66,Financials,7.87,2.88,6.79,7.28,0.93,1.55,0.7,11.67,Equity : Flexi Cap,Nil upto 10% of units and 1% for remaining units on or before 1Y Nil after 1Y
UTI Floater Fund-Reg(G),Sudhir Agarwal,DT-FL,3,1430.1,0.81,Open Ended,30-Oct-18,CRISIL Short Duration Debt Index,1439.05,1439.05,1345.43,0.56,1.6,3.41,7,6.89,5.85,5.62,6.16,0,50,58738,44.86,11.82,10.48,Financials,1.62,1.33,7.74,2.67,8.25,17.43,0.1,0.36,Debt : Floater,Nil
UTI Focused Fund-Reg(G),Vishal Chopda,EQ-FLEX,2,2682.8,1.96,Open Ended,25-Aug-21,NIFTY 500 - TRI,15.18,16.96,12.83,-2.41,-10.56,-2.93,13.45,21.75,13.97,5,6.61,25,29,252657,74.84,23.29,19.59,Financials,1.22,5.27,7.38,5.19,0.73,1.14,0.86,13.13,Equity : Flexi Cap,1% upto 1Y Nil on or after 1Y
UTI FTIF-XXXV-I(1260D)(G),Sunil Patil,DT-FMP,2,315,0.29,Closed Ended,14-Nov-22,CRISIL Medium Duration Debt Index,11.61,11.61,10.8,0.62,1.56,3.75,7.46,7.07,21.6,15.6,6.39,0,225,173579,5.68,10.07,3.42,Financials,1.35,0.3,7.09,2.7,5.06,10.99,0.23,0.67,Debt : FTP/FMP,Nil
UTI FTIF-XXXV-II(1223D)(G),Sunil Patil,DT-FMP,1,175.6,1.85,Closed Ended,09-Dec-22,CRISIL Medium Duration Debt Index,11.49,11.49,10.69,0.62,1.56,3.75,7.47,7.06,22.51,13.6,14.47,0,10,21599,56.66,1.24,18.7,Financials,1.36,0.51,7.41,2.7,5.04,11.02,0.23,0.67,Debt : FTP/FMP,1% on or before 365D Nil after 365D
UTI FTIF-XXXV-III(1176D)(G),Sunil Patil,DT-FMP,4,42.6,0.49,Closed Ended,25-Jan-23,CRISIL Medium Duration Debt Index,11.43,11.43,10.65,0.62,1.55,3.68,7.38,24.47,16.19,21.67,14.21,0,92,76687,98.63,9.14,46.03,Financials,1.23,0.42,7.35,2.67,5.46,11.95,0.21,0.6,Debt : FTP/FMP,1% on or before 12M Nil after 12M
UTI FTIF-XXXVI-I(1574D)(G),Sunil Patil,DT-FMP,3,57.6,1.78,Closed Ended,28-Feb-23,CRISIL Short Duration Debt Index,11.53,11.53,10.67,0.54,1.5,4.01,7.94,21.04,5.33,5.28,7.43,0,22,294678,45.59,12.9,22.84,Financials,2.53,0.98,6.93,2.65,3.8,8.05,0.4,1.01,Debt : FTP/FMP,Nil
UTI Gilt Fund with 10 year Constant Duration-Reg(G),Jaydeep Bhowal,DT-GL10Y,2,167.4,0.7,Open Ended,01-Aug-22,Crisil 10 Yr Gilt Index,12,12.02,10.99,0.34,0.83,4.49,9.03,8.09,18.12,6.98,6.44,0,50,76882,61.8,18.82,12.7,Financials,9.85,6.85,6.92,1.31,2.18,3.82,1.16,2.19,Debt : Gilt (10 Yr Constant Duration),Nil
UTI Gilt Fund-Reg(G),Sudhir Agarwal,DT-GILT,2,644.7,0.92,Open Ended,21-Jan-02,CRISIL Dynamic Gilt Index,60.3,60.5,55.32,0.3,0.32,3.95,8.86,7.68,6.07,6.08,7.43,0,30,538944,13.17,31.49,36.93,Capital Goods,23.46,10.28,7.03,0.93,1.99,3.45,1.23,2.31,Debt : Gilt,Nil
UTI Gold ETF,Niranjan Das,GOLD-ETF,3,1468,0.5,Open Ended,10-Apr-07,Gold-India,65.34,67.42,52.3,-0.55,0.59,5.76,19.2,17.28,16.03,13.35,9.81,0,30,126902,63.47,13.57,19.37,Financials,3.59,3.42,7.01,15.88,1.09,1.66,-0.32,13.66,Gold : ETFs,Nil
UTI Gold ETF FoF-Reg(G),Sharwan Kumar Goyal,GOLD-MF,5,147.7,0.56,Open Ended,28-Oct-22,Gold-India,14.82,15.33,11.94,-0.13,0.99,5.78,19.63,16.84,15.35,6,13.92,0,59,19552,77.25,1.1,19.08,Financials,3.08,1.42,7.33,14.52,1.22,2.04,0.23,12.46,Gold : MFs,1% on or before 15D Nil after 15D
UTI Healthcare Fund-Reg(G),Kamal Gada,EQ-PHRM,3,1203.2,2.24,Open Ended,01-Aug-05,BSE Health Care - TRI,295.3,295.3,209.03,2.15,1,24.04,42.19,41.11,20.3,28.07,13.29,30,41,45329,28.65,25.09,44.15,Healthcare,3.56,2.81,6.64,30.92,2.7,4.92,0.46,12.33,Equity : Sectoral - Pharma,1% on or before 30D Nil after 30D
UTI India Consumer Fund-Reg(G),Vishal Chopda,EQ-CONS,2,715.4,2.44,Open Ended,30-Jul-07,Nifty India Consumption - TRI,58.58,65.38,46.25,-1.08,-10.69,0.94,20.84,23,13.89,16.56,11.33,31,45,135337,71.02,14.42,12.47,FMCG,8.64,5,7.03,12.37,1.26,2.24,0.69,12.61,Equity : Thematic - Consumption,1% on or before 30D Nil after 30D
UTI Infrastructure Fund-Reg(G),Sachin Trivedi,EQ-INFRA,2,2252.4,2.18,Open Ended,19-Apr-04,Nifty Infrastructure - TRI,139.35,153.85,115.51,-1.54,-9.89,-6.63,18.91,28.37,21.8,20.63,12.38,15,55,147608,62.44,15.69,17.58,Energy,0.3,1.21,5.27,9.6,0.82,1.14,1.13,18.67,Equity : Sectoral - Infrastructure,1% on or before 30D Nil after 30D
UTI Innovation Fund-Reg(G),Ankit Agarwal,EQ-THEM,1,842.5,2.28,Open Ended,13-Oct-23,NIFTY 500 - TRI,12.67,13.24,9.9,2.73,-3.68,7.32,19.03,20.33,6.21,15.71,15.94,11,26,29955,15.64,32.11,45.11,Technology,1.73,9.6,6.67,11.49,0.92,1.47,0.75,16.71,Equity : Thematic,1% on or before 12M Nil after 12M
UTI Large & Mid Cap Fund-Reg(G),V. Srivatsa,EQ-L&M,4,4048.3,1.95,Open Ended,20-May-09,NIFTY LargeMidcap 250 - TRI,178.24,187.87,136.83,-0.08,-5.82,3.25,27.01,31.48,22.02,23.22,14.08,43,64,115434,45.43,33.93,15.02,Financials,0.11,5.72,6.94,17.24,1.55,2.3,0.89,13.98,Equity : Large & Mid Cap,1% before 1Y Nil on or after 1Y
UTI Large Cap Fund-Reg(G),Karthikraj Lakshmanan,EQ-LC,4,12859.8,1.74,Open Ended,03-Aug-05,BSE 100 - TRI,266.93,289.76,229.97,-1.1,-7.87,-1.31,11.83,16.87,10.43,15.5,11.61,38,60,345814,84.1,12.38,0.81,Financials,2.97,3.35,7.17,3.63,0.64,1,0.86,12.38,Equity : Large Cap,Nil upto 10% of units and 1% for remaining units on or before 1Y Nil after 1Y
UTI Liquid Fund-Reg(G),Amit Sharma,DT-LIQ,3,25219.1,0.24,Open Ended,10-Dec-03,Nifty Liquid Fund Index,4140.76,4140.76,3858.59,0.59,1.74,3.54,7.33,7.17,6.4,5.32,6.32,0,194,85068,99.11,33.39,36.72,Capital Goods,0.16,0.16,7.22,0.73,10.28,5.42,0.42,0.07,Debt : Liquid,0.007% for Day 1 0.0065% on Day 2 0.0060% on Day 3 0.0055% on Day 4 0.0050% on Day 5 0.0045% on Day 6 NIL after 7D
UTI Long Duration Fund-Reg(G),Sunil Patil,DT-LD,4,118.7,1.5,Open Ended,17-Mar-23,NIFTY Long Duration Debt Index,11.59,11.66,10.47,0.15,-0.4,3.21,10.31,13.39,7.65,28.17,12.68,0,105,47588,45.72,29.09,23.74,Financials,35.07,11.99,7.09,0.91,1.86,3.34,1.66,3.15,Debt : Long Duration,NIL
UTI Low Duration Fund-Reg(G),Anurag Mittal,DT-LOWD,4,3504.6,0.45,Open Ended,23-Apr-07,NIFTY Low Duration Debt Index,3409.26,3409.26,3167.33,0.61,1.75,3.82,7.65,7.39,6.42,7.08,6.26,0,56,14049,65.02,23.86,35.67,Financials,1.07,0.94,7.68,3.35,10.33,21.01,0.09,0.35,Debt : Low Duration,Nil
UTI Medium Duration Fund-Reg(G),Ritesh Nambiar,DT-MD,1,40.3,1.5,Open Ended,31-Mar-15,NIFTY Medium Duration Debt Index,17.53,17.53,16.28,0.51,1.27,3.99,7.62,6.99,5.46,4.48,14.2,0,57,62881,45.43,12.38,2.14,Financials,4.7,3.45,7.48,1.99,3.77,7.06,0.5,0.93,Debt : Medium Duration,Nil upto 10% of units and 1% for remaining units on or before 12M Nil after 12M
UTI Medium to Long Duration Fund-Reg(G),Sunil Patil,DT-M&LD,1,314.2,1.62,Open Ended,17-Jun-98,CRISIL Medium to Long Term Debt Index,70.3,70.4,64.72,0.31,0.84,4.06,8.47,7.38,8.2,6.96,5.59,0,59,14677,98.74,18.25,1.62,Financials,10.47,6.65,7.36,1.29,2.33,4.13,0.99,1.82,Debt : Medium to Long Duration,NIL
UTI MEPUS,Karthikraj Lakshmanan,EQ-ELSS,2,2959.6,1.83,Closed Ended,28-Mar-03,BSE 100 - TRI,223.42,243.21,192.64,-1.22,-8.15,-1.7,11.9,17.02,11.67,14.84,11.4,37.64,62,332176,83.09,12.23,2.47,Financials,14.57,2,7.54,3.73,0.65,1.01,0.85,12.35,Equity : Tax Saving (ELSS),Nil
UTI Mid Cap Fund-Reg(G),Ankit Agarwal,EQ-MID,4,12029,1.75,Open Ended,30-Jul-05,Nifty Midcap 150 - TRI,308.63,324.49,241.37,0.06,-5.73,2.07,23.45,27.65,17.43,24.93,14.94,38,87,46491,7.88,64.34,24.08,Financials,25.6,6.95,6.99,14.79,1.27,1.93,0.8,14.79,Equity : Mid Cap,1% on or before 1Y Nil after 1Y
UTI MNC Fund-Reg(G),Karthikraj Lakshmanan,EQ-MNC,4,2981.4,2.02,Open Ended,14-Oct-98,NIFTY MNC - TRI,397.29,430.65,330.98,-0.66,-8.97,-2.75,16.9,20.81,12.78,14.94,11.25,38,48,55376,36.18,26.26,32.7,Automobile and Ancillaries,3.07,0.38,7.41,9.68,1.08,1.69,0.61,11.84,Equity : Thematic - MNC,1% on or before 1Y Nil after 1Y
UTI Money Market Fund-Reg(G),Amit Sharma,DT-MM,3,16371.6,0.23,Open Ended,09-Jul-09,CRISIL Money Market Index,2965.92,2965.92,2754.44,0.64,1.81,3.72,7.7,7.57,6.69,5.96,6.82,0,34,555827,86.91,72.78,23.09,Financials,0.41,0.41,7.41,3.58,11.1,23.01,0.03,0.33,Debt : Money Market,Nil
UTI Multi Asset Allocation Fund-Reg(G),Sharwan Kumar Goyal,HY-MULTI,3,4682.3,1.78,Open Ended,17-Dec-08,CRISIL Composite Bond Index,72.6,74.75,59.34,0.62,-3.28,3.76,21.05,25.55,18.12,15.71,9.94,293,89,269441,54.31,13.41,0.15,Technology,5.01,3.57,6.9,12.02,1.87,2.85,1.27,8.43,Hybrid : Multi Asset Allocation,1% on or before 30D Nil after 30D
UTI Nifty 10 yr Benchmark G-Sec ETF,Jaydeep Bhowal,DT-ETF,1,21.9,0.25,Open Ended,29-Jan-24,Nifty 10 yr Benchmark G-Sec,24.48,24.55,22.44,0.4,1.03,4.68,22.96,6.7,5.77,22.95,10.35,536.79,54,148434,98.76,7.86,3.17,Financials,15.22,0.41,7.31,19.96,11.1,6.63,0.36,16.29,Debt : ETFs,0.10% on or before 15D Nil after 15D
UTI Nifty 5 yr Benchmark G-Sec ETF,Jaydeep Bhowal,DT-ETF,1,21.5,0.2,Open Ended,29-Jan-24,Nifty 5 yr Benchmark G-Sec Index TRI,59.24,59.24,54.88,0.49,1.22,4.53,6.59,36.19,6.03,5.62,5.99,549.07,50,221538,44.35,21.35,4.78,Financials,3.28,2.79,7.21,1.69,0.22,1.86,1.12,12.93,Debt : ETFs,Nil upto 5% of units and 1% for remaining units on or before 30D Nil after 30D
UTI Nifty 50 ETF,Sharwan Kumar Goyal,EQ-ETF,4,59666.8,0.05,Open Ended,01-Sep-15,NIFTY 50 - TRI,262.84,284.46,228.39,-1.61,-7.82,-1.24,10.39,16.49,12.91,15.68,16.7,13.44,50,555827,98.74,1.25,3.26,Financials,7.54,3.45,6.94,2.32,0.5,0.76,0.99,13.91,Equity : ETFs,Nil
UTI Nifty 50 Index Fund-Reg(G),Sharwan Kumar Goyal,EQ-INDX,5,20082.9,0.25,Open Ended,04-Mar-00,NIFTY 50 - TRI,164.97,178.65,143.77,-1.63,-7.88,-1.36,10.05,16.12,12.58,15.38,12.04,7,50,555827,98.8,1.25,3.08,Financials,0.37,7.64,7.12,1.61,0.48,0.73,1,13.97,Equity : Index Funds,Nil
UTI Nifty 500 Value 50 Index Fund-Reg(G),Sharwan Kumar Goyal,EQ-INDX,3,510.4,1.03,Open Ended,10-May-23,NIFTY500 Value 50 - TRI,18.64,21.22,15.34,-5.24,-13.19,-8.73,18.66,24.57,9.57,19.18,16.24,69.96,51,111993,63.71,19.91,15.66,Energy,12.9,2.41,6.91,10.46,0.69,0.97,1.37,25.15,Equity : Index Funds,Nil
UTI Nifty Alpha Low-Volatility 30 Index Fund-Reg(G),Sharwan Kumar Goyal,EQ-INDX,1,1359.6,0.43,Open Ended,28-Nov-24,NIFTY Alpha Low-Volatility 30 - TRI,10.06,10.3,9.88,-0.94,-5.34,-8.55,21.09,15.25,14.15,6.85,10.12,22,74,119680,83.84,13.58,17.16,Financials,1.95,2.12,7.22,18.24,0.99,1.64,1.9,12.1,Equity : Index Funds,Nil
UTI Nifty Bank ETF,Sharwan Kumar Goyal,EQ-ETF,5,3529.7,0.16,Open Ended,03-Sep-20,NIFTY BANK,52.84,55.7,45.59,-1.93,-3.54,-2.67,6.66,10.1,14.1,24.93,9.83,27.78,12,538946,86.42,13.58,15.41,Financials,1,4.84,8.01,-1.21,0.22,0.32,1.08,17.43,Equity : ETFs,Nil upto 10% of units and 1% for remaining units on or before 3M Nil after 3M
UTI Nifty IT ETF,Sharwan Kumar Goyal,EQ-ETF,2,6,0.19,Open Ended,25-Jan-24,NIFTY IT - TRI,450.01,466.75,325.98,0.51,2.73,18.36,15.79,22.02,15.31,17.6,14.08,27.49,10,429406,83.83,16.16,5.51,Technology,3.78,3.56,7.24,4.61,0.79,18.97,0.89,19.46,Equity : ETFs,Nil upto 10% of units and 1% for remaining units on or before 12M Nil after 12M
UTI Nifty Midcap 150 ETF,Sharwan Kumar Goyal,EQ-ETF,4,7.5,0.25,Open Ended,30-Aug-23,Nifty Midcap 150 - TRI,215.43,225.65,169.57,1.62,-5.03,1.2,24.15,19.79,5.86,5.27,11.7,63.45,151,58766,6.44,86.67,6.78,Financials,7.95,1.55,7.44,15.52,1.14,1.64,0.96,17.54,Equity : ETFs,Nil
UTI Nifty Midcap 150 Index Fund-Reg(G),Sharwan Kumar Goyal,EQ-INDX,4,8411.7,1.09,Open Ended,28-Nov-24,Nifty Midcap 150 - TRI,10.28,10.49,10,1.72,1.75,3.95,21.36,7.68,16.78,7.2,8.79,14,30,60175,99.19,14.62,10.77,Financials,3.16,2.76,5.75,28.63,0.77,2.88,0.84,1.67,Equity : Index Funds,Nil
UTI Nifty Midcap 150 Quality 50 Index Fund-Reg(G),Sharwan Kumar Goyal,EQ-INDX,1,250.6,0.88,Open Ended,11-Apr-22,NIFTY Midcap150 Quality 50 - TRI,14.34,15.2,11.51,-0.23,-6.25,-0.86,19.21,23.72,12.36,5.76,14.97,41.81,50,51216,6.94,75.04,17.97,Technology,3.91,4.41,7.21,11.24,1.02,1.6,0.8,14.9,Equity : Index Funds,Nil
UTI Nifty Next 50 Index Fund-Reg(G),Sharwan Kumar Goyal,EQ-INDX,4,4872.9,0.8,Open Ended,28-Jun-18,NIFTY NEXT 50 - TRI,24.56,27.64,18.95,-3.43,-11.64,-5.45,27.66,27.67,17.75,19.26,9.39,44,50,143043,88.29,11.77,4.57,Financials,1.58,0.41,7.09,17.19,1.14,1.65,1.14,20.18,Equity : Index Funds,Nil
UTI Nifty Private Bank Index Fund-Reg(G),Sharwan Kumar Goyal,EQ-INDX,2,155.4,1.04,Open Ended,20-Sep-24,Nifty Private Bank - TRI,9.35,10.12,9.1,-1.81,-6.18,6.3,7.78,-5.93,17.4,29.64,17.43,19.3,10,417376,83.44,13.62,3.09,Financials,3.62,4.24,7.38,4.79,0.74,3.46,1.24,16.7,Equity : Index Funds,Nil
UTI Nifty SDL Plus AAA PSU Bond Apr 2026 75:25 Index Fund-Reg(G),Sunil Patil,DT-MD,4,177.8,0.41,Open Ended,10-Feb-23,Nifty SDL Plus AAA PSU Bond Apr 2026 75:25 Index,11.43,11.43,10.62,0.55,1.59,3.71,7.6,7.33,5.89,13.62,6.81,0,50,347593,15.05,86.56,66.15,Financials,1.16,1.06,7.23,3.05,6.41,15.32,0.15,0.55,Debt : Medium Duration,Nil
UTI Nifty SDL Plus AAA PSU Bond Apr 2028 75:25 Index Fund-Reg(G),Sunil Patil,DT-M&LD,4,40.1,0.4,Open Ended,03-Mar-23,Nifty SDL Plus AAA PSU Bond Apr 2028 75:25 Index,11.51,11.51,10.62,0.44,1.41,4.11,8.24,26.07,13.96,15.91,7.66,0,30,189521,50.73,30.68,2.87,Financials,3.17,2.69,7.23,2.97,3.97,8.34,0.36,1.02,Debt : Medium to Long Duration,Nil
UTI Nifty200 Momentum 30 Index Fund-Reg(G),Sharwan Kumar Goyal,EQ-INDX,1,8333.8,0.92,Open Ended,10-Mar-21,Nifty200 Momentum 30 - TRI,22.74,25.81,18.54,-3.66,-12.61,-7.42,20.67,31.38,17.64,4.81,8.03,84,30,199220,87.17,12.92,22.62,Automobile and Ancillaries,32.99,12.09,7.16,11.52,0.8,1.18,1.24,22.1,Equity : Index Funds,Nil
UTI Nifty200 Quality 30 Index Fund-Reg(G),Sharwan Kumar Goyal,EQ-INDX,5,366.4,1.04,Open Ended,20-Sep-24,NIFTY200 Quality 30 - TRI,9.12,10.12,8.88,-2.18,-10.89,3.34,8.06,23.92,7.09,17.8,14.08,0,30,210990,75.71,23.89,0.94,Technology,25.36,2.13,5.27,3.63,4.06,2.43,1.14,0.33,Equity : Index Funds,Nil
UTI NIFTY50 Equal Weight Index Fund-Reg(G),Sharwan Kumar Goyal,EQ-INDX,3,90.5,1.04,Open Ended,07-Jun-23,NIFTY50 Equal Weight - TRI,13.71,15.35,12.01,-1.61,-11.76,-3.18,9.74,7.17,12.63,6.44,6.92,33.27,50,290185,96.57,3.67,19.46,Financials,5.22,0.41,7.2,1.64,0.45,0.7,0.96,14.33,Equity : Index Funds,Nil
UTI Overnight Fund-Reg(G),Ritesh Nambiar,DT-ON,4,6024.9,0.11,Open Ended,09-Dec-03,CRISIL Liquid Overnight Index,3405.74,3405.74,3193.39,0.55,1.62,3.26,6.67,6.65,5.98,4.87,5.78,0,501,538946,87.02,18.19,91.99,Financials,0.1,1.33,6.48,0.3,35.75,2.23,1.2,0.01,Debt : Overnight,Nil
UTI Quant Fund-Reg(G),Sharwan Kumar Goyal,EQ-THEM,2,304.9,0.11,Open Ended,11-Feb-19,BSE 200 - TRI,18.54,11.1,231.4,1.03,7.06,5.1,9.16,35.31,21.74,14.82,3.34,42,50,363477,37.72,10.07,20.19,Financials,0.01,0.66,4.24,1.74,3.57,1.98,0.61,15.39,Equity : Thematic,1% on or before 90D Nil after 90D
UTI Quarterly Interval Fund-I-(G),Sunil Patil,DT-FMP,4,9.7,2.22,Interval,15-Jun-07,CRISIL Liquid Debt Index,32.91,32.91,30.81,0.55,1.55,3.18,6.84,6.66,5.97,4.75,5.84,0,101,24607,0.99,30.76,32.17,Financials,0.05,1.38,7.29,2.77,10.02,20.41,0.01,0.28,Debt : FTP/FMP,Nil
UTI Quarterly Interval Fund-II-(G),Sunil Patil,DT-FMP,5,2.2,1.94,Interval,31-Jul-08,CRISIL Liquid Debt Index,29.56,29.56,27.77,0.53,1.5,3.07,6.47,6.47,5.82,4.66,5.87,0,501,15797,15.27,15.47,38.23,Automobile and Ancillaries,0.01,4.42,7.71,2.39,9.1,18.97,0.01,0.27,Debt : FTP/FMP,Nil
UTI Quarterly Interval Fund-III-(G),Sunil Patil,DT-FMP,5,8.8,2.13,Interval,27-Aug-08,CRISIL Liquid Debt Index,30.06,30.06,28.15,0.57,1.58,3.23,6.82,6.78,6.03,4.8,5.98,0,88,232350,14.89,6.88,2.01,Financials,0.04,2.12,7.04,2.75,9.26,21.58,0.02,0.3,Debt : FTP/FMP,Nil
UTI Retirement Fund,V. Srivatsa,HY-SOL,2,4646.5,1.66,Open Ended,27-Dec-94,CRISIL Short Term Debt Hybrid 60+40 Index,48.36,49.19,41.88,0.05,-1.9,3.6,14.52,15.79,12.26,13.37,9.54,35,65,157743,22.94,8.71,6.39,Financials,10.72,6.61,7.12,6.1,1.68,2.48,1.31,5.92,Hybrid : Solution Oriented,1% upto 1Y Nil on or after 1Y
UTI Short Duration Fund-Reg(G),Sudhir Agarwal,DT-SD,4,2639.7,0.84,Open Ended,18-Sep-07,CRISIL Short Duration Debt Index,30.38,30.39,28.18,0.55,1.54,3.99,7.89,7.38,6.17,7.44,6.32,0,32,555827,99.26,5.29,22.82,FMCG,3.24,2.38,7.51,2.97,6.09,12.52,0.27,0.62,Debt : Short Duration,Nil
UTI Silver ETF,Niranjan Das,GOLD-ETF,3,151.8,0.53,Open Ended,17-Apr-23,Silver,85.64,97.65,69.09,-4.33,-5.68,-3.93,13.76,21.61,5.76,19.55,14.79,99.27,50,216796,98.71,23.96,6.74,Automobile and Ancillaries,0.36,3.76,7.27,10.46,0.52,0.89,0.63,23.71,Gold : ETFs,0.25% on or before 15D Nil after 15D
UTI Silver ETF FoF-Reg(G),Sharwan Kumar Goyal,FOF-DOM,4,40.3,0.5,Open Ended,21-Apr-23,Silver,11.39,12.88,9.15,-3.34,-4.36,-3.62,15.81,6.93,6.18,4.81,7.56,77,77,146564,11.99,3.09,15.08,Financials,0.29,0.4,7.59,12.02,0.6,1.05,0.52,22.75,FoFs : Domestic,1% on or before 15D Nil after 15D
UTI Small Cap Fund-Reg(G),Ankit Agarwal,EQ-SML,1,4650.6,1.85,Open Ended,22-Dec-20,Nifty Smallcap 250 - TRI,27.22,27.66,19.41,1.62,-0.59,8.78,27.38,31.68,20.08,22.51,6.24,40,91,15797,43.22,14.62,82.15,Financials,0.11,3.81,14.04,18.22,1.34,2.02,0.8,16.57,Equity : Small Cap,1% on or before 1Y Nil after 1Y
UTI Transportation & Logistics Fund-Reg(G),Sachin Trivedi,EQ-AUTO,3,3471.9,1.95,Open Ended,16-Apr-04,Nifty Transportation & Logistics - TRI,257.2,292.85,206.29,-1.27,-13.32,-8.31,19.98,31.08,25.55,22.14,11.63,16,37,131115,73.84,10.07,12.7,Automobile and Ancillaries,15.45,2.16,6.92,11.21,0.96,1.51,0.9,16.45,Equity : Sectoral - Auto,1% on or before 30D Nil after 30D
UTI ULIP(G),Sunil Patil,HY-DT(BA),2,5463.2,1.64,Open Ended,01-Oct-71,NIFTY 50 Hybrid Composite Debt 50:50 Index,40.73,41.05,35.68,0.26,-1.19,4.83,11.76,12.17,7.09,9.86,8.09,6,69,153981,23.61,9.81,4.6,Financials,10.72,6.63,7.12,3.83,1.46,2.48,1.15,4.95,Hybrid : Debt Oriented (Balanced),2% on or before maturityNil after maturity
UTI Ultra Short Duration Fund-Reg(G),Ritesh Nambiar,DT-USD,3,3038.7,0.94,Open Ended,29-Aug-03,NIFTY Ultra Short Duration Debt Index,4092.54,4092.54,3819.17,0.59,1.69,3.49,7.17,6.96,6.05,5.89,6.36,0,178,92479,64.26,8.9,4.21,FMCG,0.46,0.43,7.59,3.05,10.7,21.71,0.03,0.29,Debt : Ultra Short Duration,Nil
UTI Value Fund-Reg(G),Amit Premchandani,EQ-VAL,3,10159.1,1.82,Open Ended,20-Jul-05,NIFTY 500 - TRI,165.82,177.8,129.26,-2.08,-7.44,1.72,23.41,25.65,18.27,20.55,12.99,34,63,173579,63.36,19.04,15.97,Financials,10.81,3.66,4.99,13.78,1.33,2.01,0.91,13.83,Equity : Value / Contra,Nil upto 10% of units and 1% for remaining units on or before 1Y Nil after 1Y
UTI-Nifty Next 50 ETF,Sharwan Kumar Goyal,EQ-ETF,4,2467.3,0.15,Open Ended,04-Aug-17,NIFTY NEXT 50,73.5,82.59,56.34,-3.39,-11.5,-5.12,28.57,28.56,18.58,20.14,12.9,39.24,50,143043,88.21,11.76,15.33,Financials,0.72,8.71,7,18.27,1.17,1.7,1.14,20.15,Equity : ETFs,Nil
WOC Arbitrage Fund-Reg(G),Ramesh Mantri,HY-ARB,5,133.9,1.14,Open Ended,09-Sep-24,Nifty 50 Arbitrage - TRI,10.2,10.2,10,0.69,1.69,-2.09,2.42,15.73,7.63,5.85,7.98,0,51,283413,61.46,10.75,1.87,Financials,0.29,0.27,6.97,14.84,2.27,5.23,0.99,0.67,Hybrid : Arbitrage,0.25% on or before 7D Nil after 7D
WOC Balanced Advantage Fund-Reg(G),Ramesh Mantri,HY-DYN,1,1272.6,2.11,Open Ended,10-Feb-23,CRISIL Hybrid 50+50 - Moderate Index,13.89,13.98,11.68,0.31,-0.84,5.12,17.18,8.96,12.37,6.03,7.78,332,89,209477,50.5,6.42,9.4,Financials,4.07,2.92,7.33,7.89,1.52,2.26,1.55,8.17,Hybrid : Dynamic Asset Allocation,1% on or before 1M Nil after 1M
WOC Balanced Hybrid Fund-Reg(G),Ramesh Mantri,HY-DYN,4,154.1,2.14,Open Ended,27-Oct-23,CRISIL Hybrid 50+50 - Moderate Index,12.58,12.78,10.71,0.09,-1.77,4.33,15.75,6.96,13.08,5.58,15.42,103,96,148596,35.67,6.93,11.4,Financials,4.83,3.49,7.15,6.98,1.4,2.07,1.52,8.23,Hybrid : Dynamic Asset Allocation,1% on or before 1M Nil after 1M
WOC Banking & Financial Services Fund-Reg(G),Trupti Agrawal,EQ-FIN,5,301.9,2.39,Open Ended,06-Feb-24,Nifty Financial Services - TRI,11.67,11.94,9.53,1.17,-2.15,3.93,6.38,10.12,19.94,7.94,5.76,42,37,175786,53.1,8.79,24.28,Financials,10.57,5.79,7.29,16.53,9.6,17.24,0.61,19.13,Equity : Sectoral - Financial Services,1% on or before 1M Nil after 1M
WOC Digital Bharat Fund-Reg(G),Ramesh Mantri,EQ-TECH,2,278.2,2.37,Open Ended,11-Oct-24,BSE TECk Index - TRI,10.93,10.93,9.48,6.67,0.56,3.82,7.09,32.71,26.17,7.43,6.32,2,27,91141,42.85,18.42,33.4,Technology,3.33,8.49,6.99,0.83,7.06,1.02,0.36,14.38,Equity : Sectoral - Technology,1% on or before 1M Nil after 1M
WOC ELSS Tax Saver Fund-Reg(G),Ramesh Mantri,EQ-ELSS,5,308.5,2.34,Open Ended,14-Oct-22,BSE 500 - TRI,17.57,17.85,13.25,0.89,-0.23,8.77,29.16,31.32,10.44,29.69,5.94,42,138,77265,47.81,14.14,35.66,Financials,27.67,0.37,7.52,18.62,1.58,2.33,0.9,14.66,Equity : Tax Saving (ELSS),Nil
WOC ESG Best-In-Class Strategy Fund-Reg(G),Ramesh Mantri,EQ-THEM,4,59.3,2.36,Open Ended,30-Oct-24,NIFTY100 ESG - TRI,10.33,10.5,9.73,0.25,1.1,-1.32,6.58,31.78,12.36,6.45,13.64,31,58,177220,61.88,14.14,15.05,Financials,2.39,0.01,7.04,3.02,0.6,2.13,1.03,0.14,Equity : Thematic,1% on or before 1M Nil after 1M
WOC Flexi Cap Fund-Reg(G),Ramesh Mantri,EQ-FLEX,1,4326,1.84,Open Ended,02-Aug-22,BSE 500 - TRI,17.31,17.55,13.51,0.78,-1.99,6.74,24.47,28.43,17.74,17.21,6.75,143,120,112125,53.38,11.58,26.44,Financials,0.01,0.15,14.04,14.77,1.35,1.98,0.91,14.33,Equity : Flexi Cap,1% on or before 1M Nil after 1M
WOC Large & Mid Cap Fund-Reg(G),Ramesh Mantri,EQ-L&M,4,1537.5,2.04,Open Ended,22-Dec-23,BSE 250 LargeMidCap Index - TRI,13,13.23,10.08,1.16,-2.19,5.2,26.24,7.48,13.36,4.95,16.45,33,114,147707,54.02,33.42,7.34,Financials,0.39,2.25,7.85,16,1.38,2.04,0.95,15.04,Equity : Large & Mid Cap,1% on or before 1M Nil after 1M
WOC Large Cap Fund-Reg(G),Ramesh Mantri,EQ-LC,1,661.4,2.32,Open Ended,01-Dec-22,BSE 100 - TRI,14.56,15.26,11.64,-0.8,-4.63,2.68,21.36,23.09,25.1,4.71,15.87,131,66,289129,80.49,7.21,5.39,Financials,0.46,0.34,7.06,11.82,1.15,1.72,0.98,14.56,Equity : Large Cap,1% on or before 1M Nil after 1M
WOC Liquid Fund-Reg(G),Piyush Baranwal,DT-LIQ,2,273.2,0.29,Open Ended,17-Jan-19,CRISIL Liquid Debt Index,1358.47,1358.47,1266.81,0.58,1.72,3.49,7.25,7.04,6.18,5,6.97,0,20,408754,52.84,18.99,91.98,Financials,0.14,0.13,7.06,1.66,10.62,13.06,0.86,0.16,Debt : Liquid,0.007% for Day 1 0.0065% on Day 2 0.0060% on Day 3 0.0055% on Day 4 0.0050% on Day 5 0.0045% on Day 6 NIL on or after 7D
WOC Mid Cap Fund-Reg(G),Ramesh Mantri,EQ-MID,3,2676.2,1.92,Open Ended,07-Sep-22,BSE 150 MidCap - TRI,19.48,19.57,14.17,3.01,1.14,10.65,34.49,38.57,10.81,13.23,13.11,183,117,49147,15.52,61.44,17.52,Financials,6.85,6.65,8.28,22.96,1.72,2.55,0.88,15.95,Equity : Mid Cap,1% on or before 1M Nil after 1M
WOC Multi Asset Allocation Fund-Reg(G),Ramesh Mantri,HY-MULTI,1,1053.4,1.91,Open Ended,19-May-23,CRISIL Short Term Bond Index,13.01,13.11,10.99,0.4,0.88,6.16,17.8,22.96,18.5,5.39,11.29,303,92,284558,27.64,2.92,4.22,Financials,2.91,2.13,7.18,10.68,2.41,3.77,0.84,5.46,Hybrid : Multi Asset Allocation,1% on or before 1M Nil after 1M
WOC Multi Cap Fund-Reg(G),Ramesh Mantri,EQ-MLC,5,1397.9,2.07,Open Ended,22-Sep-23,Nifty500 Multicap 50:25:25 - TRI,14.93,15.15,11.32,1.14,-0.43,8.65,29.52,6.85,18.02,4.45,9.47,128,165,68890,38.64,23.86,31.42,Financials,2.41,1.28,7.07,19.03,1.58,2.3,0.89,14.88,Equity : Multi Cap,1% on or before 1M Nil after 1M
WOC Pharma and Healthcare Fund-Reg(G),Ramesh Mantri,EQ-PHRM,2,254.1,2.39,Open Ended,06-Feb-24,BSE Health Care - TRI,13.88,13.88,9.51,4.43,5.88,29.52,15.15,11.33,11.03,20.88,6.95,10,41,46957,21.22,28.81,36.66,Healthcare,0.4,3.32,7.62,23.49,4.58,13.06,1.08,0.89,Equity : Sectoral - Pharma,1% on or before 1M Nil after 1M
WOC Quality Equity Fund-Reg(G),Ramesh Mantri,EQ-THEM,4,2293,1.13,Open Ended,15-Jan-19,BSE Quality Index - TRI,40.08,1000.54,10,-0.52,-3.5,-5.18,19.18,7.2,19.51,5.7,12.12,136,41,199229,12.05,16.52,23.79,Technology,2.86,0.41,6.89,10.18,1.47,3.64,0.4,0.16,Equity : Thematic,1% on or before 1M Nil after 1M
WOC Special Opp Fund-Reg(G),Dheeresh Pathak,EQ-THEM,2,672.1,2.31,Open Ended,04-Jun-24,BSE 500 - TRI,12.69,12.89,10,2.16,-0.71,10.57,17.44,5.13,21.51,10.7,6.32,13,60,62264,32.69,13.99,36.93,Financials,9.99,3.66,7.48,2.14,11.09,0.38,0.03,0.69,Equity : Thematic,1% on or before 1M Nil after 1M
WOC Ultra Short Duration Fund-Reg(G),Piyush Baranwal,DT-USD,3,319.1,1.03,Open Ended,06-Jun-19,CRISIL Ultra Short Term Debt Index,1316.18,1316.18,1231.92,0.6,1.66,3.33,6.86,6.62,5.72,4.93,13.15,0,80,210990,50.63,29.55,20.57,Technology,0.44,0.4,7.49,2.75,9.7,20.41,0.03,0.29,Debt : Ultra Short Duration,Nil
Zerodha Gold ETF,Shyam Agarwal,GOLD-ETF,2,126.2,0.31,Open Ended,26-Feb-24,Gold-India,12.26,12.68,10,-0.15,1.33,6.35,9.86,33.42,16.05,5.91,6.78,27.76,30,14874,0.5,9.97,7.84,Financials,0.14,1.76,7.7,2.92,1.1,5.58,1.03,1.26,Gold : ETFs,0.25% on or before 15D
Zerodha Nifty 100 ETF,Kedarnath Mirajkar,EQ-ETF,1,30,0.22,Open Ended,12-Jun-24,NIFTY 100 - TRI,10.32,11.22,9.95,-1.83,-8.4,-1.86,13.36,6.97,16.88,22.86,11.44,2,100,437220,96.85,3.08,8.7,Financials,0.48,3.59,7.03,8.32,0.96,3.85,0.07,19.99,Equity : ETFs,0.20% on or before 15D Nil after 15D
Zerodha Nifty 1D Rate Liquid ETF,Apurv Parikh,DT-ETF,2,3249.5,0.26,Open Ended,17-Jan-24,Nifty 1D Rate Index,106.25,106.25,100,0.53,1.56,3.14,39.88,7.41,16.07,5.8,9.18,0,27,233584,51.84,6.98,31.7,Financials,0.01,0.4,7.15,1.44,1.03,4.52,0.15,0.53,Debt : ETFs,Nil
Zerodha Nifty Midcap 150 ETF,Kedarnath Mirajkar,EQ-ETF,5,35.2,0.18,Open Ended,12-Jun-24,Nifty Midcap 150 - TRI,10.61,11.1,9.88,1.66,-4.91,1.44,17.99,39.28,22.93,10.87,9.92,14,151,58766,6.44,86.73,6.76,Financials,0.43,8.39,7.01,19.81,0.74,1.08,1,12.29,Equity : ETFs,0.10% on or before 30D Nil after 30D
